persona_id,run_index,age,age_group,position,skill_level,coach_relationship,teammate_relationship,bullying,parent_support,current_mood,stress_level,overall_satisfaction,Q1_sat,Q1_imp,Q2_sat,Q2_imp,Q3_sat,Q3_imp,Q4_sat,Q4_imp,Q5_sat,Q5_imp,Q6_sat,Q6_imp,Q7_sat,Q7_imp,Q8_sat,Q8_imp,Q9_sat,Q9_imp,Q10_sat,Q10_imp,Q11_sat,Q11_imp,Q12_sat,Q12_imp,Q13_sat,Q13_imp,Q14_sat,Q14_imp,Q15_sat,Q15_imp,Q16_sat,Q16_imp,Q17_sat,Q17_imp,Q18_sat,Q18_imp,Q19_sat,Q19_imp,Q20_sat,Q20_imp,Q21_sat,Q21_imp,Q22_sat,Q22_imp,Q23_sat,Q23_imp,Q24_sat,Q24_imp,Q25_sat,Q25_imp,Q26_sat,Q26_imp,Q27_sat,Q27_imp,Q28_sat,Q28_imp,Q29_sat,Q29_imp,Q30_sat,Q30_imp,Q31_sat,Q31_imp,Q32_sat,Q32_imp,Q33_sat,Q33_imp,Q34_sat,Q34_imp,Q35_sat,Q35_imp,Q36_sat,Q36_imp,Q37_sat,Q37_imp,Q38_sat,Q38_imp,Q39_sat,Q39_imp,Q40_sat,Q40_imp,Q41_sat,Q41_imp,Q42_sat,Q42_imp,Q43_sat,Q43_imp,Q44_sat,Q44_imp,Q45_sat,Q45_imp,Q46_sat,Q46_imp,Q47_sat,Q47_imp,Q48_sat,Q48_imp,Q49_sat,Q49_imp,Q50_sat,Q50_imp,Q51_sat,Q51_imp,Q52_sat,Q52_imp,Q53_sat,Q53_imp,Q54_sat,Q54_imp,Q55_sat,Q55_imp,Q56_sat,Q56_imp,Q57_sat,Q57_imp,Q58_sat,Q58_imp,Q59_sat,Q59_imp,Q60_sat,Q60_imp,Q61_sat,Q61_imp,Q62_sat,Q62_imp,Q63_sat,Q63_imp,Q64_sat,Q64_imp,Q65_sat,Q65_imp,Q66_sat,Q66_imp,Q67_sat,Q67_imp
child_0,0,7,U7,mixed,medium,good,average,none,medium,happy,42,66,8,9,7,8,6,7,8,9,8,10,7,6,9,8,9,10,8,9,9,9,9,8,8,9,8,8,8,9,9,8,9,8,8,9,7,8,8,8,9,10,9,9,7,7,8,8,7,8,7,8,8,9,6,7,7,8,8,8,8,9,9,10,8,9,9,8,8,9,8,9,7,8,7,8,7,8,6,7,7,10,6,9,8,9,8,7,7,9,8,9,6,5,9,8,6,5,6,5,5,4,4,3,5,4,8,7,6,5,6,5,5,4,4,3,7,6,5,4,4,3,6,5,8,7,5,4,6,5,7,8,7,6,7,7
child_1,0,7,U8,forward,low,neutral,strong,mild,high,excited,42,80,9,10,10,10,8,7,7,8,6,9,9,8,7,8,9,8,8,7,6,6,7,7,8,8,7,7,6,8,7,8,7,8,8,8,7,7,6,6,8,7,9,9,9,9,8,8,7,7,9,9,9,9,7,7,8,8,9,9,10,10,7,8,7,8,8,9,8,8,8,8,8,8,7,7,6,7,5,6,10,10,9,8,9,9,7,7,8,8,8,8,6,5,9,9,8,7,8,7,5,5,6,5,5,5,7,7,6,6,6,6,4,4,5,5,7,7,6,6,4,4,5,5,8,8,4,4,6,6,8,8,7,7,8,8
child_2,0,7,U7,defender,medium,neutral,strong,none,low,happy,53,65,8,9,9,10,7,8,7,8,7,9,8,8,6,7,7,9,6,8,6,7,6,8,7,8,7,8,7,8,7,8,7,8,6,8,7,8,6,7,7,8,7,8,9,10,8,9,8,9,9,10,9,10,8,8,8,8,9,9,8,8,7,8,8,9,7,8,7,8,8,9,7,8,7,8,7,8,6,7,7,9,6,8,7,8,6,7,7,8,7,8,6,6,5,6,8,8,8,8,6,6,6,6,6,6,6,6,5,5,5,5,5,5,5,5,7,8,6,6,5,5,5,5,8,8,5,5,6,6,8,9,7,8,8,9
child_3,0,9,U9,forward,medium,good,average,none,medium,frustrated,59,41,5,6,6,9,5,7,7,8,7,9,5,5,6,8,4,10,3,9,7,8,7,8,6,7,6,7,8,9,7,7,6,7,7,8,6,7,6,6,8,8,8,9,6,8,5,7,4,6,6,8,6,8,5,6,5,7,4,6,3,6,6,8,7,8,6,9,6,8,7,9,6,8,6,7,5,6,5,6,4,10,5,9,4,9,5,6,6,7,5,7,5,5,6,7,5,5,5,5,4,5,4,5,5,5,6,6,6,6,5,5,4,4,3,4,5,5,5,5,3,3,5,5,6,7,4,4,5,5,6,7,5,6,5,6
child_4,0,9,U7,mixed,high,good,strong,none,low,excited,48,94,9,9,10,10,8,8,9,9,9,8,9,8,8,9,10,10,9,9,9,9,9,9,9,8,9,9,8,9,9,9,8,8,10,10,9,9,8,8,10,10,10,10,10,10,9,9,9,9,10,10,10,10,8,8,9,9,10,10,10,10,9,9,9,9,8,9,9,9,9,9,8,8,8,8,7,7,6,6,10,10,9,9,10,10,9,8,10,10,9,9,8,7,9,8,8,7,9,8,7,7,8,8,7,6,8,8,6,6,5,5,4,4,5,5,6,5,6,6,4,4,7,7,10,10,5,5,6,6,9,8,10,10,10,10
child_5,0,8,U8,goalkeeper,low,good,average,none,medium,happy,52,65,8,9,7,8,7,7,6,8,6,9,7,9,9,10,6,9,5,8,8,9,8,9,7,8,7,8,7,9,8,9,8,9,9,10,7,8,8,9,9,10,9,10,7,9,6,8,6,8,7,9,8,9,9,10,7,8,8,9,8,9,7,8,8,9,9,10,7,9,6,8,8,9,7,8,6,7,6,7,5,9,5,8,5,9,6,8,7,9,7,9,6,7,8,8,7,8,7,8,6,7,7,8,6,6,8,8,6,6,6,6,5,5,5,5,7,8,6,6,5,5,6,7,8,9,5,6,6,7,8,9,7,8,7,8
child_6,0,7,U8,midfielder,medium,neutral,average,none,low,excited,37,51,9,8,8,9,7,6,6,9,7,8,9,10,5,5,9,10,8,9,6,8,7,8,5,7,6,7,7,8,7,6,7,8,8,7,6,8,7,6,6,7,7,8,8,9,7,7,7,8,8,9,9,10,8,8,6,7,8,8,9,9,7,9,7,8,5,5,7,8,8,9,6,7,7,6,6,7,5,6,9,10,7,8,9,10,6,7,8,9,8,8,6,5,7,8,8,7,8,7,6,5,7,6,6,5,7,7,6,5,6,5,4,3,5,4,6,6,5,5,3,2,4,4,7,8,5,4,7,8,8,9,7,6,7,7
child_7,0,8,U7,forward,high,good,strong,none,low,excited,40,88,9,8,10,10,8,7,6,9,9,9,10,10,8,9,10,10,9,9,8,7,9,8,8,9,8,8,9,9,9,9,8,8,9,8,10,9,8,7,9,8,10,9,10,10,9,8,9,9,10,10,10,10,9,8,9,9,10,10,10,10,8,9,9,9,8,9,9,9,7,8,9,8,8,7,7,7,6,6,10,10,9,9,9,9,8,8,10,10,10,10,7,6,9,8,10,9,10,9,8,7,9,8,6,5,7,6,6,5,6,5,5,4,4,3,8,7,6,5,3,2,7,6,10,9,5,4,8,7,10,10,10,9,10,9
child_8,0,9,U10,mixed,medium,good,average,none,high,excited,44,100,9,8,10,10,8,6,10,10,9,9,8,7,7,6,10,10,10,9,9,8,9,9,9,8,9,8,9,9,9,8,10,10,9,8,9,7,8,7,10,9,10,9,8,7,7,6,9,8,8,7,9,9,7,6,8,7,9,8,10,9,10,10,9,9,7,6,9,8,10,10,8,7,9,8,8,7,8,6,10,10,9,8,9,8,8,7,9,8,8,7,7,6,10,10,8,6,9,7,7,5,6,4,5,3,9,8,5,4,5,4,4,3,4,2,6,5,5,4,4,3,5,4,9,8,5,4,6,5,10,9,9,8,10,10
child_9,0,10,U9,mixed,low,neutral,average,none,low,excited,34,30,9,8,7,6,6,5,5,7,7,9,6,6,8,9,9,8,8,7,6,6,5,5,6,7,5,6,6,8,5,7,6,7,7,8,6,6,5,5,5,4,6,5,7,7,8,8,7,6,7,8,9,8,5,4,6,6,7,6,8,7,7,8,7,9,8,9,7,8,6,7,7,6,6,7,5,5,5,4,9,8,7,6,8,7,6,5,7,8,8,8,6,5,5,4,6,5,6,5,5,4,6,5,5,4,6,5,5,4,4,3,4,3,5,4,6,5,4,3,3,2,5,4,7,6,4,3,5,4,6,5,5,4,5,4
child_10,0,10,U8,mixed,high,bad,strong,none,high,happy,42,70,8,7,7,5,5,4,6,8,7,9,8,6,6,5,7,9,6,8,3,9,2,7,4,8,4,8,3,9,3,9,5,8,3,8,4,7,3,6,1,10,1,10,8,8,7,6,7,5,8,8,9,9,5,4,7,7,6,6,5,5,7,8,6,7,6,5,7,7,7,8,5,6,6,7,4,5,4,5,6,8,5,7,6,7,5,6,6,7,5,6,4,5,6,6,5,4,5,4,4,5,4,5,3,3,3,5,4,4,4,4,3,2,3,2,5,5,4,3,2,2,5,4,6,6,3,2,4,4,6,7,5,6,5,6
child_11,0,7,U10,mixed,low,good,average,none,high,happy,45,69,8,9,7,8,6,7,5,6,6,8,7,8,9,10,5,7,4,6,9,9,8,8,7,8,8,8,7,9,8,8,7,7,9,9,7,8,8,8,9,9,9,9,6,7,7,7,6,7,7,8,9,9,6,6,7,7,6,6,7,7,6,8,7,8,9,10,6,7,5,8,8,9,7,8,5,6,5,6,5,7,5,6,5,7,6,6,6,7,7,8,5,6,6,7,6,7,6,7,5,6,5,6,6,6,7,7,6,6,6,6,5,5,5,5,6,6,5,5,4,5,5,5,7,8,5,5,6,7,7,8,7,8,7,8
child_12,0,9,U8,midfielder,high,good,average,mild,high,excited,49,78,9,8,10,9,8,7,6,7,9,9,10,9,7,6,9,9,8,8,9,10,8,9,9,8,8,9,9,9,9,9,9,8,8,9,8,8,8,8,9,10,9,10,7,8,6,7,6,7,7,8,8,9,10,9,7,8,10,9,10,10,9,9,9,9,7,6,8,8,7,8,9,8,8,8,7,6,6,5,10,10,9,9,10,10,9,9,9,9,9,8,8,7,9,8,9,8,10,9,8,7,10,9,6,5,9,8,6,5,6,5,5,4,5,4,8,7,7,6,4,3,7,6,9,8,5,4,8,7,10,9,9,8,10,9
child_13,0,7,U9,goalkeeper,medium,good,average,none,high,excited,58,60,8,9,9,10,7,8,5,7,6,9,8,9,9,10,8,9,8,8,8,9,9,10,7,8,8,9,8,9,9,9,8,8,9,9,8,8,8,8,9,9,9,9,7,8,6,7,7,8,8,9,9,9,8,10,8,8,9,9,9,9,7,8,8,9,9,10,8,9,6,7,9,10,8,9,6,7,5,6,9,10,7,8,9,10,8,8,8,9,7,8,7,6,9,10,8,9,8,9,7,8,8,9,6,5,9,10,6,5,5,4,4,3,5,4,7,8,6,7,3,2,5,6,8,9,4,3,7,8,9,10,8,9,8,9
child_14,0,9,U7,goalkeeper,medium,good,average,mild,high,excited,24,81,9,7,6,8,5,6,8,8,9,9,5,4,8,8,10,10,9,9,8,9,8,8,8,8,9,9,8,8,7,8,9,9,10,10,9,9,7,7,10,10,10,10,6,7,5,6,6,6,7,8,8,8,5,4,6,7,7,7,6,7,8,8,8,9,9,9,7,8,9,9,8,8,8,8,7,6,7,6,10,10,9,8,9,9,8,7,10,10,9,9,7,6,8,7,4,3,4,3,3,2,3,2,3,2,5,4,4,3,4,3,2,2,2,2,3,3,3,2,2,2,4,4,5,5,2,2,3,3,6,7,8,8,9,9
child_15,0,7,U8,defender,medium,neutral,average,mild,high,excited,47,64,8,9,5,7,4,6,6,8,7,9,4,5,7,8,9,10,8,9,6,8,6,7,5,7,6,8,7,9,5,7,7,8,7,8,6,7,6,7,6,8,6,8,5,7,5,6,5,6,7,8,6,8,4,5,5,7,6,7,5,6,8,9,7,9,7,8,6,7,7,8,6,8,6,7,6,7,5,6,9,10,8,9,8,9,7,8,7,8,6,7,5,6,7,8,4,5,4,5,3,4,2,3,5,6,6,7,5,6,5,6,2,3,1,2,2,3,3,4,1,2,3,4,7,8,4,5,4,5,3,4,5,6,6,7
child_16,0,10,U10,mixed,high,good,strong,none,low,excited,46,86,9,8,10,9,7,6,8,8,9,9,9,8,6,5,10,10,9,9,8,9,8,8,9,9,8,8,9,9,9,10,8,8,9,9,8,9,8,7,9,9,9,10,10,9,9,8,9,8,10,10,10,10,7,6,8,8,9,9,10,10,9,9,9,10,6,5,8,9,9,9,8,7,8,8,8,7,7,6,10,10,9,8,10,10,8,8,9,9,9,9,7,6,8,7,6,5,6,5,5,4,6,5,6,5,7,6,6,5,6,5,5,4,5,4,7,6,6,5,5,4,5,4,8,8,5,4,6,5,7,6,9,9,9,9
child_17,0,8,U9,goalkeeper,medium,good,average,mild,low,happy,31,67,8,10,9,10,7,9,6,8,7,9,8,10,6,9,5,8,4,7,9,9,8,8,9,9,8,8,8,9,9,8,8,8,9,9,8,8,8,7,10,10,10,10,7,8,6,7,6,8,7,9,8,9,9,10,7,8,8,8,9,9,7,8,7,9,6,9,7,9,6,7,8,9,7,8,6,7,5,6,5,8,6,7,5,8,6,7,6,8,5,8,7,6,8,9,8,8,8,8,7,7,8,9,6,7,7,7,7,6,7,6,5,5,6,5,8,8,7,6,4,4,6,6,8,9,5,5,6,7,9,10,7,8,8,9
child_18,0,9,U9,goalkeeper,medium,good,strong,none,low,anxious,51,63,8,8,9,9,7,8,7,9,6,8,9,9,7,8,6,8,5,7,9,9,8,8,8,7,7,8,8,9,9,8,8,9,8,8,7,8,8,8,9,8,9,8,9,9,8,8,7,8,9,9,9,9,8,9,8,8,9,9,9,9,8,9,7,8,8,8,7,8,8,9,7,8,7,8,6,7,6,7,6,8,5,7,6,8,7,8,7,8,7,8,7,6,7,7,8,8,8,8,7,7,8,8,6,6,8,7,6,6,5,5,5,5,6,6,7,7,6,6,5,5,6,6,7,7,5,5,7,7,9,9,8,8,8,8
child_19,0,8,U8,goalkeeper,medium,good,average,none,low,neutral,58,40,6,7,5,5,4,4,7,8,7,8,5,4,6,7,6,8,5,7,8,9,7,8,6,7,7,8,7,9,8,9,7,8,6,7,7,8,8,8,8,9,8,9,5,5,6,6,5,5,5,6,7,8,4,4,5,6,5,6,6,7,7,8,7,9,6,7,7,8,6,7,6,7,6,6,5,7,5,6,6,8,6,7,5,6,6,7,6,7,5,6,5,5,4,5,3,3,3,3,3,4,3,3,4,4,4,5,5,5,4,4,3,3,3,3,3,4,4,4,3,3,4,4,5,5,3,3,4,4,5,6,6,7,6,7
child_20,0,7,U8,mixed,high,neutral,average,none,medium,excited,16,76,9,10,10,10,8,9,7,8,9,9,10,10,8,9,10,10,10,9,7,8,7,8,8,9,8,9,9,9,7,7,8,8,8,8,9,9,8,8,9,8,9,8,9,9,8,9,9,9,10,10,10,10,10,10,8,8,10,10,10,10,8,9,9,9,9,9,8,8,8,9,9,9,9,9,7,7,7,7,10,10,8,8,10,10,8,8,9,9,9,9,8,7,9,9,10,10,10,10,8,8,9,9,8,7,9,9,7,6,7,6,5,4,6,5,8,9,7,7,4,3,6,6,10,10,6,5,9,9,10,10,7,7,8,8
child_21,0,8,U8,midfielder,medium,neutral,average,none,medium,happy,40,78,9,10,10,10,8,7,9,9,7,9,8,8,8,9,7,10,6,8,7,8,7,8,6,9,6,8,7,9,8,7,8,8,8,9,7,8,7,8,6,9,7,9,8,9,9,8,9,8,8,9,9,9,8,7,8,8,9,8,9,8,8,9,9,9,8,9,8,9,9,10,8,8,9,8,7,7,7,7,7,10,6,8,7,9,8,8,8,9,7,8,6,7,8,8,7,7,7,7,6,6,6,6,7,6,8,7,8,6,8,6,5,5,5,5,6,7,5,5,4,4,5,5,8,8,6,6,7,7,8,8,9,9,9,9
child_22,0,9,U9,mixed,medium,neutral,isolated,none,high,neutral,63,22,6,8,5,7,4,6,5,9,7,10,3,5,6,8,7,9,6,8,5,7,5,7,4,8,6,8,5,8,4,6,6,9,5,7,5,8,4,7,5,8,6,8,4,7,5,6,3,6,4,6,6,7,3,5,4,6,5,7,3,5,7,9,8,10,6,9,7,8,6,8,5,7,6,8,6,8,5,7,6,9,5,7,6,9,7,8,6,9,5,8,4,5,5,6,4,5,4,5,3,5,2,4,3,5,5,7,4,5,3,4,2,3,1,2,3,5,4,6,2,3,5,6,6,8,3,4,4,6,2,3,3,5,3,5
child_23,0,9,U8,goalkeeper,medium,neutral,isolated,none,high,anxious,66,50,6,8,5,9,4,7,6,8,7,9,5,8,6,8,5,9,4,8,5,7,5,7,4,7,5,7,6,8,5,7,5,8,4,8,5,7,5,7,3,8,4,8,4,8,3,8,4,7,4,8,6,9,5,7,4,7,5,7,4,7,6,8,6,9,6,8,6,8,6,8,5,7,6,8,5,7,5,7,5,9,4,8,5,9,5,7,5,8,6,8,5,6,5,7,5,7,5,7,4,6,5,7,5,5,5,6,6,5,5,5,4,4,4,5,4,6,4,5,3,4,3,5,5,6,3,4,4,6,5,7,5,6,5,7
child_24,0,10,U9,goalkeeper,high,good,isolated,none,low,frustrated,66,25,5,8,6,9,4,7,3,6,7,9,3,8,8,8,2,10,2,9,8,9,7,9,6,8,7,8,6,9,4,8,6,7,7,9,5,7,8,6,7,9,8,10,3,9,4,8,5,8,3,9,6,9,3,7,4,8,5,7,2,8,4,9,6,10,7,8,5,9,6,8,5,8,4,8,6,7,5,6,2,10,3,9,2,10,5,8,4,9,3,10,6,5,5,6,3,8,3,8,2,7,3,6,6,5,5,6,5,5,5,5,3,4,2,5,4,7,4,6,2,3,4,6,3,8,4,6,2,7,3,6,5,7,5,7
child_25,0,7,U8,forward,low,neutral,average,none,low,excited,34,62,8,9,7,8,6,7,9,9,8,9,7,7,9,10,9,8,8,7,6,6,6,7,7,8,7,7,7,8,6,7,6,6,6,7,7,7,6,6,6,6,7,6,7,7,7,7,7,7,7,8,8,8,6,6,7,7,8,8,8,8,7,8,7,8,9,9,7,8,8,8,9,9,7,7,6,6,5,5,9,8,8,7,8,8,7,7,7,8,8,8,7,6,6,7,5,5,6,6,5,5,5,5,6,6,7,7,6,6,6,6,5,5,5,5,6,7,6,6,5,5,7,6,7,7,5,5,5,5,7,7,6,6,7,7
child_26,0,9,U8,goalkeeper,medium,good,average,mild,high,excited,41,93,8,7,9,9,7,6,8,8,9,9,7,5,8,8,9,10,9,9,8,9,8,9,9,8,8,8,9,9,7,8,8,9,7,8,9,9,8,8,9,9,9,10,7,7,7,6,6,6,8,8,9,9,7,6,8,7,9,8,9,9,8,8,8,9,8,8,9,8,8,8,9,8,8,7,7,6,7,6,9,10,8,8,9,9,8,7,9,9,8,8,7,6,8,7,6,5,7,6,6,5,5,4,6,5,7,6,6,5,6,5,5,4,5,4,6,5,5,4,4,3,6,5,8,7,5,4,7,6,7,8,8,7,8,7
child_27,0,7,U8,goalkeeper,high,neutral,strong,none,medium,excited,39,69,8,9,10,10,8,8,7,9,9,7,10,10,6,5,9,8,8,7,7,8,7,8,8,9,7,8,7,8,8,8,6,7,8,9,7,8,7,6,8,9,9,10,9,9,9,9,10,9,10,10,9,9,10,10,8,8,10,10,10,10,7,6,6,5,6,5,7,6,8,8,7,6,8,7,6,5,6,5,10,9,8,7,9,8,7,6,9,8,8,8,6,5,9,9,10,9,10,9,8,7,9,8,7,6,8,7,6,5,6,5,5,4,6,5,10,9,7,6,4,3,7,6,9,8,5,4,8,7,10,9,8,7,9,8
child_28,0,7,U8,forward,medium,bad,average,frequent,medium,excited,32,12,8,9,5,6,3,5,4,7,7,8,5,6,9,10,8,9,7,8,2,10,2,9,2,8,3,8,3,9,2,10,4,7,2,8,3,8,3,7,2,9,2,10,5,7,5,6,4,6,6,8,6,8,5,7,5,7,6,8,6,7,8,9,8,9,9,10,7,8,5,7,9,10,6,7,4,6,4,6,8,9,7,8,8,9,6,7,7,8,7,8,5,6,5,7,4,6,4,6,4,5,5,6,4,5,5,6,3,5,3,5,2,4,3,5,5,7,4,6,3,5,4,6,6,7,5,6,5,7,5,6,4,6,5,6
child_29,0,10,U8,goalkeeper,low,bad,average,mild,medium,frustrated,83,16,5,8,6,10,4,7,5,9,7,9,5,8,4,6,3,7,3,5,2,10,2,9,2,8,2,7,2,9,2,10,3,8,2,10,3,6,2,7,1,10,1,10,6,8,5,7,5,6,6,8,7,9,6,7,5,8,5,7,4,6,5,7,4,8,4,5,5,6,6,9,5,7,5,7,4,6,4,5,2,8,3,7,2,7,4,6,5,8,5,7,5,5,6,6,5,8,5,8,5,7,5,7,5,5,5,6,5,5,5,5,4,4,5,6,5,7,4,5,3,4,4,5,6,7,3,4,4,6,6,7,5,6,5,6
child_30,0,10,U10,goalkeeper,medium,good,isolated,none,medium,excited,41,43,7,8,8,9,5,6,7,8,8,9,4,5,6,7,9,10,8,9,8,8,8,7,9,8,8,7,8,9,6,5,9,8,7,8,8,9,8,7,9,8,9,9,4,6,5,7,6,5,5,6,7,7,5,5,6,6,6,5,5,6,8,9,9,10,7,8,8,9,7,8,8,9,6,7,7,8,7,8,9,10,8,9,9,10,8,8,9,9,8,8,7,6,6,5,5,5,5,5,5,5,5,5,5,4,6,6,5,4,5,4,4,3,4,3,4,4,5,4,3,2,6,5,7,6,3,2,5,5,6,7,6,6,6,7
child_31,0,7,U9,midfielder,medium,neutral,average,none,low,neutral,60,28,6,7,8,9,5,6,6,7,7,8,5,6,6,7,5,9,4,8,6,7,6,7,5,7,5,6,5,7,6,6,6,8,6,8,5,7,6,7,5,7,5,8,6,7,7,7,5,6,6,7,7,8,4,5,5,6,5,6,5,6,6,8,6,8,5,7,6,7,6,8,6,7,6,7,5,6,4,5,5,8,5,6,4,7,6,7,5,8,5,7,5,5,5,6,4,5,5,6,4,5,4,5,5,5,6,6,5,5,5,5,3,4,2,3,5,6,4,5,3,4,3,4,5,6,3,4,4,5,4,5,5,6,5,6
child_32,0,8,U10,midfielder,high,neutral,average,none,medium,neutral,57,65,9,10,7,8,6,7,6,8,8,9,7,6,10,10,6,7,5,6,6,7,7,8,6,7,7,8,7,8,7,6,8,9,6,8,5,6,7,7,5,8,6,8,7,7,6,6,6,6,8,8,9,9,5,5,6,7,7,8,5,6,8,9,7,9,10,10,7,8,6,6,9,9,6,7,5,6,5,5,7,8,5,6,6,7,7,7,6,7,8,8,6,5,7,6,6,5,5,5,6,6,5,5,5,5,6,7,6,5,5,5,5,4,5,5,6,6,6,5,5,4,6,5,7,8,5,4,5,5,6,6,6,7,7,8
child_33,0,8,U9,mixed,medium,good,average,none,medium,excited,46,84,8,8,7,7,6,5,7,9,9,10,7,6,8,9,9,9,9,8,8,9,7,8,9,9,8,8,8,9,7,7,8,8,9,9,8,8,8,7,9,9,9,9,7,8,6,7,7,7,8,8,9,9,7,6,8,8,9,8,9,8,8,9,9,9,8,9,8,8,7,8,8,8,7,7,7,7,6,6,9,10,8,8,8,9,7,7,8,8,8,8,6,5,7,6,5,5,6,5,5,5,5,5,6,6,7,7,6,6,6,6,5,5,5,5,6,6,5,5,4,4,5,5,7,7,5,5,6,6,8,8,7,7,7,7
child_34,0,7,U10,goalkeeper,low,good,strong,mild,low,happy,47,75,8,9,9,10,8,8,7,9,6,7,9,10,5,6,6,8,5,7,8,9,7,8,8,9,7,8,8,9,9,10,7,8,8,9,7,8,7,8,9,10,8,9,9,10,7,8,7,8,9,10,9,10,8,9,7,8,8,9,8,9,6,7,7,8,5,6,6,7,8,9,6,7,7,8,5,6,4,5,6,8,5,7,6,8,6,7,7,8,7,8,5,6,8,9,9,10,8,9,7,8,9,10,6,7,8,9,7,8,7,8,5,6,6,7,8,9,6,7,4,5,6,7,8,9,5,6,7,8,9,10,8,9,9,10
child_35,0,9,U7,mixed,high,good,average,none,low,excited,57,72,9,8,10,10,8,7,7,9,8,9,10,10,9,8,10,10,9,9,8,9,9,8,9,8,8,8,8,9,9,9,8,8,10,9,9,9,8,8,9,9,10,10,8,9,9,8,9,8,10,9,10,10,9,8,8,7,10,10,10,10,8,9,9,10,9,9,8,8,7,8,8,9,8,8,7,6,6,6,10,10,9,9,10,10,8,8,9,9,9,8,8,7,9,8,10,9,10,9,8,7,9,8,7,6,9,8,7,6,7,6,6,5,5,4,6,5,6,5,5,4,6,5,10,9,5,4,9,8,10,9,8,7,9,8
child_36,0,8,U7,midfielder,high,good,strong,mild,high,happy,43,100,10,9,10,10,8,7,6,8,9,10,10,8,10,10,7,9,6,7,9,10,8,10,9,9,8,9,7,10,9,9,8,8,10,9,7,8,9,8,10,10,10,10,9,10,8,9,9,8,10,10,10,10,8,7,9,8,10,9,10,9,8,9,9,10,10,10,9,9,7,8,10,10,9,8,7,6,6,5,7,8,6,7,7,8,8,8,9,9,8,8,6,5,8,7,9,8,10,9,6,5,7,6,7,6,9,10,8,7,7,6,5,4,6,5,9,8,8,7,4,3,6,5,9,10,7,6,8,8,10,9,8,7,9,8
child_37,0,8,U9,defender,medium,good,average,none,medium,excited,31,95,9,9,10,10,8,7,9,8,8,9,7,6,10,10,9,10,9,9,8,10,8,10,9,10,8,9,9,10,8,10,9,9,9,10,8,9,8,8,9,10,9,10,7,8,8,9,7,8,8,9,8,9,7,8,8,9,9,9,9,9,9,9,9,10,10,10,8,9,9,9,9,10,8,7,8,7,7,6,10,10,9,9,9,10,8,8,9,10,8,9,8,7,9,8,7,6,7,6,6,5,6,5,6,5,8,7,6,5,6,5,5,4,5,4,7,6,6,5,5,4,6,5,9,9,6,5,8,7,8,7,7,6,8,7
child_38,0,7,U9,goalkeeper,low,neutral,average,none,medium,happy,30,56,8,9,7,7,6,6,7,8,7,9,6,6,9,10,7,9,6,8,6,7,6,7,7,8,6,8,7,8,6,7,7,8,8,9,6,8,5,6,7,8,8,9,7,8,7,7,7,7,7,8,8,9,6,6,7,8,7,8,7,8,8,9,7,9,9,10,8,9,7,8,8,9,7,8,6,7,5,6,6,8,6,7,6,8,7,8,7,9,6,8,6,5,7,7,7,6,7,6,5,5,5,5,5,4,6,6,6,5,6,5,4,3,5,4,7,8,6,5,4,3,5,5,6,7,4,3,5,6,7,8,6,7,6,7
child_39,0,8,U9,midfielder,medium,good,average,none,high,frustrated,75,58,7,8,6,7,5,6,6,8,5,9,7,8,4,5,4,7,3,6,8,9,7,8,6,8,5,7,6,8,6,7,7,8,8,9,6,8,7,8,7,8,8,9,6,7,5,6,4,5,6,7,7,8,7,8,5,7,4,6,3,5,6,8,5,7,4,5,5,6,6,7,5,6,5,7,5,6,4,5,3,8,4,7,4,6,5,6,5,7,5,6,6,5,7,6,6,7,5,6,4,5,4,5,5,6,7,8,5,6,5,6,4,5,3,4,5,6,6,7,3,4,5,5,6,7,4,5,4,5,6,7,5,6,6,7
child_40,0,10,U7,mixed,medium,good,strong,none,low,happy,38,71,9,10,10,10,8,9,7,8,7,8,9,9,10,10,6,7,5,6,8,9,8,9,9,9,7,8,7,8,9,9,8,7,9,8,7,8,7,7,9,10,10,10,9,9,8,8,8,9,10,10,9,9,10,10,8,8,9,9,10,10,7,6,6,7,10,10,8,8,8,7,9,9,7,6,6,6,5,5,6,7,5,6,6,7,5,5,6,6,7,8,7,6,9,9,10,10,10,10,8,7,9,8,7,7,8,8,6,6,5,5,6,6,7,7,8,8,7,7,5,5,6,6,10,10,8,8,9,9,10,10,8,7,9,9
child_41,0,10,U10,midfielder,low,neutral,strong,mild,high,excited,27,91,9,8,10,10,8,7,7,9,8,10,10,9,6,7,9,10,9,9,7,8,7,8,8,9,7,8,7,8,7,8,8,8,8,9,6,7,7,8,8,9,8,9,9,9,8,8,9,9,10,10,9,9,10,10,9,9,10,10,10,10,7,8,8,9,6,7,8,8,8,9,6,7,8,8,6,7,5,6,9,10,8,9,9,10,8,8,8,9,8,9,7,7,9,10,10,10,10,10,9,8,9,8,7,6,8,8,7,6,7,6,6,5,7,6,10,9,7,6,5,4,7,5,8,8,6,5,9,8,10,10,8,7,9,8
child_42,0,10,U9,goalkeeper,medium,good,average,mild,high,excited,17,92,9,10,8,9,7,8,8,7,7,8,8,6,9,9,10,10,9,8,9,10,8,9,9,9,8,8,8,8,9,9,8,7,9,10,8,8,8,7,9,10,9,10,7,8,6,7,8,7,8,9,9,9,8,7,8,8,9,8,9,9,7,7,8,8,9,9,8,7,8,8,7,7,8,8,6,6,5,5,10,10,9,8,9,9,7,7,10,9,8,8,7,6,8,7,9,8,9,8,7,6,8,7,8,6,9,9,7,6,7,5,6,5,7,6,8,7,7,6,6,5,7,6,8,7,6,5,8,7,9,8,9,9,9,9
child_43,0,10,U8,mixed,low,neutral,isolated,mild,medium,happy,48,29,8,10,6,8,5,6,7,8,6,9,4,6,5,7,5,7,4,7,6,6,5,7,5,7,5,7,5,8,4,7,6,8,6,8,5,7,5,6,5,8,6,8,4,7,5,6,5,6,3,6,6,8,4,5,4,6,4,5,3,5,7,9,6,9,5,6,6,8,6,8,5,7,6,8,5,7,5,7,5,8,4,8,5,7,5,6,5,8,6,7,4,5,3,6,4,5,4,5,3,4,2,3,5,5,5,6,5,5,5,5,3,4,2,3,4,5,3,4,2,3,4,5,6,7,3,4,4,5,5,7,5,6,5,6
child_44,0,7,U10,midfielder,medium,good,average,none,low,excited,23,57,9,8,10,10,8,7,7,8,7,8,10,9,6,5,9,9,8,8,9,9,8,8,9,9,8,8,7,9,9,9,8,8,9,9,8,8,8,7,9,9,9,9,8,8,8,8,9,9,9,10,9,9,10,10,8,8,10,9,10,9,8,7,7,8,6,5,8,8,8,7,7,8,7,7,6,5,5,4,9,9,8,7,9,9,7,6,9,8,8,8,7,6,10,9,10,9,10,9,8,7,9,8,8,7,9,9,7,6,6,5,5,4,6,5,7,7,5,4,4,3,7,6,10,9,5,4,6,5,10,9,9,8,9,8
child_45,0,9,U7,mixed,low,good,strong,frequent,medium,excited,39,71,9,8,10,9,8,7,9,9,7,8,10,9,9,8,10,10,9,9,8,8,9,9,8,7,8,8,8,9,9,9,8,8,9,9,8,8,8,7,9,8,9,8,7,8,6,7,7,6,10,9,10,10,9,9,8,8,10,9,10,9,8,8,7,9,9,8,9,8,9,9,8,9,7,8,6,7,5,6,10,10,9,9,9,10,8,8,9,9,9,8,8,7,7,6,9,9,9,9,8,8,9,8,6,6,8,7,5,6,4,5,3,4,6,6,8,7,7,7,4,5,5,6,10,9,6,6,9,8,10,9,7,7,8,8
child_46,0,9,U8,defender,low,bad,strong,mild,high,happy,53,68,8,8,9,9,6,5,7,8,7,9,7,6,8,7,6,7,5,6,2,9,2,8,2,8,2,8,2,8,3,9,3,7,3,8,2,6,2,6,2,8,2,9,8,9,7,7,8,6,9,9,8,9,7,6,7,8,8,7,8,7,7,9,6,8,7,8,7,8,6,9,6,7,5,6,6,7,5,6,5,8,6,7,5,8,5,6,6,7,5,6,5,4,8,9,8,7,8,6,5,5,5,4,6,5,6,5,5,4,5,4,4,3,3,3,7,6,6,5,3,2,5,5,8,7,4,3,5,4,7,6,6,5,7,6
child_47,0,8,U9,goalkeeper,high,neutral,average,mild,high,anxious,74,68,8,8,9,9,7,8,6,7,7,8,8,9,7,9,6,7,5,6,6,7,5,6,6,7,6,7,6,8,5,6,7,8,6,7,5,7,5,6,5,7,5,7,6,7,5,6,4,5,6,7,7,8,8,9,6,7,5,6,5,6,7,8,8,9,7,8,6,7,7,8,6,7,5,6,5,6,4,5,6,8,5,6,5,7,6,8,6,7,6,7,5,6,7,8,8,9,8,9,7,8,7,8,6,7,7,8,5,6,5,6,4,5,5,6,6,7,5,6,4,5,5,6,7,8,5,6,6,7,8,9,7,8,7,8
child_48,0,10,U9,mixed,medium,good,average,none,low,excited,39,66,8,9,9,10,7,6,7,8,9,10,6,5,7,6,9,10,8,9,9,8,8,8,8,8,7,8,8,9,8,6,8,7,9,8,7,6,8,7,9,8,9,8,7,6,8,7,6,5,7,6,8,8,6,5,7,6,8,7,7,7,9,8,8,9,7,6,7,6,8,8,9,7,8,6,6,5,5,4,10,10,8,7,9,9,7,6,8,8,7,6,7,5,8,7,5,4,6,5,4,3,4,3,5,4,6,5,5,4,5,4,3,2,2,1,3,2,3,2,2,1,4,3,6,5,3,2,5,4,6,5,7,6,8,7
child_49,0,8,U7,defender,medium,bad,strong,mild,low,neutral,47,15,6,8,9,9,8,8,5,7,7,9,9,9,8,10,5,8,4,7,2,10,2,8,3,9,3,8,3,9,2,9,4,7,3,9,2,8,2,8,2,10,2,10,8,9,7,8,7,8,9,9,8,9,9,10,7,8,8,9,7,9,5,8,4,8,7,9,5,7,6,8,7,9,6,8,5,6,5,6,5,9,6,8,5,9,5,7,5,8,6,8,4,5,5,8,9,9,8,9,6,7,7,8,5,5,5,8,5,5,5,5,4,4,6,6,7,7,6,7,4,4,5,5,8,9,5,5,6,6,7,9,5,7,7,9
child_50,0,9,U10,midfielder,low,neutral,average,none,medium,excited,38,69,8,9,9,10,7,8,8,9,8,9,7,8,9,10,9,10,8,9,7,7,6,7,8,8,7,8,7,8,7,7,6,7,8,9,7,8,6,7,8,9,8,9,7,8,8,8,8,9,9,10,9,10,8,8,8,8,9,9,9,9,8,9,7,9,9,10,8,9,8,9,8,9,7,8,7,8,6,7,9,10,8,9,9,10,7,8,7,8,8,9,6,7,8,9,8,8,8,8,7,8,6,7,6,6,7,7,6,6,6,6,5,5,5,5,7,8,7,8,5,5,7,7,8,8,6,6,7,8,8,9,7,8,7,8
child_51,0,8,U8,midfielder,low,good,average,none,high,happy,43,93,9,9,8,8,7,7,9,9,7,8,8,9,10,10,6,8,5,7,8,9,9,8,8,8,8,9,7,8,9,9,7,7,9,8,8,8,9,8,9,9,9,9,7,8,8,7,6,7,8,8,9,8,10,10,8,8,9,9,8,8,8,9,7,8,9,10,8,9,9,9,10,10,8,9,7,7,6,6,6,8,5,6,6,7,7,8,7,8,6,8,6,5,9,8,8,8,8,8,7,7,7,7,6,6,8,7,7,6,7,6,5,5,6,6,8,9,9,9,5,5,6,6,9,9,7,7,8,8,9,9,8,8,9,9
child_52,0,9,U7,defender,low,good,strong,none,low,excited,22,100,10,10,10,10,9,8,10,9,9,10,10,9,10,10,10,9,10,8,9,10,9,9,10,10,9,9,10,10,10,10,10,10,10,10,9,9,10,9,10,10,10,10,10,10,10,10,10,10,10,10,10,10,9,8,10,10,10,10,10,10,9,9,10,10,10,10,10,10,10,9,10,10,9,9,8,8,7,7,10,10,9,9,10,10,9,9,10,10,9,9,8,7,9,8,9,8,10,9,8,7,8,7,8,6,9,8,7,6,7,6,5,5,6,5,9,8,8,7,4,4,6,5,9,9,7,6,8,7,10,9,10,10,10,10
child_53,0,10,U7,mixed,medium,good,average,none,low,neutral,56,68,8,9,7,8,6,7,9,10,6,8,8,9,7,8,5,7,4,6,8,9,8,8,7,8,6,7,6,8,7,9,7,8,6,9,6,7,7,8,8,9,8,9,6,7,6,7,5,7,7,8,8,9,5,8,6,7,6,8,6,7,7,8,6,9,7,8,7,9,8,9,6,8,7,8,6,7,6,7,5,7,5,6,5,7,6,7,5,6,7,8,6,7,5,7,8,9,7,8,6,7,5,6,5,6,7,8,6,7,5,6,4,5,3,4,7,8,6,7,4,5,5,6,8,9,6,7,5,6,6,7,5,6,6,7
child_54,0,10,U9,goalkeeper,medium,good,average,mild,low,excited,30,62,9,10,8,9,7,8,7,8,8,9,8,8,8,9,9,10,9,8,8,9,8,8,8,8,8,9,8,9,6,7,8,8,7,8,8,9,7,8,8,9,9,9,6,7,7,8,7,7,7,8,8,8,6,7,7,8,8,9,8,9,7,8,7,8,8,9,7,8,8,9,8,9,7,8,7,8,6,7,9,10,8,8,8,9,7,8,8,9,8,9,6,5,6,7,6,6,6,7,5,6,5,6,5,5,7,7,6,6,6,6,5,5,4,4,5,5,5,5,4,4,5,5,8,9,5,5,5,6,7,8,6,7,6,7
child_55,0,7,U8,midfielder,medium,good,strong,none,low,excited,29,68,9,9,10,8,8,7,8,9,8,9,10,10,9,8,10,10,9,9,8,8,8,8,9,9,8,8,9,9,8,8,7,7,9,9,8,8,7,7,9,9,9,9,10,9,10,8,9,8,10,9,10,9,9,8,9,8,10,9,10,9,8,8,8,9,9,9,8,9,8,9,9,9,8,8,7,7,6,6,10,10,8,9,9,9,8,8,9,9,8,8,7,7,9,8,10,9,10,9,7,7,8,8,6,6,8,8,7,7,6,6,5,5,4,4,8,7,8,8,5,5,6,6,9,9,6,6,7,7,10,10,8,8,9,9
child_56,0,10,U8,mixed,medium,neutral,average,frequent,high,excited,25,40,9,10,10,10,8,9,7,8,6,7,10,10,8,9,9,8,7,7,6,6,6,7,5,6,6,6,5,7,6,6,5,5,7,8,5,6,5,5,5,6,6,6,5,8,6,7,4,6,7,8,6,8,9,9,6,7,10,10,10,10,5,6,6,7,8,9,6,7,7,8,7,8,5,6,4,5,4,5,9,9,6,7,8,9,5,6,7,8,8,8,5,5,9,9,10,10,10,10,7,7,8,8,5,5,7,7,6,6,5,5,4,4,5,5,9,9,6,6,5,5,6,6,10,10,4,4,8,8,10,10,7,8,8,9
child_57,0,9,U8,defender,high,good,strong,none,medium,excited,56,57,9,10,7,8,6,5,5,7,8,9,7,6,8,9,9,10,8,9,8,9,8,8,7,7,7,8,7,8,9,9,7,8,8,9,8,8,8,7,8,9,9,10,9,10,8,7,8,7,9,9,9,9,6,5,9,8,9,9,9,9,8,9,8,9,8,9,7,8,8,8,7,8,6,7,7,6,6,5,9,10,8,8,9,10,8,9,9,9,9,9,7,6,8,8,5,5,6,5,5,4,5,5,6,5,7,8,6,4,6,4,5,3,5,4,6,5,5,4,4,3,5,5,7,8,4,3,5,5,6,6,7,7,6,6
child_58,0,9,U9,midfielder,medium,good,isolated,none,high,frustrated,52,50,7,9,6,8,5,7,4,8,6,9,5,8,8,10,4,9,3,8,8,9,7,8,6,7,7,8,7,9,8,9,8,7,9,9,6,8,8,7,8,9,9,10,4,9,5,8,3,7,5,8,6,9,5,8,4,7,3,7,2,6,6,8,7,9,8,10,6,9,5,7,8,9,7,8,6,6,5,6,3,9,4,8,3,8,5,6,4,7,5,8,6,5,7,6,5,7,6,7,5,8,6,6,4,5,7,8,6,4,5,4,3,3,4,5,5,6,6,7,2,4,5,6,7,9,6,5,5,7,8,9,9,8,8,9
child_59,0,8,U9,forward,high,good,average,mild,medium,happy,36,94,9,10,8,9,7,8,8,8,9,9,7,7,9,9,7,8,6,7,8,9,8,9,8,8,8,8,7,8,8,9,8,8,9,10,8,9,8,8,9,10,9,10,6,8,6,7,5,6,7,8,8,9,6,7,7,8,7,8,8,9,8,9,9,9,9,9,8,8,7,8,8,9,7,8,7,7,6,7,6,7,5,6,6,7,7,8,8,9,7,8,6,7,8,8,6,7,7,8,5,6,6,7,6,6,7,7,7,7,6,6,5,5,6,6,7,8,5,6,4,5,7,7,8,9,5,6,6,7,7,8,8,9,8,9
child_60,0,7,U8,midfielder,low,neutral,isolated,mild,medium,happy,36,47,8,9,9,10,7,8,5,7,6,9,6,8,7,8,5,8,4,7,6,7,7,8,6,7,7,8,6,9,5,6,7,9,6,9,5,7,7,8,8,9,8,9,5,7,5,7,6,8,5,8,6,9,7,9,6,8,6,7,5,6,7,9,6,8,7,8,6,9,5,7,7,8,5,7,5,6,4,5,5,8,5,6,4,7,6,8,5,7,5,7,5,6,6,7,8,9,8,9,7,8,6,7,5,6,6,7,4,5,3,4,5,5,4,5,6,7,5,6,4,5,6,7,7,8,5,6,6,8,7,8,7,8,8,9
child_61,0,10,U9,mixed,high,good,strong,none,low,anxious,69,66,6,8,8,10,5,7,7,9,7,8,7,6,5,5,6,8,5,7,8,9,7,8,7,7,7,8,7,9,8,8,8,9,9,7,6,6,8,8,9,8,9,8,8,9,6,7,6,6,8,8,8,9,5,5,7,6,8,7,6,6,8,9,8,9,5,5,7,7,7,7,6,6,8,8,7,8,7,8,6,9,6,8,5,8,7,8,7,7,6,7,5,4,7,8,5,6,5,5,4,4,4,4,5,5,5,6,6,6,6,6,4,3,4,4,5,5,4,4,3,2,5,5,5,5,4,4,6,6,7,8,8,9,8,9
child_62,0,10,U8,goalkeeper,high,good,average,none,high,excited,48,100,10,10,8,8,7,7,10,9,9,8,10,10,10,10,10,10,9,9,9,8,9,8,10,9,9,8,9,9,9,8,10,9,10,10,9,8,9,8,10,9,10,10,7,7,6,7,8,8,9,9,8,8,9,9,8,8,9,9,10,9,9,9,10,9,10,10,9,9,10,10,9,9,9,8,8,8,7,7,10,10,9,9,9,9,8,8,10,10,9,9,7,7,8,8,10,10,10,10,8,8,9,9,8,7,9,8,8,7,8,7,6,6,5,5,10,9,7,7,6,5,5,5,10,10,7,6,9,9,10,10,9,8,9,8
child_63,0,7,U10,defender,low,neutral,strong,none,high,neutral,48,79,8,9,9,9,6,7,7,8,5,8,8,9,7,8,6,8,5,7,6,7,6,7,6,7,6,7,6,8,7,8,7,8,7,8,6,7,6,7,7,8,7,8,9,9,8,8,8,8,9,9,9,9,8,8,8,8,8,8,8,8,7,8,6,8,7,8,7,8,6,7,7,8,7,8,6,7,5,6,6,8,5,7,6,8,6,7,6,7,6,8,5,6,7,8,8,8,8,8,6,7,5,6,6,6,7,7,6,6,6,6,5,5,5,5,6,6,5,5,5,5,6,6,7,7,5,5,6,6,8,8,7,7,7,7
child_64,0,10,U8,mixed,medium,good,average,none,high,excited,23,93,9,9,10,10,8,7,8,8,9,9,8,7,9,9,10,10,10,9,9,9,9,8,9,8,9,8,9,9,9,8,8,8,10,9,9,8,9,7,9,9,9,9,8,8,8,8,9,9,9,9,9,9,8,8,9,8,10,9,10,9,8,9,9,9,9,8,9,9,8,8,9,8,9,8,7,7,7,7,10,10,9,9,10,9,8,7,10,9,9,9,8,7,10,9,8,7,8,7,8,6,9,8,8,6,9,8,8,5,8,5,6,5,7,6,8,8,7,6,6,5,7,6,9,8,6,5,8,7,9,8,8,7,9,8
child_65,0,10,U9,defender,high,good,average,none,medium,excited,31,89,9,10,10,10,8,7,8,8,9,9,7,6,8,8,10,10,9,9,9,9,8,8,9,9,8,9,9,9,8,8,9,9,10,10,9,9,8,8,10,10,10,10,7,7,8,8,7,7,8,8,9,9,6,5,8,8,9,9,9,9,8,8,9,10,8,9,8,8,9,9,8,8,7,7,8,8,7,7,10,10,8,8,9,9,8,8,9,9,9,9,7,6,8,7,7,6,8,7,6,5,6,5,6,5,8,7,7,6,7,6,5,4,5,4,7,6,6,5,5,4,7,6,9,9,6,5,7,6,8,8,8,8,9,9
child_66,0,7,U8,goalkeeper,low,good,strong,mild,low,frustrated,60,56,6,8,8,10,7,9,5,7,6,9,8,10,5,8,4,8,3,7,7,9,6,8,6,8,6,8,7,9,8,9,7,8,8,9,7,8,6,7,6,9,7,9,8,9,7,8,6,8,9,10,9,10,8,9,8,9,8,9,7,8,6,8,7,9,6,8,7,9,6,8,7,8,5,7,6,7,5,6,4,9,4,8,3,8,5,7,6,8,5,7,7,6,6,7,7,8,7,8,6,7,6,7,6,6,6,7,5,5,5,5,4,4,5,5,6,7,5,5,4,5,5,6,7,8,4,4,6,7,7,8,7,8,8,9
child_67,0,10,U10,mixed,high,bad,average,none,high,anxious,64,30,4,7,5,8,5,7,3,8,6,9,6,8,5,6,4,9,3,9,2,8,1,8,2,7,2,7,2,8,2,7,3,8,2,9,2,7,2,7,1,9,1,9,5,8,4,8,5,7,6,8,6,8,6,7,5,7,5,6,4,6,5,8,6,9,5,6,5,8,6,9,5,6,5,7,4,6,4,6,4,9,4,8,3,9,4,8,4,9,5,9,5,6,6,6,5,7,5,7,4,6,4,7,5,5,6,7,5,5,5,5,4,4,3,5,5,6,4,5,3,4,5,6,6,7,4,5,5,6,6,7,6,7,6,7
child_68,0,9,U10,goalkeeper,medium,good,average,none,low,frustrated,64,38,5,8,6,9,4,7,3,8,7,10,5,9,6,7,3,9,2,8,8,9,7,8,7,7,8,8,7,9,6,8,9,9,8,7,7,8,8,7,8,9,8,9,5,8,6,7,4,6,5,8,6,8,6,7,5,8,5,7,4,6,8,9,7,9,6,8,7,8,5,7,6,7,6,7,7,8,5,6,3,10,4,9,3,8,8,9,5,7,6,8,5,6,5,7,6,7,5,7,5,6,6,7,4,5,5,6,5,5,4,5,3,4,2,3,6,6,5,5,3,4,4,5,6,7,3,4,5,6,7,9,6,8,7,8
child_69,0,7,U9,defender,high,good,strong,none,medium,excited,34,100,9,8,8,7,7,6,8,8,9,9,9,9,6,5,10,10,10,9,8,8,8,8,9,9,9,9,8,8,8,8,8,8,8,7,9,9,8,7,8,7,9,8,9,9,8,8,9,9,9,9,9,9,9,8,8,7,10,9,10,10,9,8,8,9,6,5,9,9,8,8,7,7,8,7,7,6,6,5,10,10,9,8,9,9,8,7,10,10,9,9,7,6,8,7,9,8,9,8,8,7,8,7,7,6,8,8,7,6,7,6,6,5,6,5,7,6,6,5,5,4,7,6,8,7,6,5,7,6,9,8,9,9,9,9
child_70,0,7,U8,defender,low,good,strong,none,medium,excited,46,83,9,10,7,8,6,7,8,9,8,9,9,8,8,9,9,8,8,7,9,10,9,10,8,9,8,9,8,9,9,10,8,8,9,9,9,8,8,8,9,10,9,10,9,10,8,9,8,8,9,10,9,10,7,7,8,9,8,9,8,9,8,8,9,9,9,9,8,8,8,9,8,8,8,8,7,7,6,6,9,10,8,8,8,9,8,8,9,9,8,8,7,7,8,8,7,6,7,6,6,5,6,5,5,4,8,8,5,4,5,4,5,3,4,3,6,5,5,4,3,2,6,5,8,9,5,4,6,5,7,7,8,9,8,9
child_71,0,7,U8,midfielder,high,bad,strong,mild,medium,excited,35,57,9,10,10,10,8,7,7,8,9,8,10,10,6,5,9,10,8,7,2,10,2,10,2,10,2,10,2,10,2,10,4,7,3,10,2,9,2,10,1,10,1,10,9,10,8,9,9,9,10,10,10,10,9,8,8,8,10,10,10,10,7,9,7,8,6,5,7,8,8,9,7,6,6,5,6,5,5,4,10,10,9,8,10,10,8,8,10,9,9,9,6,5,9,10,10,9,10,9,8,7,8,7,6,5,7,7,5,4,5,4,4,3,4,3,9,8,6,5,3,2,5,4,9,10,3,3,6,5,10,10,8,8,10,10
child_72,0,8,U10,goalkeeper,low,good,average,none,medium,excited,19,86,9,8,6,5,4,3,7,9,8,9,5,4,5,6,9,10,8,9,8,9,7,8,8,9,8,8,8,9,9,7,8,8,9,8,9,8,8,7,9,9,9,9,6,7,7,6,5,5,7,7,9,9,4,5,6,7,8,7,9,8,8,9,8,9,5,6,7,8,7,8,7,6,6,6,6,7,5,6,9,10,8,8,9,10,7,7,8,9,9,8,7,5,7,6,4,3,5,4,3,2,4,3,4,4,6,5,5,4,5,4,3,2,2,2,3,3,2,2,2,1,4,3,5,4,2,1,3,2,6,7,5,5,6,6
child_73,0,10,U9,forward,medium,neutral,isolated,none,medium,frustrated,74,19,6,8,5,7,5,6,7,8,8,9,4,6,8,9,4,9,3,8,6,7,6,7,5,8,7,8,5,8,4,7,6,9,6,8,5,7,6,8,5,9,5,8,4,7,4,6,3,6,4,7,5,8,5,8,4,7,4,6,4,6,6,9,7,9,8,9,7,8,7,8,6,8,6,8,5,7,5,7,3,9,3,9,3,8,5,7,6,8,5,7,6,6,6,5,4,6,4,5,4,6,4,6,5,5,6,6,5,5,5,5,4,5,4,4,4,5,5,5,4,4,3,4,5,6,3,4,5,6,4,6,5,7,5,7
child_74,0,8,U8,defender,high,neutral,strong,none,high,happy,39,83,9,8,10,9,8,7,8,8,9,9,10,10,9,8,8,9,7,8,6,7,7,8,8,9,7,8,8,8,7,7,7,7,8,8,7,8,6,6,7,7,7,7,9,9,8,8,9,9,10,10,9,8,10,9,8,8,9,8,10,9,8,9,8,9,9,9,8,9,9,8,8,8,8,8,7,7,7,7,8,9,7,8,7,8,6,6,8,9,7,8,7,6,8,7,9,8,9,8,7,7,8,9,6,6,8,8,7,7,6,6,5,5,6,6,9,8,7,6,5,4,6,5,9,9,5,4,7,6,9,8,8,7,9,8
child_75,0,8,U7,goalkeeper,medium,neutral,average,mild,medium,excited,30,55,8,9,7,8,6,7,8,9,8,10,7,9,7,8,9,10,9,9,6,8,6,8,7,9,7,9,6,8,6,7,7,9,8,9,6,7,6,7,8,9,9,9,6,8,5,7,7,8,6,8,8,9,7,8,7,8,8,9,9,9,8,9,8,10,8,9,8,9,9,10,8,9,8,9,7,8,7,8,9,10,8,9,9,10,7,8,8,9,8,9,6,7,7,8,7,8,7,8,6,7,6,8,5,6,7,8,5,6,5,6,4,5,5,6,6,7,6,7,4,5,5,6,8,9,5,6,7,8,8,9,7,8,7,8
child_76,0,10,U8,midfielder,medium,good,isolated,none,high,neutral,58,57,8,9,5,7,4,6,7,8,6,8,4,5,9,10,7,9,5,6,8,9,8,8,7,8,8,9,7,9,8,9,8,7,9,8,7,8,8,7,9,10,9,10,4,7,5,6,6,7,4,8,7,9,5,6,6,7,6,7,5,6,7,9,6,9,9,10,7,9,7,8,8,9,7,8,5,6,5,6,5,8,6,7,5,8,7,6,6,7,7,9,5,5,6,6,5,6,4,5,4,5,4,5,5,6,7,8,6,5,6,5,3,4,3,4,5,6,5,6,3,4,5,5,6,6,4,5,5,6,6,7,7,8,7,8
child_77,0,7,U7,defender,low,good,average,mild,medium,excited,17,88,9,8,8,9,7,8,6,7,8,9,7,6,10,10,9,10,9,10,8,9,8,9,9,8,8,8,9,9,8,8,7,8,9,9,9,9,8,8,8,9,9,9,6,7,5,6,7,6,7,8,8,8,6,7,8,8,7,8,8,8,8,8,9,9,10,10,8,8,7,7,9,10,8,9,6,7,5,6,9,10,8,9,9,10,7,7,8,8,9,9,6,5,8,7,7,6,7,6,6,5,6,5,6,5,8,7,6,5,6,5,4,3,5,4,6,6,5,5,4,3,5,4,7,6,5,5,6,6,8,9,8,9,8,9
child_78,0,9,U9,goalkeeper,high,good,average,none,low,excited,48,68,9,10,8,9,7,8,6,7,8,8,9,10,8,9,9,9,8,7,9,10,8,9,8,9,8,9,7,9,9,10,8,8,9,9,8,8,8,8,9,10,9,10,7,8,7,8,8,8,8,9,9,10,9,10,8,9,9,9,9,10,6,7,7,8,8,9,7,8,7,8,8,9,7,8,6,7,6,7,9,9,8,8,8,9,7,8,8,9,7,8,8,7,8,8,9,10,9,10,8,8,9,9,7,7,8,8,7,6,7,6,6,5,6,5,8,7,7,6,5,4,6,5,8,9,5,4,7,6,9,10,8,8,8,8
child_79,0,10,U7,defender,medium,neutral,isolated,mild,high,excited,45,58,9,10,8,10,7,8,6,7,8,9,9,10,8,9,9,10,8,9,7,8,7,8,6,7,7,8,8,9,7,8,6,7,7,8,7,8,6,7,5,6,6,7,5,8,6,7,7,8,5,8,8,9,8,9,6,7,7,8,8,9,7,8,8,9,8,9,7,8,8,9,7,8,7,8,6,7,5,6,9,10,8,9,9,10,6,7,8,9,7,8,7,8,7,8,8,9,8,9,7,8,9,10,6,7,8,9,6,7,6,7,5,6,5,6,8,9,6,7,5,6,5,6,9,10,5,6,8,9,9,10,8,9,9,10
child_80,0,10,U8,midfielder,medium,good,average,none,low,neutral,50,54,8,9,9,10,6,7,7,8,7,8,7,8,6,8,5,7,4,6,8,9,8,8,7,8,7,9,7,8,8,9,7,8,6,8,6,7,7,7,7,9,8,9,7,8,6,7,6,7,7,8,7,9,5,6,6,7,6,7,5,6,8,8,7,9,6,8,7,8,6,7,6,7,5,6,5,6,5,6,5,7,6,7,5,6,5,6,6,7,6,7,5,5,6,6,4,5,4,5,5,6,5,6,4,5,5,6,4,5,4,5,3,4,3,4,4,5,3,4,2,3,5,6,6,7,3,4,4,5,6,7,5,6,5,6
child_81,0,10,U8,defender,low,good,average,mild,high,excited,48,88,9,10,7,8,6,7,8,9,7,8,7,6,10,10,9,9,8,8,8,8,9,9,7,8,8,9,9,10,8,9,8,7,9,8,9,9,8,7,10,10,10,10,7,7,6,7,6,6,7,8,8,9,6,7,7,7,8,8,9,9,8,9,8,9,10,10,8,8,9,9,9,10,8,9,7,8,6,7,10,10,8,8,9,9,7,7,8,8,9,9,6,6,8,8,7,6,7,6,5,5,6,6,7,7,9,9,6,6,7,6,5,5,4,4,8,8,5,5,3,3,6,6,8,8,4,4,5,5,7,7,8,8,9,9
child_82,0,9,U10,defender,high,good,average,mild,medium,happy,47,86,9,8,8,9,7,6,8,8,8,9,8,7,8,8,7,7,6,7,9,9,8,8,8,7,8,8,7,8,8,9,9,8,8,9,7,7,8,7,9,9,9,9,7,8,6,7,6,7,7,8,8,9,6,5,7,8,8,8,7,7,8,8,8,8,7,8,7,8,8,9,8,7,7,8,7,7,6,6,7,8,6,7,7,8,6,7,7,8,7,7,6,6,7,7,7,6,7,6,6,5,6,5,7,6,8,8,7,6,7,6,5,4,6,5,6,5,5,4,4,3,5,4,8,7,5,4,6,5,8,9,7,8,7,8
child_83,0,9,U7,defender,medium,good,strong,mild,medium,neutral,56,96,7,8,8,8,6,6,9,9,7,9,8,7,6,5,7,9,6,8,8,8,7,7,8,8,7,7,7,8,9,9,8,8,8,9,8,8,8,7,8,9,9,9,8,8,7,7,6,6,8,9,9,9,6,5,8,8,7,7,8,8,8,9,7,8,6,5,8,8,9,9,6,6,7,7,6,7,6,6,7,9,6,8,7,8,7,7,8,8,7,7,6,5,6,7,5,5,5,5,4,4,5,5,5,5,6,6,5,5,5,5,4,4,5,5,6,6,5,5,4,4,6,6,6,5,5,5,5,5,8,8,7,7,8,8
child_84,0,8,U9,defender,low,good,average,mild,low,frustrated,60,32,4,8,5,9,4,6,6,7,7,9,5,6,6,7,3,8,3,7,8,10,7,9,6,8,7,8,8,9,6,8,7,9,7,8,6,7,7,8,9,10,8,10,6,8,5,7,5,6,5,8,6,8,5,6,4,6,4,5,4,5,6,9,7,10,6,7,6,7,6,8,6,8,7,8,6,7,5,6,3,8,3,8,4,9,6,7,5,8,6,8,5,5,4,6,3,5,3,5,4,6,3,4,3,4,4,5,3,4,3,4,2,3,2,3,4,5,4,5,3,3,4,4,5,6,3,3,4,5,4,5,5,6,5,6
child_85,0,9,U8,goalkeeper,medium,neutral,average,none,high,frustrated,70,51,5,7,7,9,6,8,6,7,5,8,7,9,5,8,3,8,3,6,5,7,5,8,5,7,5,8,5,9,5,7,6,9,5,7,5,8,4,6,4,7,4,7,6,8,5,7,4,6,7,9,6,8,7,9,6,8,5,7,4,6,7,9,6,8,5,8,6,8,6,8,7,9,6,7,6,8,5,7,3,9,3,8,4,8,5,7,6,8,5,7,6,5,6,7,5,6,5,6,6,8,5,7,5,5,5,6,5,4,5,4,4,3,4,3,5,6,4,4,3,3,6,5,7,8,4,4,6,7,5,8,5,7,5,8
child_86,0,8,U8,forward,medium,good,isolated,none,medium,happy,36,58,9,9,6,6,5,6,7,7,7,9,5,5,8,8,6,8,6,7,8,9,8,8,7,8,7,8,7,9,7,8,7,8,8,9,7,8,8,7,8,9,8,9,5,7,5,6,6,6,5,7,7,8,5,5,5,6,5,6,5,7,6,7,6,8,8,8,6,7,6,7,6,8,6,7,5,6,5,6,5,8,6,7,5,8,5,6,6,7,6,7,5,5,6,6,5,5,5,5,5,5,5,5,5,5,6,6,5,5,5,5,5,5,5,5,5,6,5,5,5,5,5,5,7,8,5,5,5,5,6,6,6,6,6,6
child_87,0,9,U8,goalkeeper,medium,good,average,mild,low,neutral,48,44,6,7,7,8,5,6,6,6,5,7,6,6,7,8,5,6,4,5,8,9,7,8,6,7,6,7,5,6,6,7,7,8,6,7,5,6,6,7,6,8,7,8,5,6,4,5,5,6,6,7,6,7,5,6,5,6,5,6,5,6,5,6,6,7,7,8,5,6,5,6,6,7,5,6,5,5,4,5,5,6,4,5,4,5,5,6,5,6,5,6,5,4,5,5,4,5,4,5,4,5,4,5,3,4,4,5,4,5,3,4,3,4,3,4,4,5,4,5,3,4,5,6,6,7,4,5,5,6,5,6,5,6,6,7
child_88,0,8,U10,mixed,high,good,average,mild,medium,excited,49,94,9,8,8,7,7,6,10,9,9,9,7,6,8,8,10,10,10,8,9,9,9,8,8,7,8,7,9,8,9,9,8,7,9,8,8,7,8,7,10,9,10,9,7,6,8,7,7,6,8,8,9,8,6,5,8,7,9,8,10,9,8,7,9,8,9,8,8,7,9,8,8,7,9,8,7,6,6,5,10,10,9,9,9,8,8,7,9,8,10,9,6,5,7,6,7,6,8,7,6,5,5,4,6,5,8,7,7,6,7,6,5,4,5,4,6,5,7,6,5,4,6,5,9,8,5,4,7,6,8,7,9,8,10,9
child_89,0,8,U7,defender,medium,good,average,none,low,excited,23,72,8,7,6,5,5,4,7,8,8,9,6,5,9,8,9,10,8,9,9,9,8,8,9,8,9,8,8,9,9,7,8,7,9,9,9,8,8,7,9,8,9,9,6,6,7,6,7,6,7,7,8,8,6,5,7,7,8,7,8,7,8,8,9,9,9,9,8,8,8,8,8,7,8,7,7,6,7,6,10,10,9,9,9,8,8,7,9,9,8,8,7,6,8,7,5,4,6,5,4,4,4,3,5,4,7,6,6,5,6,5,3,2,2,2,5,5,6,5,2,2,5,4,7,7,3,3,5,4,6,6,6,5,6,6
child_90,0,10,U8,forward,medium,bad,strong,mild,high,anxious,74,48,7,8,9,9,6,7,6,8,7,9,8,9,7,8,5,8,4,7,2,10,2,9,3,9,3,8,3,8,2,9,4,7,4,8,3,7,2,7,1,9,1,10,8,9,7,8,7,8,8,9,8,9,7,8,7,8,8,8,8,8,6,8,7,9,7,8,7,8,6,8,7,8,6,7,5,7,5,6,4,9,5,7,4,8,6,7,6,8,6,8,5,5,6,7,7,8,8,9,5,6,6,7,5,6,6,7,6,6,5,5,4,4,5,6,6,7,5,5,3,4,4,5,7,8,4,4,5,5,8,8,6,6,7,7
child_91,0,10,U10,midfielder,medium,good,average,none,medium,happy,35,74,9,8,10,9,8,7,8,8,7,6,9,8,10,9,6,8,5,6,8,7,9,8,9,9,8,8,8,9,9,8,7,7,8,8,7,6,8,7,9,8,9,8,7,8,8,7,7,6,8,9,9,8,10,9,7,7,8,8,9,9,8,8,9,9,10,9,8,7,8,8,10,9,7,6,6,5,5,5,6,8,7,7,6,8,7,6,8,8,7,7,6,5,9,8,10,9,9,8,7,6,8,7,6,5,9,8,7,6,7,6,5,4,6,5,9,8,8,7,4,3,6,5,10,9,7,6,8,8,9,8,8,7,9,8
child_92,0,7,U9,forward,low,bad,average,none,medium,happy,53,28,7,8,9,10,8,9,6,7,5,8,8,9,7,9,4,9,3,7,2,10,2,9,2,8,3,8,2,9,3,9,3,7,1,8,2,6,2,6,1,9,1,10,6,9,7,8,6,8,6,9,7,10,8,9,5,8,6,7,5,7,5,8,6,9,7,9,6,8,6,8,7,9,5,7,5,6,4,5,4,10,5,8,4,9,4,8,5,9,4,8,3,5,6,8,8,9,8,9,6,8,6,7,5,5,5,6,5,5,5,5,4,4,5,5,7,8,6,6,4,5,6,7,8,8,4,4,6,8,8,9,5,7,6,8
child_93,0,8,U8,goalkeeper,low,good,strong,none,low,excited,34,88,9,10,10,10,8,7,7,8,8,9,9,7,10,10,9,8,9,7,8,9,9,8,9,8,9,8,8,9,9,9,8,7,9,8,9,8,9,8,9,8,10,9,10,9,9,8,10,9,10,9,10,9,8,7,9,8,10,9,10,9,8,9,8,9,10,10,8,8,9,9,10,9,8,8,7,6,6,5,10,10,9,8,9,9,8,7,9,8,9,8,8,6,10,9,7,6,8,7,6,5,6,5,7,6,8,7,7,5,7,5,5,4,5,4,8,7,6,5,4,3,7,6,10,9,6,5,8,7,9,8,8,7,9,8
child_94,0,7,U9,defender,low,good,strong,none,low,anxious,52,66,8,10,9,10,7,8,9,9,6,7,8,9,7,8,5,8,4,7,9,10,8,9,7,8,8,9,7,8,9,9,8,9,6,7,7,8,8,9,9,10,9,10,9,10,8,9,7,8,8,9,9,10,8,9,7,8,8,9,9,10,7,8,6,8,7,8,7,8,8,9,6,8,6,7,5,6,5,6,5,6,4,5,5,6,6,7,5,6,6,7,7,8,8,9,8,9,8,9,7,8,6,7,6,7,8,9,5,6,5,6,5,6,4,5,6,7,5,6,4,5,6,7,8,9,5,6,7,8,8,9,7,8,8,9
child_95,0,7,U7,defender,medium,neutral,strong,none,medium,excited,58,76,9,10,10,10,8,8,8,9,8,9,9,9,10,10,9,10,9,8,7,8,7,8,8,9,8,9,8,9,8,9,8,8,8,7,8,8,7,7,9,10,9,10,9,9,8,8,9,9,10,10,10,10,8,7,8,9,9,9,9,9,9,8,9,9,10,10,9,9,9,9,10,10,9,9,8,8,7,7,9,10,8,8,9,9,7,7,8,8,8,8,7,7,8,8,8,7,8,7,6,6,7,6,7,6,8,8,8,6,8,6,5,5,5,4,6,5,6,5,4,3,6,6,8,7,5,5,7,6,9,8,8,7,9,8
child_96,0,10,U10,defender,low,good,average,none,high,excited,42,83,9,9,10,10,8,8,7,7,8,9,9,9,7,8,9,10,9,9,9,9,9,9,8,8,8,8,8,9,9,9,8,8,8,9,9,9,8,8,9,9,9,9,8,8,8,8,8,8,9,9,9,9,9,9,8,8,9,9,9,9,7,8,7,9,8,8,7,8,7,8,8,9,7,8,6,7,6,7,9,10,8,9,9,10,7,8,9,9,8,9,7,6,9,9,10,10,10,10,8,8,9,9,7,6,9,9,7,6,7,6,6,5,7,6,8,8,7,6,6,5,7,7,9,9,5,4,8,7,10,10,9,9,9,9
child_97,0,10,U8,goalkeeper,medium,good,average,none,medium,happy,52,72,8,9,9,9,7,8,8,8,7,8,9,9,6,7,7,9,6,8,8,9,8,9,8,8,7,8,7,9,8,9,8,8,9,9,7,8,8,8,9,9,9,9,7,8,7,8,8,8,8,9,9,9,9,8,7,8,9,8,9,9,7,8,7,8,6,7,8,8,7,8,7,8,7,8,7,7,6,6,7,9,7,8,7,8,6,7,7,8,7,8,6,5,7,6,8,9,8,9,7,7,8,8,6,5,8,9,7,6,6,5,5,4,6,5,8,7,6,5,4,3,5,4,8,8,5,4,7,6,9,9,8,7,8,8
child_98,0,8,U8,mixed,medium,neutral,strong,none,high,neutral,44,74,8,8,7,6,6,5,8,9,7,9,8,7,6,8,7,9,6,7,6,6,6,7,5,6,5,7,6,8,6,6,8,9,7,8,7,7,5,6,7,6,7,7,8,8,7,8,8,8,8,9,8,9,7,6,7,7,8,8,8,7,8,9,8,9,7,8,8,8,7,8,6,7,7,8,6,7,6,6,6,8,5,8,6,8,6,7,7,8,7,8,5,5,6,5,7,6,6,5,5,5,5,4,6,5,6,5,6,5,6,5,5,4,5,4,5,4,6,5,4,3,6,5,7,7,5,4,6,5,7,6,8,8,8,8
child_99,0,8,U7,defender,low,good,average,none,medium,excited,50,81,9,8,7,6,6,5,8,7,8,9,7,6,8,9,9,10,9,9,8,9,8,9,8,8,8,8,9,9,8,8,8,8,9,9,8,8,8,7,9,9,9,9,7,7,7,7,8,8,7,7,8,8,6,5,7,7,8,8,9,8,7,8,8,9,8,9,8,8,8,9,8,7,8,8,7,7,6,6,9,10,8,9,9,9,7,7,8,9,8,8,7,5,8,7,6,5,7,6,6,5,7,6,6,5,8,7,7,5,6,5,5,4,5,4,6,5,5,4,4,3,6,5,7,6,5,4,5,5,9,8,7,6,8,7
child_100,0,7,U10,forward,low,good,average,mild,high,excited,23,91,8,7,6,5,5,4,7,9,9,10,8,6,7,8,9,10,10,9,8,9,8,8,9,9,9,8,8,9,9,7,8,10,8,8,7,9,9,7,9,8,9,8,6,6,7,7,7,5,8,7,9,8,7,6,8,7,9,8,10,9,8,9,9,10,8,9,8,8,8,8,7,9,6,8,8,7,7,6,10,10,9,8,10,9,8,7,9,9,8,8,7,5,9,8,6,5,7,6,5,4,6,6,5,5,8,8,6,5,5,4,4,3,5,4,7,6,6,5,4,3,7,6,8,7,5,4,6,5,9,10,8,9,8,8
child_101,0,8,U9,goalkeeper,medium,good,isolated,none,high,neutral,47,52,7,8,8,9,6,7,5,6,6,8,4,5,7,9,5,7,4,6,8,9,8,9,7,8,7,8,6,7,8,9,7,8,9,10,6,7,8,9,9,10,9,10,5,6,5,6,4,5,5,6,7,8,5,6,6,7,5,6,5,6,7,8,8,9,7,8,6,7,6,7,7,8,6,7,5,6,5,6,5,8,5,7,5,8,6,7,6,7,7,8,6,7,7,8,4,5,5,6,4,5,5,6,5,6,6,7,4,5,4,5,3,4,3,4,5,6,4,5,2,3,5,6,6,7,4,5,3,4,5,6,6,7,7,8
child_102,0,10,U9,goalkeeper,medium,neutral,isolated,mild,medium,excited,30,41,8,9,6,8,4,7,7,8,9,10,5,6,7,9,9,10,8,10,6,7,6,7,7,8,6,7,6,8,5,7,7,8,5,8,6,7,5,6,5,7,5,8,4,8,3,7,4,6,5,7,7,8,4,5,5,6,5,7,5,6,8,9,7,9,8,9,6,8,7,8,6,7,7,8,5,6,4,5,9,10,8,9,9,10,7,8,8,9,8,9,6,5,5,6,4,5,5,6,3,4,4,5,5,6,6,7,6,7,6,7,5,4,3,4,4,5,3,4,2,3,4,5,6,7,3,4,5,6,6,7,5,6,6,7
child_103,0,7,U9,midfielder,high,good,isolated,none,medium,excited,36,80,9,9,10,10,8,9,10,10,9,9,10,10,10,10,9,9,8,8,8,9,8,9,9,9,8,8,9,9,9,9,8,8,9,9,8,9,8,8,9,9,9,9,6,7,7,8,7,8,7,8,9,9,10,10,7,8,10,10,10,10,8,9,9,9,10,10,8,9,9,9,9,10,8,9,7,8,6,7,10,10,8,9,9,9,7,8,9,9,8,9,6,7,8,8,9,9,9,9,8,8,10,10,7,7,8,8,7,7,7,7,5,5,6,6,8,8,8,8,4,5,6,6,9,9,5,5,6,7,10,10,9,9,9,9
child_104,0,10,U10,mixed,high,neutral,strong,mild,medium,frustrated,64,22,5,7,4,6,3,5,4,8,7,9,4,5,6,8,3,6,2,5,5,7,5,6,4,7,5,8,6,9,4,6,5,7,3,8,4,6,5,6,2,8,2,8,6,8,5,7,5,6,7,8,7,8,3,4,6,6,3,5,3,5,6,9,7,9,5,7,6,8,5,6,5,7,5,6,4,5,4,5,2,8,3,7,2,6,5,6,4,6,3,7,5,4,4,5,3,4,2,3,2,4,1,2,2,3,4,5,3,4,2,3,1,2,1,2,1,2,2,3,1,2,2,3,3,4,1,2,1,2,2,3,4,5,5,6
child_105,0,7,U8,midfielder,low,good,strong,none,high,anxious,60,100,8,9,7,7,6,6,9,10,7,8,8,7,6,8,6,8,5,7,9,9,8,8,7,7,7,8,8,9,9,9,9,9,9,9,8,8,8,7,9,9,9,9,9,9,8,8,7,8,8,9,9,9,7,6,8,8,8,8,8,8,8,9,9,10,6,8,8,9,8,8,7,8,8,8,7,7,6,6,6,8,6,7,6,8,7,7,7,8,8,8,5,5,8,8,5,5,5,5,4,4,4,4,5,5,6,6,5,5,5,5,4,4,3,3,5,5,6,6,3,3,6,6,7,7,4,4,5,5,6,6,8,8,8,8
child_106,0,8,U8,goalkeeper,high,good,average,mild,high,excited,34,92,9,9,10,10,7,8,8,9,9,10,8,7,9,9,10,10,8,9,8,9,9,9,9,9,8,8,8,9,7,6,9,9,9,9,9,9,8,8,9,9,9,9,7,8,7,8,8,7,8,9,8,8,7,7,8,9,9,10,9,10,8,8,9,9,9,9,8,8,8,9,8,9,7,8,8,7,7,6,10,10,8,8,10,10,8,7,9,9,9,9,8,7,9,8,9,7,9,7,7,6,8,7,7,6,8,7,7,6,6,5,5,4,5,4,8,7,6,5,4,3,6,6,9,9,5,4,7,6,8,9,9,8,9,8
child_107,0,8,U8,defender,low,good,strong,none,high,excited,49,84,8,9,9,10,7,8,7,9,8,10,8,8,7,8,9,10,9,9,9,10,8,9,9,9,8,9,8,9,9,10,8,9,9,10,8,9,8,8,9,10,9,10,9,10,8,9,8,8,9,10,9,10,8,8,8,9,9,10,9,10,8,9,8,9,7,8,8,9,8,9,8,9,8,9,7,8,7,7,9,10,8,9,9,10,8,8,9,10,9,10,7,6,8,9,7,7,7,7,6,6,5,5,6,5,8,8,6,6,6,6,5,4,5,4,7,7,6,6,5,5,6,6,7,8,5,5,6,6,7,7,8,9,9,10
child_108,0,8,U10,goalkeeper,medium,good,average,mild,high,neutral,47,43,6,8,7,9,5,7,4,8,6,9,5,7,6,8,7,9,6,8,8,9,7,8,6,8,7,8,7,9,6,7,7,8,8,9,6,8,7,8,8,9,8,9,6,7,5,6,5,6,6,7,7,8,5,6,6,7,6,7,6,8,7,8,6,9,6,8,5,8,7,8,6,7,5,7,6,7,5,6,6,9,5,8,6,9,6,8,6,9,5,8,7,5,7,6,5,5,5,5,4,6,5,5,5,6,7,7,6,6,6,6,4,5,3,4,5,6,4,5,3,4,4,5,6,7,4,5,5,6,7,8,6,7,7,8
child_109,0,9,U9,goalkeeper,medium,good,average,mild,medium,excited,26,72,9,10,8,10,7,8,6,7,8,9,7,8,6,5,9,9,9,8,8,9,8,9,8,8,7,9,8,9,8,9,8,8,8,8,9,8,8,8,9,10,9,10,6,7,6,7,6,8,7,8,8,9,5,6,7,8,8,9,8,8,8,9,7,9,6,5,7,7,7,8,6,7,6,7,6,7,5,5,9,10,8,9,9,10,7,8,8,9,8,9,7,6,8,7,7,6,7,6,6,6,5,5,6,5,8,7,6,5,6,5,5,4,5,5,6,6,5,5,4,3,6,5,7,7,5,4,5,5,7,6,8,7,8,7
child_110,0,10,U8,defender,low,good,average,none,high,excited,48,83,9,9,10,10,8,8,6,7,7,8,10,10,9,9,8,9,7,8,9,10,9,9,8,8,8,8,7,9,9,10,8,9,9,10,8,8,9,8,10,10,10,10,8,9,7,8,7,8,8,9,9,10,10,10,9,9,10,10,10,10,8,9,7,8,9,9,8,8,8,8,8,8,7,7,6,7,5,6,9,9,8,8,8,9,7,8,8,9,9,9,7,6,10,10,9,9,10,10,8,8,9,9,6,7,10,10,6,6,5,5,4,4,3,3,8,8,7,7,2,2,5,5,9,9,3,3,8,8,10,10,7,8,9,9
child_111,0,9,U7,midfielder,medium,neutral,average,none,low,excited,39,76,9,9,10,10,8,7,10,10,8,8,10,10,7,8,9,9,9,9,7,8,7,8,8,9,8,9,8,9,8,9,9,10,8,9,8,9,8,8,9,9,9,9,9,9,9,8,9,8,9,9,10,10,10,10,9,9,10,10,10,10,9,9,8,9,8,8,9,9,10,10,9,8,8,8,8,7,7,7,10,10,8,9,9,9,9,8,9,9,9,9,8,7,10,10,10,10,10,10,9,8,10,10,8,7,8,8,8,7,8,7,6,5,5,4,7,6,6,5,5,4,6,6,8,8,6,5,7,6,10,10,8,8,9,9
child_112,0,10,U7,mixed,medium,neutral,average,none,low,frustrated,80,27,6,8,8,9,7,8,8,9,5,9,7,8,9,10,4,7,3,8,6,7,6,8,5,8,6,7,5,9,5,8,6,7,4,8,5,8,6,7,3,8,3,9,6,8,5,7,4,8,6,9,7,9,8,9,5,8,5,8,4,7,6,8,7,9,9,10,6,8,7,8,8,9,5,7,6,7,5,6,3,8,2,8,4,7,6,8,6,9,5,8,4,6,5,8,6,8,7,9,4,7,5,6,5,6,6,7,5,6,5,6,3,5,4,5,7,8,6,7,3,4,5,6,7,8,5,6,6,7,5,6,6,7,5,6
child_113,0,10,U8,defender,medium,neutral,isolated,none,low,anxious,52,21,7,8,6,9,5,7,7,8,6,9,5,8,4,5,5,6,4,5,5,7,5,7,5,7,5,8,5,8,5,8,6,8,4,8,5,6,5,6,3,9,3,9,4,7,4,7,4,6,4,7,5,8,5,7,4,7,5,6,4,6,6,8,7,9,4,5,6,8,6,8,5,7,5,6,5,6,5,5,5,7,4,7,4,6,5,6,5,6,5,6,5,4,4,5,5,7,5,7,4,5,3,5,4,5,5,6,4,4,4,4,3,3,3,4,5,6,4,5,3,3,4,5,5,6,3,3,4,5,3,5,5,6,5,6
child_114,0,10,U10,midfielder,low,good,average,mild,medium,frustrated,53,45,6,8,7,9,5,7,6,8,4,9,5,7,8,9,3,8,2,8,8,9,7,8,7,7,6,8,6,9,6,8,7,8,7,8,6,7,8,8,8,9,8,9,5,8,6,7,4,8,5,7,6,8,5,6,5,7,4,6,3,6,5,8,7,8,8,9,5,8,6,7,7,9,6,7,5,6,4,5,2,9,2,7,3,8,6,7,4,8,5,8,5,6,6,7,5,6,5,6,4,5,4,5,5,6,6,7,6,5,5,5,5,4,3,3,6,6,5,5,4,4,5,6,6,6,5,5,5,6,4,6,5,6,5,7
child_115,0,10,U10,midfielder,low,good,strong,frequent,low,excited,16,48,9,8,10,9,8,7,7,8,9,10,8,6,9,8,10,9,9,10,8,9,7,8,8,9,8,8,9,9,8,9,7,7,9,9,9,8,8,7,8,9,9,9,8,8,7,7,9,8,10,9,9,8,8,7,9,8,10,9,10,9,7,8,6,8,9,8,7,7,8,9,8,9,7,8,6,6,5,5,10,10,9,8,9,10,7,7,9,9,9,8,8,6,8,7,9,8,8,7,7,6,8,7,6,5,8,7,6,5,5,4,4,3,5,4,9,8,5,4,3,3,6,6,9,8,5,4,8,7,9,9,7,6,8,7
child_116,0,7,U8,goalkeeper,medium,neutral,average,none,low,neutral,51,28,9,10,10,10,8,9,5,8,6,7,9,10,7,8,5,6,4,5,6,7,5,6,6,7,5,7,5,7,6,8,5,7,5,6,6,7,5,6,3,8,4,8,6,8,7,8,5,7,6,8,7,9,8,9,6,8,7,8,7,9,5,7,6,8,7,8,6,7,5,7,6,8,5,6,4,5,3,4,4,6,5,6,4,5,4,5,5,6,5,6,6,5,8,8,9,10,9,10,6,7,8,9,5,5,6,7,5,5,4,4,5,5,4,4,8,9,7,8,3,4,6,6,8,9,5,5,7,8,9,10,6,6,7,8
child_117,0,9,U7,midfielder,medium,good,strong,mild,low,excited,44,83,8,7,7,6,6,5,7,8,8,9,8,6,7,7,9,10,9,9,8,7,8,6,9,7,8,8,9,8,8,7,9,8,9,9,8,7,8,7,9,8,9,9,9,8,7,6,8,7,9,8,9,8,7,6,8,7,9,8,9,8,9,9,8,9,8,7,8,9,8,8,8,7,8,7,7,8,7,7,9,10,8,8,8,9,8,7,9,9,8,8,7,6,9,8,6,5,7,6,6,5,6,5,5,4,6,6,5,4,5,4,4,3,3,2,5,4,5,4,3,2,4,3,7,6,3,2,5,4,9,9,8,8,8,8
child_118,0,9,U8,mixed,low,neutral,strong,none,low,excited,34,79,9,9,10,10,8,8,7,7,8,7,10,10,6,5,9,8,9,8,7,8,7,8,8,8,7,7,6,8,8,8,7,8,8,9,7,7,7,6,8,8,9,9,10,10,9,8,10,9,10,10,10,9,10,10,9,9,10,9,10,10,8,8,7,8,6,5,7,7,8,7,7,6,7,6,6,5,5,5,10,10,9,9,10,9,8,8,9,9,9,8,7,6,8,7,10,9,10,9,8,8,9,8,7,6,8,8,7,6,7,6,5,4,6,5,10,9,8,7,5,4,6,5,10,9,5,4,9,8,10,10,9,8,9,8
child_119,0,7,U10,forward,low,neutral,average,none,low,frustrated,64,46,4,6,5,7,3,5,8,9,6,8,4,5,9,10,3,7,3,8,5,6,5,6,4,7,6,7,6,8,5,6,5,6,7,8,5,6,5,5,4,8,6,7,5,6,4,5,4,5,5,6,5,6,3,4,4,5,4,5,3,5,7,8,6,9,9,10,5,6,8,9,7,8,7,8,5,6,5,6,3,8,4,7,3,7,5,6,5,6,6,7,5,5,5,6,4,3,4,3,3,4,3,4,4,3,4,3,5,4,4,3,3,4,2,3,3,2,3,2,2,3,3,4,5,5,3,4,3,4,2,3,6,7,5,6
child_120,0,8,U8,defender,high,neutral,average,none,high,excited,36,67,9,8,8,7,7,6,6,7,8,9,7,8,8,8,9,9,9,8,6,7,6,6,7,7,7,7,7,8,6,7,7,7,7,7,6,7,6,6,6,6,6,7,7,8,7,7,6,7,7,8,8,9,6,6,7,8,8,9,8,8,7,7,8,8,8,8,7,7,7,7,7,8,6,6,6,6,5,5,9,9,7,7,9,9,6,6,8,8,8,9,6,5,7,6,7,6,7,6,6,5,6,5,5,5,7,7,6,6,6,6,4,4,5,5,7,6,5,4,4,4,6,5,7,6,5,4,6,5,7,8,7,7,7,8
child_121,0,9,U10,forward,low,good,average,none,high,excited,30,69,8,9,9,10,7,8,8,9,9,10,6,5,8,9,10,10,10,10,8,9,8,8,9,9,8,8,9,9,7,5,8,7,8,7,9,8,8,7,9,9,9,9,8,9,7,7,6,5,7,8,8,8,5,6,7,7,9,9,9,9,8,9,9,9,8,9,7,7,8,8,7,7,8,8,7,6,6,6,10,10,8,9,9,10,8,7,9,9,9,8,6,5,9,8,5,4,6,5,5,4,5,4,6,5,7,6,6,5,6,5,5,4,5,4,6,5,5,4,4,3,7,6,8,9,6,5,7,6,8,8,7,6,7,6
child_122,0,10,U9,goalkeeper,high,neutral,average,none,high,excited,24,58,7,6,6,9,5,5,7,9,9,10,5,4,4,3,9,10,8,9,6,7,6,8,7,9,8,9,7,8,6,7,6,7,8,9,7,7,5,6,9,10,9,10,6,7,5,6,5,5,6,7,8,9,4,3,7,6,8,7,9,8,8,9,9,9,4,3,7,8,8,8,5,5,6,7,6,6,5,5,10,10,8,8,9,10,6,7,7,8,6,7,6,5,5,6,3,2,3,2,2,2,2,2,3,3,5,5,4,4,4,4,2,2,2,2,2,2,2,2,2,2,3,3,5,5,2,2,3,3,3,3,6,7,5,6
child_123,0,7,U7,forward,medium,good,strong,none,high,excited,41,100,8,7,6,6,5,4,7,8,9,9,5,5,7,8,9,10,9,9,8,9,8,8,7,8,8,8,9,9,8,9,7,7,9,9,9,9,8,7,10,10,10,10,9,9,8,8,8,7,9,9,9,9,5,4,8,8,9,9,8,8,8,8,9,9,8,8,7,7,9,9,8,8,8,8,7,7,6,6,9,10,9,9,9,9,7,7,9,9,8,8,5,4,7,6,4,3,4,3,3,2,3,2,3,2,5,5,4,3,4,3,3,2,2,2,2,1,2,1,1,1,3,2,5,5,2,1,3,2,5,5,6,7,6,7
child_124,0,10,U9,goalkeeper,high,bad,strong,mild,high,excited,45,69,8,9,9,8,6,5,7,8,9,10,7,6,5,4,9,10,8,9,2,10,3,9,3,10,3,8,4,9,2,10,4,8,2,10,3,9,3,8,2,10,2,10,8,9,7,7,8,8,9,9,8,9,6,5,7,6,8,7,9,8,7,8,9,9,5,4,8,7,6,5,7,8,6,5,5,6,4,5,9,10,8,9,8,9,7,8,8,9,8,9,6,5,7,8,5,5,5,5,4,5,4,6,5,5,6,6,5,5,5,5,4,4,3,4,4,5,3,4,2,3,6,7,7,7,3,3,4,4,6,7,5,6,6,7
child_125,0,7,U9,midfielder,medium,good,strong,none,low,happy,48,59,8,9,9,8,7,6,7,8,6,7,9,9,8,8,6,7,5,6,8,8,8,8,8,7,8,8,7,7,9,9,8,8,9,9,7,6,8,7,8,7,9,9,9,9,8,8,8,8,9,9,9,9,8,8,8,7,9,9,9,9,7,8,7,8,8,8,8,8,7,7,7,8,6,7,6,7,5,6,6,7,5,6,6,7,6,6,7,7,6,6,5,5,5,5,8,8,8,8,7,6,8,8,5,5,8,8,5,5,5,5,6,6,5,5,7,7,7,7,4,4,7,6,8,8,5,5,6,6,9,8,6,6,8,8
child_126,0,10,U9,forward,medium,good,average,frequent,high,excited,39,73,9,8,8,8,7,7,9,9,8,8,9,9,8,8,10,10,9,9,9,8,8,9,8,8,8,8,8,9,9,9,9,8,9,9,9,9,8,7,8,8,9,9,6,7,6,7,7,7,7,8,8,8,8,9,7,7,8,8,9,9,8,9,8,8,8,8,8,9,9,9,8,8,8,8,7,7,7,7,9,10,8,9,9,9,8,8,9,9,9,9,7,6,9,9,9,8,9,8,8,8,8,7,7,7,8,8,6,6,6,6,5,5,4,4,7,7,6,6,5,5,6,6,8,8,5,5,7,6,9,9,8,8,8,8
child_127,0,9,U10,defender,medium,neutral,isolated,none,low,anxious,76,0,5,7,4,6,3,5,6,8,5,7,3,6,6,8,5,8,4,7,5,6,5,7,4,6,4,6,4,7,3,5,5,6,3,7,5,6,5,6,3,8,3,8,3,6,3,6,4,6,3,6,5,7,4,6,3,7,3,6,2,6,6,8,5,9,6,8,5,8,6,8,4,7,6,8,5,7,4,6,4,9,4,7,4,8,5,6,5,7,4,7,5,5,4,6,3,5,3,5,4,5,3,4,3,4,4,5,3,4,3,4,2,3,3,3,4,6,3,3,2,2,4,5,5,6,4,4,3,5,5,7,4,5,4,5
child_128,0,9,U8,midfielder,medium,good,average,none,medium,happy,53,70,9,8,10,9,9,8,7,7,6,8,9,9,8,7,7,9,6,8,8,9,8,8,9,8,8,7,7,7,8,8,7,6,8,8,8,9,8,7,9,9,9,9,7,8,7,8,8,8,7,8,9,8,10,9,8,8,9,9,10,9,7,6,7,8,8,8,6,7,8,8,7,7,6,6,6,5,5,4,7,9,6,7,7,8,6,6,7,8,7,8,8,6,7,9,10,9,9,9,6,5,9,8,7,5,8,7,6,5,6,5,5,4,6,5,9,8,8,7,5,4,6,5,9,8,5,4,7,7,9,8,8,8,9,9
child_129,0,10,U8,mixed,low,neutral,strong,none,medium,excited,30,58,8,9,9,10,7,8,8,9,6,8,8,7,7,8,9,9,9,10,7,8,7,8,7,8,7,8,7,9,7,8,8,9,6,8,7,8,6,7,8,8,8,8,9,9,8,9,9,9,9,10,9,10,7,8,8,8,8,9,9,9,8,9,7,9,8,8,7,8,8,9,7,8,6,7,6,8,5,7,9,10,8,9,9,10,7,8,8,9,7,8,6,6,7,7,6,7,6,7,5,6,5,6,6,6,7,7,6,6,5,6,4,5,4,5,7,8,5,6,4,5,5,6,8,9,5,6,7,8,7,8,7,8,8,9
child_130,0,9,U7,midfielder,low,good,average,frequent,high,happy,45,60,8,7,6,9,5,6,7,8,7,9,6,5,8,8,7,10,6,9,9,8,8,8,7,8,8,7,7,9,9,8,8,9,8,8,7,7,7,6,9,10,9,10,5,7,5,6,6,5,6,7,7,8,4,5,5,6,5,5,6,6,8,9,7,9,8,8,6,7,7,8,7,8,8,9,7,7,6,6,6,10,6,7,6,9,7,7,7,8,7,9,6,5,9,6,6,5,6,5,4,6,4,6,5,5,6,6,5,4,5,4,3,3,3,3,5,6,4,5,3,3,5,5,7,8,4,4,4,5,6,7,7,8,7,8
child_131,0,9,U8,goalkeeper,medium,neutral,average,none,low,happy,49,56,8,9,9,10,7,8,6,8,7,9,8,9,8,8,7,9,6,7,7,8,6,7,7,8,6,7,6,8,7,7,6,8,8,9,7,8,6,7,7,9,8,9,7,8,7,8,8,8,8,9,8,9,9,9,8,8,8,9,8,8,7,8,8,9,8,9,7,8,7,8,8,9,7,8,6,7,6,7,6,9,5,8,7,9,6,7,8,9,7,9,6,7,5,6,8,9,7,8,6,7,9,10,6,7,7,8,5,6,5,6,4,5,6,7,8,9,7,8,5,6,6,7,8,9,4,5,7,8,9,10,6,7,7,8
child_132,0,9,U7,mixed,low,neutral,strong,none,medium,happy,42,59,8,9,9,10,7,8,6,7,5,8,9,10,7,8,5,6,4,5,6,7,5,6,7,8,6,7,5,7,6,8,5,6,7,8,6,7,5,6,6,7,6,7,9,9,8,8,7,8,8,9,9,10,9,9,8,8,8,8,8,9,6,7,7,8,7,8,6,7,6,7,6,8,5,6,5,6,4,5,5,6,5,6,5,6,6,7,6,7,5,6,5,6,6,6,8,8,8,8,7,7,8,9,6,5,7,6,6,5,6,5,5,4,6,5,7,8,7,8,4,4,6,6,8,9,5,5,7,8,8,9,6,7,7,8
child_133,0,7,U10,defender,low,good,average,mild,medium,excited,31,69,9,8,8,9,7,8,6,7,7,8,9,9,8,8,9,8,8,7,9,8,9,8,8,8,8,7,8,8,9,8,9,7,8,8,8,7,8,7,9,8,9,8,7,8,6,7,7,6,7,8,8,8,8,7,7,8,8,7,9,8,8,9,7,8,8,8,8,8,7,8,8,8,7,8,6,7,6,6,9,9,8,7,9,8,8,7,8,8,7,7,6,5,8,7,9,8,9,8,8,7,9,7,8,6,9,8,7,5,7,5,5,4,5,4,8,8,7,6,5,4,6,5,8,7,5,4,7,6,9,8,7,6,8,7
child_134,0,8,U7,forward,low,neutral,strong,none,high,excited,51,79,9,10,10,10,7,6,8,8,8,9,8,7,6,7,9,10,8,9,7,8,7,8,8,9,7,8,7,9,8,7,8,9,8,9,7,8,6,7,8,8,8,9,9,10,8,9,9,10,9,10,10,10,7,6,9,9,9,10,9,9,8,9,8,9,7,7,8,8,8,7,8,9,8,8,6,7,5,6,10,10,9,9,9,10,8,8,9,9,9,9,7,6,8,7,8,7,8,6,6,5,7,6,6,5,8,8,7,7,7,7,5,4,5,4,8,7,6,5,4,3,6,5,9,8,5,4,6,5,9,8,8,7,9,8
child_135,0,9,U8,forward,low,bad,average,mild,high,neutral,52,38,7,8,6,7,5,6,7,9,5,8,6,5,4,6,5,7,4,8,2,9,2,8,2,8,2,8,2,9,3,8,3,7,2,8,2,7,2,8,1,9,1,9,6,7,5,6,5,6,6,7,7,8,4,5,5,6,4,5,4,5,6,7,6,8,5,6,5,7,6,7,5,6,5,7,6,8,5,6,4,8,5,8,4,8,5,6,4,7,5,7,3,5,6,7,4,5,4,5,4,6,3,5,5,5,5,6,5,5,5,5,3,4,2,3,4,5,3,4,2,3,3,4,5,6,4,4,3,5,4,6,5,7,5,7
child_136,0,8,U9,goalkeeper,low,good,isolated,none,low,neutral,61,41,8,10,7,10,5,8,9,9,6,7,5,6,7,9,6,5,4,5,8,10,7,9,6,7,7,8,7,9,7,10,6,8,8,10,5,6,6,7,8,10,9,10,4,9,5,8,4,7,6,8,6,9,5,6,4,8,3,5,2,4,5,8,6,7,7,9,6,7,7,8,6,9,6,8,5,6,4,5,5,6,5,6,6,5,4,6,5,5,6,7,5,6,3,5,5,6,4,5,4,6,3,5,5,6,7,8,6,5,5,5,4,4,3,4,5,6,6,7,3,4,4,5,6,8,3,4,5,6,6,7,5,5,6,6
child_137,0,9,U8,mixed,high,neutral,average,none,medium,excited,53,96,9,8,10,9,7,6,10,9,8,8,8,7,9,9,10,9,10,8,7,8,8,8,8,8,8,8,7,9,8,8,8,8,9,7,8,8,8,7,8,8,9,7,8,8,7,7,9,8,9,9,10,9,8,6,8,8,9,8,10,8,9,8,8,9,9,9,9,8,9,8,8,8,8,8,7,7,7,7,10,9,8,8,9,9,8,7,9,8,9,8,8,6,8,8,7,6,8,7,6,6,7,5,6,5,7,8,7,6,7,6,5,4,6,5,8,7,6,5,4,3,7,5,8,7,5,4,7,6,9,8,8,7,9,8
child_138,0,7,U8,forward,medium,neutral,average,none,high,neutral,53,56,7,8,8,9,6,7,7,8,6,9,8,9,7,8,6,10,5,9,6,8,6,7,5,8,6,8,6,9,5,8,7,7,5,9,6,8,5,7,5,9,5,10,7,8,6,8,6,7,8,9,7,8,8,9,7,8,6,7,7,8,6,8,7,9,7,8,6,8,6,9,7,8,6,7,5,7,5,6,6,10,5,8,6,9,6,7,6,8,6,9,5,6,7,8,8,9,8,8,6,7,7,8,5,6,6,7,5,5,5,5,4,3,4,4,7,8,6,7,3,2,5,6,6,7,5,5,6,7,8,9,5,6,6,7
child_139,0,8,U9,goalkeeper,high,neutral,average,none,medium,frustrated,60,36,6,8,7,9,6,8,5,7,8,9,6,8,9,10,4,7,3,6,5,6,5,6,5,7,5,8,6,9,5,7,6,7,5,8,5,6,6,7,4,7,5,7,6,8,6,7,5,8,6,8,7,9,7,9,5,7,5,8,4,7,6,8,7,9,9,10,6,8,5,7,8,9,6,7,5,6,4,5,3,6,3,5,3,6,5,7,5,7,4,6,5,5,6,7,6,7,6,7,5,6,6,7,5,5,7,8,6,7,6,7,5,6,5,6,6,7,7,8,4,5,5,6,8,9,5,6,6,7,7,8,5,6,5,6
child_140,0,7,U7,goalkeeper,high,neutral,average,none,medium,happy,51,99,10,10,9,9,8,8,10,10,7,8,10,10,9,8,6,7,5,6,7,8,6,7,8,8,7,7,8,9,6,7,8,9,9,9,7,8,7,7,8,9,9,9,8,9,8,8,9,9,9,9,10,10,9,9,8,8,9,9,8,8,8,9,9,9,9,10,8,9,10,10,9,9,8,9,7,7,6,6,7,8,6,7,8,8,7,8,8,9,7,7,8,8,9,9,10,10,9,9,7,7,8,8,7,7,8,8,6,6,6,6,5,5,6,6,9,9,8,8,5,5,7,7,10,10,6,6,8,8,9,9,8,8,9,9
child_141,0,7,U8,forward,medium,good,average,none,low,neutral,44,60,8,10,9,10,7,9,6,8,6,8,9,10,7,8,5,6,4,6,9,10,8,10,8,9,7,9,8,9,9,10,7,8,9,10,7,8,8,9,9,10,9,10,7,8,6,7,5,6,6,8,9,10,7,8,6,7,7,8,6,7,6,8,8,9,7,8,7,8,6,7,5,6,4,5,5,6,4,5,5,6,4,5,5,6,6,7,5,6,5,6,6,7,5,6,8,9,8,9,6,7,6,7,5,6,7,8,6,7,5,6,4,5,4,5,7,8,5,6,4,5,5,6,8,9,5,6,6,7,8,9,6,7,7,8
child_142,0,9,U9,mixed,high,good,isolated,none,medium,anxious,65,36,6,8,7,9,5,7,4,8,6,9,5,8,7,7,5,9,4,8,8,9,7,8,6,7,7,8,7,9,6,8,8,9,6,7,5,8,7,8,8,9,8,9,4,7,5,7,4,7,4,7,5,8,5,9,4,7,4,7,4,7,6,8,7,9,7,9,6,8,5,8,6,7,5,7,6,8,5,7,5,9,4,7,5,9,5,8,6,8,5,8,5,6,6,8,5,8,6,8,4,7,5,8,5,6,5,6,5,5,4,5,3,4,4,5,5,7,5,6,2,3,4,5,3,4,3,4,5,6,6,8,6,7,6,7
child_143,0,7,U8,mixed,medium,good,strong,none,high,excited,23,95,9,8,8,7,7,6,8,9,9,10,9,8,7,6,10,10,10,9,8,9,8,8,9,9,8,8,9,9,9,8,8,8,8,7,9,9,8,7,9,10,9,10,9,8,8,7,9,8,9,9,9,9,8,7,9,9,10,9,10,9,9,9,9,10,7,6,9,8,9,8,8,7,8,7,7,7,7,6,10,10,8,9,10,10,8,7,9,9,9,8,7,6,10,9,7,6,8,7,6,5,7,6,7,6,8,7,7,5,7,5,5,4,6,5,6,5,6,5,5,4,5,4,8,7,5,4,6,5,8,9,9,8,9,9
child_144,0,8,U8,forward,low,good,isolated,none,low,excited,31,59,10,10,10,10,9,8,8,7,6,7,10,10,8,9,9,8,8,7,8,9,9,9,8,8,7,8,8,9,9,9,8,8,9,9,8,8,7,7,9,9,10,10,6,9,6,8,5,8,7,9,8,10,10,10,8,9,9,9,10,10,7,8,8,8,8,9,7,8,9,9,8,7,7,6,7,8,6,7,9,10,8,7,9,9,7,7,8,8,8,9,6,5,7,6,9,8,10,9,8,7,9,9,7,6,8,8,7,5,7,5,6,5,5,4,8,9,7,6,5,4,6,5,9,9,6,5,7,6,9,10,9,9,9,9
child_145,0,7,U7,defender,low,bad,isolated,none,low,excited,26,24,8,7,4,5,3,4,9,9,7,8,3,3,6,7,9,9,8,7,2,9,1,9,2,8,2,8,1,9,2,7,3,8,1,8,2,7,2,8,1,10,1,10,3,5,4,5,3,5,2,5,5,6,2,3,3,6,4,6,3,5,7,9,7,8,6,7,6,6,9,9,6,8,8,7,5,7,5,6,9,9,8,7,8,8,6,7,7,7,8,7,5,4,4,6,3,4,3,4,2,3,1,2,1,2,1,3,2,3,1,2,1,2,1,2,1,3,1,2,1,2,2,3,4,5,1,2,1,3,2,4,5,5,6,6
child_146,0,10,U8,mixed,high,bad,isolated,none,high,neutral,46,31,7,9,5,8,4,7,6,8,6,8,4,5,5,6,5,7,4,6,2,9,2,8,2,8,2,8,2,9,2,9,2,7,2,9,2,7,2,6,1,10,1,10,4,8,5,7,4,7,5,7,6,8,3,5,3,6,4,5,3,5,5,8,6,9,5,6,6,8,6,8,5,6,5,7,6,7,5,6,4,8,3,6,4,6,5,7,4,6,5,7,5,5,6,7,4,5,4,5,3,4,3,4,4,4,4,5,5,4,5,4,3,3,2,3,3,4,2,3,2,3,4,4,5,5,3,3,3,4,3,6,4,6,4,6
child_147,0,8,U8,mixed,medium,good,average,mild,high,excited,28,93,10,10,10,10,9,8,8,8,9,8,10,10,9,9,10,10,10,9,9,9,9,9,10,9,9,9,9,10,9,9,8,9,9,10,9,8,9,8,9,10,9,10,8,9,8,8,8,8,9,9,9,10,10,10,9,9,10,10,10,10,9,9,8,9,9,9,9,10,8,8,9,9,8,8,8,7,7,7,10,10,9,9,9,8,8,7,10,10,9,9,8,7,9,9,9,9,10,10,9,9,10,10,8,7,9,8,8,6,8,6,7,5,8,6,9,8,8,7,7,5,8,7,9,8,7,5,9,8,10,10,9,9,10,10
child_148,0,9,U9,mixed,low,good,strong,mild,high,excited,18,100,9,9,10,10,8,7,9,10,8,9,9,8,8,9,10,10,9,8,9,10,9,9,9,9,8,8,9,10,10,10,9,9,8,8,9,9,9,8,9,10,9,10,9,9,8,8,8,7,10,10,9,9,8,7,9,8,9,8,10,10,9,10,9,10,8,9,9,10,9,9,8,8,8,8,8,8,7,7,10,10,9,8,10,10,9,9,9,10,9,9,8,6,9,8,8,7,9,8,8,7,7,6,7,6,8,9,7,6,7,6,6,5,5,4,8,7,6,5,5,4,6,5,9,9,6,5,7,6,9,10,9,9,9,9
child_149,0,8,U7,defender,low,good,isolated,frequent,high,frustrated,67,15,5,8,3,7,2,6,4,9,7,8,2,6,8,9,3,7,2,5,8,9,7,8,6,7,7,8,7,8,8,9,8,9,9,10,7,8,8,9,8,9,9,10,4,7,3,6,2,5,3,6,6,8,2,5,2,5,3,6,1,4,6,9,8,10,9,10,7,8,5,8,7,9,6,8,5,7,4,6,2,6,1,5,2,5,4,7,3,6,4,6,5,7,4,6,4,6,4,6,3,5,2,4,5,7,6,8,6,7,6,7,2,5,1,4,3,5,2,4,1,3,3,5,4,6,2,4,1,3,2,5,5,7,4,6
child_150,0,8,U7,mixed,medium,good,average,none,low,excited,33,55,9,10,10,10,8,9,7,8,8,9,9,10,6,7,9,8,8,7,8,9,9,9,8,8,7,8,8,9,8,8,8,7,9,9,8,8,9,8,9,10,10,10,7,8,8,9,8,8,8,9,8,9,9,10,7,8,9,9,9,9,8,8,8,9,6,7,7,8,9,9,8,8,7,8,6,7,5,6,9,9,8,8,9,9,7,8,8,8,9,9,7,6,10,10,9,10,9,10,8,9,8,8,7,6,9,9,6,5,6,5,4,3,5,4,7,6,8,7,3,2,6,5,9,9,4,3,8,7,9,10,8,9,9,10
child_151,0,9,U9,midfielder,high,neutral,isolated,frequent,medium,neutral,63,33,6,7,4,9,3,8,8,9,7,8,3,6,7,8,6,7,5,6,5,7,5,7,5,6,5,7,6,8,4,7,6,8,5,7,6,7,5,6,4,8,5,8,3,9,4,8,3,7,4,8,5,8,3,5,4,7,3,6,2,5,7,8,7,9,7,8,6,7,8,9,7,8,6,7,7,8,6,7,5,9,4,8,5,9,5,6,4,7,5,8,3,5,4,6,3,4,2,3,3,4,2,3,3,4,3,5,3,4,3,4,2,3,2,3,3,4,3,4,2,3,3,4,4,5,3,4,2,3,2,3,4,5,3,4
child_152,0,9,U9,midfielder,low,good,isolated,mild,high,excited,41,52,9,10,10,10,8,9,7,8,6,7,9,10,5,6,8,9,7,8,8,9,8,8,7,8,7,7,8,9,9,9,8,8,9,9,7,7,8,8,9,9,9,9,6,9,5,8,6,7,5,7,7,8,10,10,6,7,9,9,9,9,8,8,7,9,5,6,7,8,8,9,7,8,7,7,6,6,5,5,9,10,8,9,9,10,8,8,7,8,8,8,6,5,9,9,10,10,10,10,8,8,9,9,7,6,8,8,6,6,5,5,4,4,6,5,8,8,7,7,5,5,7,6,10,10,5,5,6,6,10,10,8,8,9,9
child_153,0,10,U8,goalkeeper,low,good,strong,none,high,excited,29,100,9,10,8,7,7,5,8,8,8,9,9,6,8,8,9,10,9,9,8,9,8,9,8,9,8,9,8,9,9,10,8,9,9,10,8,9,8,9,9,10,9,10,9,10,8,7,9,8,9,10,9,10,7,6,8,7,9,8,9,8,9,10,8,9,8,8,8,8,8,8,9,10,8,9,7,7,7,6,9,10,8,9,9,10,8,8,8,9,8,9,7,5,8,7,8,6,8,6,7,5,7,5,6,5,8,6,7,5,7,5,5,4,5,4,6,4,5,3,4,3,6,5,7,6,5,4,6,5,9,8,8,9,9,8
child_154,0,7,U8,goalkeeper,low,good,average,mild,high,excited,42,89,9,8,8,7,7,6,8,7,9,9,9,8,8,8,10,9,9,8,9,9,8,8,9,9,8,8,9,9,9,8,9,10,8,9,8,8,8,7,9,9,9,9,7,8,6,7,7,7,8,8,9,9,8,8,7,7,9,8,10,9,9,10,9,9,8,8,9,9,9,10,8,7,8,7,7,7,7,7,10,10,9,8,9,9,8,8,9,9,9,8,7,6,9,9,9,8,9,8,8,7,8,7,7,6,9,9,8,7,7,7,6,5,6,5,7,6,7,5,5,4,7,6,8,7,6,5,8,7,10,9,9,8,9,8
child_155,0,8,U9,mixed,medium,good,strong,mild,high,frustrated,63,82,7,9,9,10,6,7,7,8,5,9,8,8,6,8,4,9,3,8,8,9,7,8,6,7,6,8,7,9,8,9,7,8,5,8,6,7,6,7,5,8,5,8,8,9,7,8,6,7,9,10,9,10,7,8,7,8,5,7,4,8,6,8,7,9,6,9,7,8,8,8,7,8,7,8,5,7,4,6,3,10,4,8,3,9,5,7,6,8,7,9,5,6,8,8,7,7,6,7,5,6,4,6,6,7,8,9,5,6,4,5,3,4,4,5,6,7,5,6,3,4,6,7,7,8,4,5,5,6,6,8,7,9,8,10
child_156,0,7,U9,mixed,medium,good,strong,mild,low,happy,54,43,8,9,6,5,5,4,7,8,7,9,8,6,8,7,6,7,5,6,9,10,8,9,8,7,7,8,7,8,8,7,9,10,8,9,7,8,8,9,9,10,9,10,8,10,7,8,6,7,8,9,8,9,6,5,7,8,7,8,6,7,8,9,8,9,8,8,7,8,7,9,7,8,6,7,6,6,6,6,6,8,5,7,6,7,6,6,6,7,5,6,6,5,5,6,5,4,5,4,4,5,4,5,4,5,4,5,4,4,4,4,3,3,3,3,5,6,4,5,3,3,5,4,7,8,5,4,6,5,6,7,6,6,6,7
child_157,0,8,U7,forward,low,neutral,isolated,none,medium,excited,30,71,9,10,8,9,7,8,9,9,6,7,9,10,8,9,9,8,8,7,6,7,7,8,7,8,7,7,7,9,6,6,7,8,8,9,8,8,6,7,7,8,8,8,5,7,6,7,6,7,6,6,7,7,7,8,6,7,6,7,7,8,7,8,6,8,8,9,7,8,9,9,8,9,8,8,6,7,5,6,9,10,8,8,8,7,7,7,8,8,7,7,6,6,6,7,8,9,8,9,6,6,7,8,5,5,6,7,5,5,5,5,4,4,3,3,8,8,6,7,4,4,5,5,9,9,6,6,5,5,9,10,6,7,6,7
child_158,0,8,U9,midfielder,low,good,average,none,low,excited,54,68,9,10,7,8,6,7,8,9,8,9,7,7,8,9,9,10,9,8,8,10,8,10,8,9,8,9,7,9,8,9,9,10,9,10,9,10,8,9,8,10,9,10,7,8,7,8,8,9,7,8,9,9,6,7,8,9,8,9,9,10,8,9,8,10,8,9,7,8,9,10,8,9,9,10,7,8,6,7,9,10,7,8,9,10,8,9,8,9,7,8,7,6,7,7,7,6,8,7,6,5,6,5,6,5,7,6,6,5,6,5,4,4,3,3,5,6,5,5,3,3,5,6,6,7,4,4,4,5,7,8,5,6,6,7
child_159,0,7,U8,defender,medium,neutral,average,none,medium,neutral,58,35,7,8,6,7,5,6,4,9,6,9,6,7,5,8,6,10,5,9,6,7,5,7,5,8,6,8,5,9,6,7,6,8,7,9,5,8,6,7,6,9,7,8,6,7,6,8,5,7,6,8,7,9,5,6,6,7,5,6,6,7,5,8,6,9,5,8,6,8,5,7,5,7,5,8,5,8,5,7,5,9,6,8,5,9,5,7,5,8,6,7,5,6,6,5,5,6,5,6,4,5,4,5,5,4,6,5,5,4,5,4,4,3,4,3,5,6,5,5,4,4,5,5,6,6,4,5,5,5,5,6,6,7,6,7
child_160,0,10,U7,mixed,medium,neutral,isolated,mild,medium,happy,46,36,8,9,9,10,7,8,6,7,6,8,7,9,8,9,5,8,4,7,6,7,6,7,6,8,5,8,6,8,5,7,6,7,7,9,5,7,5,6,6,8,7,8,4,7,5,8,5,8,4,8,7,8,6,7,5,7,4,7,4,6,6,8,6,8,8,9,7,8,6,8,5,7,6,7,6,7,5,6,5,7,5,6,5,7,5,6,6,7,6,8,5,6,5,7,8,9,8,9,5,6,5,6,5,6,6,8,6,7,6,7,5,6,4,5,7,8,6,7,5,6,5,6,8,9,5,6,7,8,6,7,6,7,7,8
child_161,0,7,U8,forward,medium,neutral,strong,none,medium,neutral,51,78,8,9,9,10,7,7,7,8,6,9,9,10,7,8,7,8,6,8,6,7,6,7,7,8,7,8,6,8,7,8,6,7,7,8,6,7,6,6,7,8,7,8,9,10,8,9,8,9,9,10,9,10,8,9,8,9,9,10,9,10,7,8,7,8,7,8,8,9,7,8,7,8,6,7,6,7,6,7,6,9,5,8,6,8,6,7,7,9,6,8,5,6,7,8,8,9,8,9,6,7,7,8,6,6,7,8,5,5,5,5,4,5,5,6,6,7,6,7,3,4,5,6,7,8,5,6,6,7,8,9,7,8,8,9
child_162,0,7,U8,forward,medium,good,strong,frequent,high,happy,48,98,9,8,10,9,8,7,10,10,9,9,10,8,8,9,9,10,7,8,9,9,9,9,9,9,8,9,9,10,9,9,8,8,9,8,9,8,8,7,9,8,9,9,8,9,7,8,8,9,10,10,9,9,9,8,9,8,9,8,10,9,8,8,9,10,8,9,9,9,10,10,9,8,8,7,8,7,7,7,8,9,7,8,9,9,8,7,9,8,8,8,7,7,9,8,10,9,10,9,8,7,9,8,8,7,9,9,8,7,7,6,6,5,7,6,9,8,8,7,5,4,8,7,10,9,6,5,7,6,10,9,9,8,10,9
child_163,0,9,U7,defender,low,good,strong,none,low,happy,46,55,8,9,9,10,7,8,6,9,7,10,8,8,9,10,6,9,5,7,9,10,8,9,8,9,8,8,8,9,9,10,8,9,8,9,7,8,7,8,9,10,9,10,9,10,8,9,8,9,9,10,9,10,8,7,8,9,8,9,9,10,7,9,8,10,9,10,8,9,7,8,8,9,7,8,6,7,5,6,6,9,5,8,6,9,7,8,8,9,7,8,6,7,5,6,8,8,8,8,6,7,6,7,6,6,7,8,6,6,6,6,5,5,5,5,7,8,6,6,4,5,6,7,7,8,5,5,6,6,8,8,8,9,8,9
child_164,0,10,U7,forward,low,neutral,strong,none,high,neutral,44,66,7,6,8,7,6,5,5,8,6,9,8,7,7,8,7,9,6,8,6,8,5,8,6,9,5,9,7,8,6,7,7,8,7,9,6,7,6,7,6,8,7,8,8,8,7,7,7,7,8,8,8,8,6,5,7,7,7,6,6,6,8,9,7,9,6,8,8,9,5,9,7,8,7,8,5,6,5,6,5,9,6,8,6,9,6,8,6,8,6,7,5,5,6,7,5,5,5,5,5,6,6,6,5,5,6,7,5,5,5,5,4,4,5,5,4,4,5,4,3,3,6,6,6,6,5,5,5,5,7,6,7,6,8,7
child_165,0,9,U8,goalkeeper,medium,neutral,strong,none,low,excited,24,54,8,8,9,9,7,6,8,9,8,8,9,7,6,5,9,9,8,8,6,7,6,7,7,8,7,8,7,8,6,7,7,8,6,7,7,8,6,7,6,7,6,7,9,9,8,7,8,8,9,9,9,9,7,6,8,7,9,8,9,8,8,8,7,8,6,5,8,8,8,9,6,7,6,7,5,6,5,6,9,9,8,7,9,9,6,7,9,8,8,8,6,5,7,8,7,6,7,6,6,5,6,5,6,5,7,6,6,5,6,5,5,4,5,4,6,5,5,4,4,3,5,4,6,6,5,4,6,5,8,9,6,6,7,7
child_166,0,8,U7,mixed,medium,good,average,none,medium,excited,45,62,9,10,8,9,7,8,8,8,8,9,9,10,7,9,9,10,8,9,8,9,8,9,9,10,8,9,9,10,9,10,8,8,8,9,9,9,8,9,9,10,9,10,7,8,7,8,7,8,8,9,8,9,9,10,8,9,8,9,9,10,8,8,9,9,8,9,9,9,8,8,9,10,8,9,7,8,6,7,9,10,8,9,9,10,8,9,9,10,8,9,8,7,8,8,9,10,9,10,7,8,8,9,6,7,7,8,7,8,7,8,5,6,6,7,8,9,7,8,5,6,6,7,8,9,6,7,9,10,9,10,8,9,8,9
child_167,0,7,U8,midfielder,medium,bad,strong,none,low,happy,46,75,8,9,9,10,7,8,9,9,7,8,9,9,6,7,6,5,5,4,3,9,3,8,2,7,3,8,3,7,3,8,4,7,4,7,3,6,4,5,3,7,3,8,9,9,8,8,9,8,9,9,9,9,8,8,8,8,9,9,9,9,7,8,7,8,7,8,7,8,8,9,6,7,6,7,5,6,5,6,5,6,5,5,5,5,6,5,5,6,5,5,4,3,8,7,8,8,8,8,6,6,8,8,5,5,5,5,5,5,5,5,4,3,5,4,6,6,6,6,4,3,7,6,8,9,6,5,7,7,8,9,5,5,5,5
child_168,0,9,U9,mixed,medium,neutral,isolated,none,low,frustrated,69,12,5,8,6,9,4,7,6,8,7,9,3,6,7,8,3,6,2,5,5,6,5,7,4,6,5,7,6,8,4,6,6,7,3,5,4,6,5,6,2,5,3,6,3,5,4,6,3,5,4,6,5,7,2,5,4,6,2,5,2,4,5,8,6,8,7,8,5,7,6,7,5,6,6,7,5,6,4,5,3,7,3,6,3,7,4,6,5,7,4,6,3,5,5,6,4,5,5,6,2,4,2,4,3,5,4,5,3,4,2,3,2,3,2,4,4,5,3,4,2,3,3,4,5,6,3,5,2,3,2,4,3,5,3,5
child_169,0,7,U9,midfielder,low,good,isolated,frequent,medium,happy,52,14,8,8,5,7,4,6,7,9,6,10,4,5,6,8,7,9,5,8,8,9,7,8,7,7,6,7,6,8,5,9,8,9,6,8,7,8,7,8,8,9,8,9,3,7,4,7,4,6,4,7,6,8,5,7,5,7,6,7,5,8,7,9,6,8,7,8,6,9,7,8,7,8,6,7,5,6,5,6,6,9,5,8,6,9,7,8,6,9,6,8,5,6,6,7,6,7,6,6,5,7,5,6,5,6,6,7,6,5,5,5,4,4,3,3,4,6,5,6,3,4,5,5,5,6,4,4,5,5,5,6,5,6,5,6
child_170,0,7,U8,goalkeeper,low,neutral,strong,none,low,anxious,64,42,6,8,7,7,5,6,6,7,6,8,7,6,5,7,5,8,4,7,6,7,6,7,5,8,5,8,5,8,6,6,7,7,5,8,5,7,6,6,4,8,4,8,8,7,7,7,7,6,8,7,8,6,6,5,7,6,6,6,5,6,6,8,6,8,5,8,6,7,7,8,6,7,5,7,6,6,5,5,5,7,5,7,5,7,6,6,5,7,5,7,4,5,4,6,5,6,5,6,5,5,4,5,5,5,5,6,5,5,5,5,4,4,4,5,5,6,5,5,4,4,4,5,5,6,4,4,5,5,5,6,5,7,5,6
child_171,0,7,U7,goalkeeper,low,neutral,average,none,low,anxious,64,8,7,8,8,9,6,7,5,6,5,8,7,9,6,7,5,7,4,6,6,6,6,7,5,7,5,7,4,6,6,7,5,6,4,6,5,6,5,6,4,8,4,7,7,8,6,7,5,6,6,8,6,7,5,8,5,7,5,6,5,6,5,6,5,8,6,8,5,7,5,7,6,7,5,6,4,6,4,5,5,7,5,6,5,7,5,6,5,6,5,6,5,5,5,6,7,8,6,7,6,6,6,7,5,6,6,7,5,6,5,6,4,5,3,4,5,6,5,6,4,4,4,5,5,6,4,5,5,6,6,8,6,7,6,7
child_172,0,8,U10,midfielder,medium,good,strong,none,medium,neutral,63,61,7,8,8,9,6,7,7,8,8,9,8,7,9,9,8,10,7,8,8,9,8,8,8,9,8,8,9,9,8,7,7,8,8,9,8,9,7,7,9,10,9,10,9,9,8,8,8,8,9,9,9,9,7,6,8,9,9,8,9,8,8,9,8,9,9,10,8,9,8,9,7,8,8,9,7,6,6,5,7,9,6,8,8,9,8,7,8,8,8,8,6,6,7,7,7,6,8,6,6,5,5,5,6,5,7,6,6,5,6,5,4,4,5,5,6,6,5,5,3,3,5,5,7,8,6,6,5,6,7,8,6,7,6,7
child_173,0,8,U10,mixed,low,good,average,mild,low,happy,32,85,8,9,6,7,5,6,9,9,7,8,6,5,8,8,7,8,6,7,9,9,8,8,7,8,8,8,8,9,7,8,9,9,8,9,7,8,8,7,9,9,9,9,6,6,5,6,5,5,6,7,7,8,6,5,6,7,5,5,6,6,8,9,7,8,8,8,7,7,9,9,7,7,8,8,7,7,6,6,7,8,6,7,6,7,7,7,7,8,6,7,5,5,6,6,5,5,5,5,5,5,4,4,5,5,6,6,6,6,5,5,4,4,3,3,5,5,4,4,3,3,5,5,7,7,5,5,4,4,5,5,6,6,6,6
child_174,0,8,U10,forward,high,good,average,none,high,happy,42,100,9,8,6,5,5,4,8,9,7,8,9,8,10,10,8,9,7,8,8,9,8,8,8,8,8,9,7,8,9,7,7,6,8,7,8,8,7,6,9,8,9,8,7,7,7,6,8,7,8,9,8,8,9,9,8,7,8,7,9,8,7,8,7,7,10,10,7,8,8,9,9,10,8,7,7,6,6,5,8,9,7,6,8,9,6,5,8,8,9,8,7,5,9,7,8,8,9,9,6,5,7,6,6,5,8,8,7,6,6,5,5,4,4,3,9,8,6,5,5,4,7,6,9,9,6,5,7,6,9,8,8,7,9,8
child_175,0,10,U9,goalkeeper,high,good,average,mild,high,excited,33,88,9,8,10,9,8,7,7,6,8,8,10,9,9,8,9,10,8,9,8,8,9,9,9,8,8,7,8,9,8,7,9,8,9,9,8,8,9,8,9,9,9,9,7,7,7,6,6,7,8,8,9,8,10,9,9,8,9,9,10,10,9,8,9,9,8,8,8,9,7,7,8,8,8,8,7,7,6,6,10,10,9,9,9,9,8,8,9,9,9,9,7,6,8,7,9,8,9,8,8,7,10,9,7,6,9,8,7,6,6,5,5,4,6,5,8,7,7,6,5,4,6,5,9,8,6,5,7,7,9,8,10,9,9,8
child_176,0,9,U10,midfielder,medium,neutral,isolated,frequent,medium,neutral,47,18,7,8,4,9,3,8,9,10,6,9,3,8,5,6,5,8,4,7,6,9,5,8,5,7,7,8,5,9,4,8,6,9,5,9,5,7,5,8,4,10,5,10,3,9,4,8,3,7,4,9,6,9,5,6,4,8,3,7,3,6,8,9,7,10,5,6,7,8,9,10,7,8,6,7,6,7,5,6,5,9,5,8,6,7,7,8,6,9,7,8,4,6,4,5,3,6,3,5,4,6,2,4,5,5,4,5,6,5,5,5,2,3,2,3,3,5,4,4,2,3,3,5,4,6,3,4,3,5,3,6,6,7,6,7
child_177,0,10,U8,forward,high,neutral,strong,none,high,neutral,54,55,7,8,9,9,6,7,6,8,8,9,7,6,5,7,7,8,5,6,6,6,6,7,5,7,6,7,7,8,6,6,7,8,5,7,6,7,5,6,4,8,5,8,8,8,7,6,7,6,9,9,8,7,6,5,7,8,7,6,7,6,7,8,6,9,5,7,7,8,7,8,6,6,5,7,6,7,5,6,7,8,6,7,5,6,6,6,6,7,7,8,5,5,6,6,5,5,6,6,5,5,5,5,5,5,7,6,5,5,5,5,4,4,3,3,4,4,3,3,3,3,4,5,7,8,3,3,5,5,5,6,6,6,6,6
child_178,0,9,U7,defender,low,neutral,average,mild,low,excited,42,38,8,8,6,5,5,4,7,8,7,9,6,5,8,8,9,10,8,9,7,6,6,6,6,7,7,7,7,8,6,6,8,8,5,5,8,7,6,5,5,4,5,4,6,5,6,5,6,5,7,6,8,7,5,4,7,6,7,6,8,7,7,8,7,8,8,8,7,8,6,6,6,7,5,5,5,5,5,5,9,10,7,7,8,9,6,6,7,8,8,9,5,4,6,5,4,3,4,3,4,3,5,4,4,3,5,4,5,4,5,4,3,2,3,2,4,4,4,3,3,2,5,5,6,6,4,3,5,4,6,6,7,7,7,7
child_179,0,8,U8,goalkeeper,low,neutral,average,none,high,excited,33,68,9,9,10,10,8,7,7,8,6,8,7,8,5,6,9,9,9,10,7,7,7,8,8,9,8,8,7,8,7,7,6,6,8,8,7,7,8,8,8,8,9,9,8,8,8,7,7,6,8,8,8,9,7,6,8,7,9,8,9,9,6,6,7,8,5,6,6,6,7,8,6,7,5,6,5,6,4,5,10,10,9,9,9,9,6,6,8,8,7,8,7,7,8,8,7,6,7,7,5,5,6,6,5,4,6,7,5,5,5,5,4,4,3,3,6,6,5,5,4,4,6,5,7,7,5,4,6,6,8,9,7,8,8,9
child_180,0,9,U9,midfielder,medium,neutral,strong,none,low,excited,37,61,9,8,10,10,9,8,8,7,9,9,10,10,10,9,10,10,10,9,7,8,7,7,8,9,8,8,8,9,7,8,8,7,7,8,8,8,6,7,7,8,7,8,10,10,9,8,10,9,10,10,10,10,10,10,9,8,10,9,10,10,9,8,9,9,10,9,9,9,8,7,10,9,8,8,7,6,7,6,10,10,8,8,10,9,7,8,9,9,8,8,6,5,8,7,10,9,10,9,8,7,10,8,6,5,7,6,6,5,6,5,5,4,5,4,9,8,7,6,5,4,7,6,9,8,7,6,8,8,10,9,9,8,10,10
child_181,0,7,U9,forward,medium,bad,average,none,high,excited,30,65,8,9,7,6,6,5,7,8,7,9,6,5,9,10,9,9,8,8,3,9,2,8,2,7,4,8,3,8,4,7,5,6,4,9,4,7,3,7,2,9,2,9,6,7,6,6,6,7,6,8,7,8,5,6,6,7,6,7,7,8,8,8,7,9,9,10,7,9,7,8,8,9,7,8,6,7,5,6,8,9,7,8,8,9,6,7,7,8,7,8,6,5,6,7,5,6,5,5,4,6,4,5,5,6,6,7,5,5,5,5,4,4,4,5,5,6,6,7,4,4,5,5,7,8,4,4,5,6,6,6,5,5,6,6
child_182,0,9,U8,goalkeeper,medium,neutral,average,none,medium,excited,30,41,8,9,9,10,7,8,6,7,8,9,6,5,7,8,9,10,9,9,6,7,6,7,7,8,8,9,7,8,6,7,8,9,7,8,8,9,6,6,6,7,8,8,7,8,7,8,7,7,7,8,8,9,5,6,8,8,8,9,9,10,8,9,8,9,7,8,7,8,6,7,8,9,7,8,6,7,6,7,9,10,8,9,9,10,7,8,8,9,7,8,5,6,6,7,5,5,5,5,4,5,6,6,4,5,5,6,5,5,4,5,3,4,3,4,4,5,5,6,3,4,5,6,7,8,3,4,4,5,6,7,7,8,7,8
child_183,0,9,U9,forward,medium,bad,isolated,none,low,excited,42,2,7,8,5,9,4,6,6,8,8,10,3,5,7,9,9,10,8,9,2,10,1,9,3,8,4,7,2,9,1,8,5,8,4,10,1,8,1,8,1,10,1,10,3,9,4,7,5,7,2,8,6,8,2,5,2,8,2,8,1,9,6,8,7,9,8,9,5,8,6,8,6,7,5,6,7,7,6,6,9,10,8,9,8,9,6,8,7,9,8,9,5,4,5,6,2,4,2,4,1,5,1,4,2,3,2,5,3,4,3,4,1,2,1,2,1,3,1,2,1,2,4,5,6,7,2,3,2,5,1,5,5,6,5,6
child_184,0,9,U9,mixed,low,good,average,frequent,low,excited,32,28,9,10,8,9,7,8,6,7,5,8,9,10,6,7,8,9,7,8,9,8,8,8,7,7,8,7,7,7,8,8,7,6,8,9,9,9,8,7,9,8,9,8,6,7,5,6,6,7,5,6,7,8,8,9,5,7,7,8,8,9,6,7,7,8,6,8,5,7,7,8,7,8,6,7,5,6,4,5,9,10,8,9,8,9,6,6,7,8,8,9,5,5,6,6,8,9,8,9,5,6,6,7,5,6,7,7,6,6,6,6,4,5,5,5,7,8,5,6,4,5,5,5,8,9,4,5,7,8,9,10,7,8,8,9
child_185,0,9,U9,forward,medium,neutral,isolated,mild,low,anxious,51,3,5,7,3,8,2,7,6,8,4,9,2,6,6,7,5,9,3,8,5,7,4,6,3,8,5,7,5,9,2,7,6,8,3,9,5,8,5,6,2,10,2,10,3,8,3,7,2,6,3,8,5,7,4,5,2,6,2,6,2,7,7,8,6,9,6,7,5,8,7,9,6,8,5,6,6,8,5,7,4,9,3,8,3,9,5,7,4,8,4,7,6,5,2,6,2,5,2,6,2,5,2,5,3,4,3,5,3,4,3,4,3,3,2,4,2,5,3,4,2,3,2,5,4,6,2,4,3,5,2,6,4,5,4,6
child_186,0,9,U9,mixed,medium,bad,average,mild,medium,frustrated,63,9,6,8,8,9,5,7,6,8,7,9,5,6,7,8,4,7,3,5,2,9,2,9,3,8,2,9,3,8,2,9,4,8,3,9,2,8,2,8,1,9,1,9,6,7,5,6,5,7,6,7,7,8,5,6,4,6,4,5,3,5,6,7,5,8,6,7,5,7,6,8,5,7,5,7,5,6,4,5,3,8,3,7,4,6,5,6,4,6,4,7,5,6,5,6,5,6,5,6,4,5,3,5,5,6,4,5,5,6,5,6,3,4,4,5,5,6,4,5,3,4,3,5,6,7,4,5,4,5,5,6,5,6,5,6
child_187,0,8,U9,defender,medium,good,strong,mild,medium,neutral,46,96,8,8,9,9,7,8,9,10,8,9,9,8,9,10,7,10,6,9,9,9,8,8,8,9,8,9,7,9,9,9,8,8,9,10,8,8,9,9,8,9,9,10,9,9,8,8,8,9,9,10,9,9,7,7,9,9,8,8,9,9,9,9,8,9,9,10,8,9,9,9,8,9,8,9,7,8,7,8,7,10,6,8,7,9,8,8,8,9,8,9,6,7,7,8,8,7,8,7,6,6,6,6,7,6,8,8,7,6,7,6,5,5,5,5,7,6,6,6,4,4,6,5,8,8,6,5,7,6,8,8,8,7,8,7
child_188,0,10,U10,midfielder,medium,bad,average,none,high,frustrated,72,1,5,6,8,9,6,7,5,7,7,8,5,6,6,8,3,7,2,6,1,9,1,8,1,7,2,8,1,8,1,7,3,7,1,9,1,8,1,8,1,9,1,9,6,8,5,7,4,6,5,8,7,8,5,6,5,7,4,6,3,7,5,8,6,9,6,8,5,8,6,8,5,8,5,7,5,7,5,6,2,8,2,8,3,8,5,7,4,6,5,7,5,5,6,6,5,6,5,6,5,6,5,5,5,5,6,6,5,5,5,5,4,4,4,4,5,6,5,5,4,4,4,4,5,6,4,5,3,5,5,7,6,7,6,7
child_189,0,7,U7,midfielder,medium,good,strong,frequent,high,anxious,66,33,5,6,7,8,4,5,4,7,6,9,8,7,4,3,5,9,5,8,8,7,7,6,6,7,6,7,7,8,8,6,6,7,7,8,6,6,5,5,8,6,8,6,8,8,6,7,5,6,7,8,8,7,6,5,5,7,6,6,5,7,5,8,6,9,5,4,5,7,5,7,5,6,5,7,4,5,4,5,5,9,5,8,5,9,5,6,6,8,5,7,5,3,6,8,5,4,5,4,4,5,4,5,5,4,6,6,5,4,5,4,3,2,3,3,4,4,4,3,3,2,4,4,5,6,3,2,4,3,6,7,6,7,6,7
child_190,0,9,U10,defender,low,good,strong,mild,medium,frustrated,83,65,5,7,6,8,4,6,6,8,7,9,5,6,5,7,3,9,2,8,8,9,7,8,7,8,7,8,8,9,7,8,8,9,6,8,6,8,7,7,7,9,8,9,7,9,5,8,4,7,8,9,9,9,6,6,6,8,5,7,5,7,6,8,6,9,5,7,6,8,7,8,6,7,5,8,6,9,5,7,3,9,4,8,3,9,6,8,5,8,4,8,6,5,5,6,4,5,4,5,5,6,3,4,5,5,6,6,4,4,4,4,3,3,3,3,5,5,4,4,2,2,5,5,6,7,5,5,6,6,5,6,7,7,7,8
child_191,0,9,U10,defender,medium,neutral,isolated,mild,medium,excited,26,40,8,9,5,8,3,7,7,9,7,9,4,6,6,8,9,9,9,8,6,7,6,7,7,8,6,7,6,8,4,6,7,8,5,7,7,7,6,7,5,8,7,8,3,8,4,7,4,6,5,8,6,8,4,5,5,7,6,7,5,6,7,9,6,9,6,8,7,8,6,7,5,7,6,8,6,7,5,6,9,9,8,8,8,9,6,7,7,8,7,8,4,5,6,7,3,4,3,4,2,3,2,3,3,4,3,5,4,5,4,5,2,3,1,2,2,3,1,2,1,2,4,5,6,7,3,4,2,3,3,4,5,6,5,6
child_192,0,8,U9,mixed,high,neutral,strong,none,medium,excited,27,84,9,8,10,9,8,7,7,8,9,9,8,7,10,10,10,10,9,9,6,7,7,8,8,8,7,8,8,9,7,7,7,8,8,9,9,9,7,8,8,9,9,10,10,9,9,8,9,8,10,9,10,9,8,7,9,8,10,9,10,9,8,8,9,9,10,10,9,9,8,8,10,9,9,8,7,7,7,7,10,10,9,9,10,10,8,8,9,9,9,9,7,6,8,7,8,6,8,6,7,5,6,5,6,5,7,6,5,4,5,4,4,3,5,4,6,5,6,5,5,4,7,6,9,9,7,6,8,7,9,8,7,6,8,7
child_193,0,9,U7,mixed,medium,good,strong,frequent,low,excited,16,46,9,10,7,8,6,7,8,9,9,10,8,7,8,9,10,10,9,8,8,9,8,8,7,8,9,9,9,9,8,9,8,9,9,8,8,8,8,8,9,10,9,10,7,9,6,8,7,8,9,9,9,9,7,7,8,8,9,9,9,9,8,9,9,10,8,9,8,9,8,8,9,9,7,7,8,8,8,8,10,10,9,9,9,10,8,8,8,8,9,9,7,6,8,8,7,6,7,6,6,6,5,5,5,5,6,6,5,5,5,5,4,4,4,4,5,5,4,4,3,3,4,4,8,8,4,4,5,5,6,6,7,7,7,7
child_194,0,7,U8,goalkeeper,low,neutral,average,mild,medium,excited,48,40,7,8,8,9,6,7,5,8,8,9,6,7,5,6,9,10,8,9,6,7,6,7,5,7,6,7,6,8,6,7,7,8,8,9,6,7,6,7,7,8,8,9,6,7,5,7,7,8,6,7,8,9,5,6,6,7,7,8,7,8,8,9,6,9,5,6,6,7,6,7,6,7,5,6,6,7,5,6,9,10,7,8,8,9,6,7,7,8,8,9,5,6,6,7,5,6,5,6,5,6,5,6,5,6,6,7,5,6,5,6,5,6,5,6,5,6,5,6,5,6,6,7,8,9,5,6,5,6,6,7,6,7,6,7
child_195,0,8,U10,defender,medium,good,strong,none,medium,anxious,67,36,6,8,8,10,7,9,5,7,6,9,8,10,5,8,7,9,6,8,8,9,7,8,7,8,7,8,6,8,8,9,7,9,8,8,6,7,7,8,7,8,9,10,8,9,8,8,6,7,9,10,9,9,7,8,8,9,9,9,8,8,6,8,6,9,5,8,6,8,5,7,7,8,6,8,5,7,4,6,6,9,6,8,5,9,7,8,6,9,6,8,7,7,5,8,8,9,8,9,7,8,6,7,6,6,7,8,5,6,5,5,4,5,4,5,6,7,5,6,4,5,5,6,7,8,4,5,5,6,7,8,8,9,8,9
child_196,0,10,U9,mixed,low,good,strong,none,low,anxious,62,81,8,9,9,10,7,8,9,10,6,9,9,10,7,8,5,8,4,7,8,9,7,8,6,8,7,8,8,9,8,9,7,8,8,9,7,8,6,7,7,9,8,9,9,10,8,9,8,9,9,10,9,10,8,9,8,9,9,10,9,10,8,9,7,9,6,8,7,9,9,10,7,8,8,9,6,7,5,6,5,8,6,7,5,7,7,8,6,7,6,7,5,6,6,7,8,9,8,9,7,8,6,7,5,6,6,7,5,6,5,6,4,5,3,4,6,7,5,6,3,4,5,6,7,8,4,5,5,6,8,9,7,8,9,10
child_197,0,8,U10,midfielder,medium,neutral,strong,none,low,excited,57,36,8,9,9,10,7,8,6,8,8,9,8,7,7,8,9,9,8,8,7,9,6,8,6,7,7,8,7,9,8,9,7,8,8,9,7,8,6,7,7,9,7,9,9,9,8,8,8,9,9,9,9,9,8,7,8,8,9,8,9,9,8,9,7,9,7,8,8,8,8,9,8,7,7,8,6,7,6,6,9,10,8,9,9,9,7,8,8,9,8,8,7,6,8,7,6,5,6,5,5,6,5,5,5,4,6,5,5,4,5,4,4,3,3,2,6,6,5,5,4,3,5,4,8,8,5,4,6,6,7,7,6,7,7,7
child_198,0,10,U8,defender,medium,bad,strong,none,low,anxious,67,3,4,7,8,10,5,8,3,6,4,7,9,10,6,8,2,5,1,3,2,8,2,7,1,6,2,5,1,8,1,7,2,5,2,9,2,6,2,5,1,9,1,9,8,9,7,8,6,8,8,9,9,10,8,9,7,7,7,8,6,7,3,5,5,6,6,8,4,6,3,6,4,5,3,4,2,3,2,3,2,4,3,5,2,4,3,5,3,6,3,5,5,4,1,7,8,9,8,9,6,6,7,8,5,5,4,6,5,4,5,4,3,3,2,4,6,7,5,6,3,3,4,5,8,9,3,4,4,6,7,8,3,5,7,8
child_199,0,10,U9,mixed,medium,neutral,strong,none,high,neutral,46,82,9,9,8,8,7,6,8,9,7,8,8,7,6,8,7,9,6,7,7,8,6,7,6,7,7,8,7,8,7,8,8,8,7,8,6,7,7,7,6,8,7,8,9,9,8,8,8,7,9,9,9,9,7,6,8,7,8,8,8,8,8,8,7,9,7,8,7,8,8,8,6,7,6,7,7,6,7,6,6,9,6,7,6,8,7,7,7,8,6,7,5,5,7,6,8,7,8,7,6,6,6,6,6,5,8,8,5,5,5,5,6,4,5,4,7,6,6,5,5,4,7,6,7,7,5,5,6,6,8,8,8,7,8,7
child_200,0,9,U9,forward,low,neutral,average,none,high,neutral,49,61,8,9,9,10,7,8,7,8,6,7,9,9,10,10,5,6,4,5,6,7,6,7,5,6,6,7,6,7,7,8,6,7,6,7,5,6,5,6,6,7,6,7,7,8,6,7,6,7,7,8,9,9,8,9,7,8,8,9,8,9,6,7,7,8,10,10,7,8,6,7,9,9,6,7,5,6,5,6,5,6,5,6,5,6,6,7,6,7,5,6,5,6,6,7,8,9,8,9,7,8,8,9,6,7,7,8,6,7,6,7,5,6,5,6,8,9,7,8,4,5,6,7,8,9,5,6,6,7,8,9,6,7,7,8
child_201,0,9,U9,forward,medium,neutral,strong,none,low,frustrated,57,37,5,8,9,10,8,9,4,7,7,9,8,9,6,7,3,8,3,7,6,7,6,8,5,8,5,8,5,9,6,7,6,7,4,9,5,7,5,6,4,9,4,9,8,9,7,8,9,8,9,9,9,9,8,8,8,7,9,8,8,8,5,8,6,9,6,8,5,8,5,7,6,7,4,7,5,6,4,6,3,8,4,8,4,8,5,6,4,8,5,8,6,5,5,6,7,8,8,8,6,7,7,7,5,5,6,6,5,5,5,5,4,4,4,4,5,6,4,5,3,4,6,5,7,7,5,5,6,6,7,9,6,7,6,7
child_202,0,9,U8,forward,low,neutral,strong,none,medium,excited,37,81,9,10,10,10,8,9,10,10,9,9,9,8,8,9,10,10,9,9,7,8,7,8,7,8,8,9,8,9,6,8,8,8,8,8,7,8,6,6,7,7,8,8,9,9,8,8,9,9,10,10,9,9,8,8,9,9,10,10,10,10,9,9,9,10,8,9,8,9,10,10,9,9,8,8,7,7,7,7,10,10,9,9,10,10,7,7,9,9,8,8,6,6,8,8,8,8,9,9,6,6,7,7,6,6,8,8,7,7,6,6,5,5,6,6,7,7,7,7,5,5,6,6,9,9,5,5,6,6,9,9,8,8,9,9
child_203,0,7,U8,mixed,high,bad,average,none,low,excited,41,63,8,9,7,8,6,7,9,10,9,9,5,6,8,8,9,10,8,9,3,10,2,8,4,8,3,7,2,9,5,7,3,8,2,9,4,8,2,8,1,10,1,10,6,8,5,7,7,8,6,8,7,9,5,6,6,7,7,8,8,9,7,8,8,9,8,9,6,7,9,10,7,8,6,7,5,6,4,6,9,10,8,8,9,10,6,7,7,8,7,8,6,5,6,7,5,6,5,6,4,5,3,5,4,5,3,6,4,5,3,5,2,4,2,4,6,7,5,6,2,4,5,6,7,8,5,6,6,7,7,8,6,6,7,7
child_204,0,9,U8,forward,low,good,strong,mild,high,excited,12,100,9,8,10,9,7,7,10,9,8,10,9,8,8,8,10,9,9,8,9,10,9,10,8,9,8,9,8,10,9,10,8,8,9,9,9,9,8,8,9,10,9,10,9,10,8,8,9,8,10,9,10,10,7,6,8,7,10,10,10,10,9,9,8,9,9,8,9,8,10,10,8,7,8,7,7,6,6,5,10,10,8,8,9,9,7,6,10,9,9,9,8,7,10,10,9,8,9,8,7,6,8,7,6,5,9,9,8,7,7,6,5,4,6,5,7,6,6,5,4,3,5,4,9,8,5,4,7,6,10,9,9,8,10,9
child_205,0,9,U9,midfielder,medium,good,average,none,medium,excited,46,93,9,8,9,8,8,7,8,9,8,9,9,9,10,10,9,9,9,8,8,9,9,9,9,8,8,9,8,9,9,8,8,8,9,9,8,9,9,8,9,9,9,9,8,9,8,8,8,8,9,9,9,9,10,10,9,8,9,9,9,9,8,9,9,9,10,10,9,9,8,8,9,10,9,9,8,7,7,6,10,10,8,8,9,9,8,7,9,9,9,9,8,7,9,8,9,9,9,9,8,7,9,8,7,6,9,8,7,6,6,5,6,5,8,7,8,8,8,7,5,5,7,7,9,8,6,5,8,9,9,10,9,9,9,9
child_206,0,7,U8,goalkeeper,low,neutral,average,mild,low,frustrated,73,45,5,8,6,9,6,7,7,8,5,9,6,8,6,8,3,8,3,7,6,7,6,6,5,7,5,8,5,8,6,7,5,6,4,8,5,7,5,6,4,9,4,9,5,7,4,6,5,7,6,8,6,8,5,8,4,7,5,8,4,8,5,7,5,7,6,8,5,7,6,8,5,9,5,8,4,6,4,6,2,9,3,8,3,8,5,7,4,7,5,7,5,6,5,6,7,8,6,7,5,6,6,7,5,5,5,6,5,5,5,5,4,4,5,5,6,7,5,5,3,3,4,5,7,9,4,5,5,7,6,7,5,5,6,6
child_207,0,10,U9,mixed,medium,good,average,mild,low,excited,15,53,8,9,7,8,6,7,5,6,6,7,8,9,5,6,9,10,8,9,9,9,8,8,7,8,7,8,8,8,9,9,8,7,9,8,8,7,8,7,9,9,9,9,6,7,5,7,6,7,7,8,8,9,7,8,6,7,8,9,7,8,5,6,5,6,6,7,5,6,6,7,5,6,5,6,4,5,4,5,9,10,8,9,8,9,5,6,7,8,7,8,6,6,7,8,9,9,9,9,7,7,8,9,7,7,8,8,6,6,6,6,5,6,5,5,9,9,6,6,5,6,6,6,8,9,5,6,6,7,9,9,8,8,8,8
child_208,0,7,U9,midfielder,high,good,average,mild,low,excited,41,57,8,8,7,8,6,7,7,9,8,9,7,8,5,6,9,9,8,9,8,8,8,9,9,9,8,8,7,9,8,8,7,7,8,8,7,8,8,7,8,9,9,10,6,8,5,7,5,8,7,8,8,9,7,8,7,8,8,8,9,9,7,9,8,9,5,6,8,9,7,9,7,8,7,7,6,8,5,6,9,10,8,9,8,9,6,7,7,8,7,8,5,6,7,7,8,8,8,8,7,7,6,7,5,6,8,8,6,6,6,6,5,5,6,6,7,7,5,5,5,5,6,6,8,8,5,5,7,7,8,8,6,7,7,8
child_209,0,9,U8,forward,low,good,average,frequent,high,happy,41,44,8,8,7,9,6,7,6,8,5,9,7,7,5,5,6,8,5,7,8,9,7,8,7,8,7,8,6,8,7,8,8,9,8,9,6,7,7,8,9,9,9,9,5,8,5,7,6,7,6,7,7,8,6,5,6,7,5,6,6,6,7,8,7,9,5,5,7,7,6,7,5,6,5,6,5,6,4,5,6,9,5,8,5,8,7,7,6,8,6,8,5,5,7,7,5,6,5,6,6,6,5,5,6,5,7,8,5,5,5,5,4,4,4,5,5,5,5,5,4,4,5,6,7,7,5,5,6,7,6,6,7,7,6,7
child_210,0,8,U10,forward,high,good,strong,none,high,frustrated,53,100,6,8,8,10,5,7,9,10,7,9,6,7,7,8,4,8,3,7,8,9,7,8,6,9,8,9,7,9,9,10,8,8,7,8,6,8,7,8,5,9,6,9,9,10,8,9,7,8,9,10,9,10,5,7,7,8,6,8,5,7,7,9,8,9,7,9,8,9,8,9,6,8,7,8,6,7,5,6,4,9,5,8,4,8,7,8,6,8,5,8,5,6,6,7,7,8,6,7,5,6,4,5,6,7,7,8,6,7,6,7,5,6,4,5,7,8,5,6,4,5,5,6,6,8,4,5,5,6,7,8,8,9,8,9
child_211,0,8,U9,defender,low,bad,average,none,medium,anxious,59,35,6,8,5,7,4,5,8,9,7,8,4,5,5,7,4,5,3,4,2,10,2,9,2,8,2,8,3,9,3,6,3,8,3,9,2,7,2,6,1,10,1,10,6,8,5,7,5,6,5,6,7,8,4,5,4,6,5,7,4,5,5,7,6,8,5,8,5,7,7,8,4,5,6,7,4,6,3,4,4,6,3,5,3,5,4,6,4,5,4,6,3,4,5,6,3,4,3,4,2,5,2,4,3,4,3,5,3,4,3,4,2,3,2,3,3,4,2,3,2,3,4,5,5,6,3,4,2,3,2,3,5,6,5,7
child_212,0,9,U8,defender,medium,good,strong,none,low,excited,40,74,9,8,7,5,5,4,6,7,8,8,8,6,10,9,9,9,7,6,8,8,8,8,7,7,8,7,8,8,8,8,8,7,9,8,8,7,8,6,9,8,9,8,9,9,8,8,9,8,9,9,9,9,6,5,7,7,9,8,10,9,8,8,8,8,10,9,7,8,7,8,9,8,8,7,7,6,6,6,10,9,8,8,9,9,6,7,8,8,9,9,7,5,6,4,5,4,6,5,5,4,6,5,5,4,8,7,5,4,5,4,4,3,4,3,5,6,5,5,3,2,6,5,7,6,4,3,5,4,8,8,7,7,7,7
child_213,0,8,U8,defender,medium,neutral,isolated,none,medium,neutral,55,10,5,8,4,9,3,8,5,7,6,10,3,6,7,9,5,9,4,8,6,7,5,6,5,8,6,8,5,9,4,7,5,6,4,8,5,7,5,6,4,9,3,10,3,8,4,7,4,8,3,7,7,9,2,5,3,6,3,6,2,5,5,7,6,8,7,9,4,6,5,6,6,9,4,7,3,5,3,4,5,9,4,8,5,9,5,7,6,8,5,8,4,6,3,5,2,3,2,3,2,4,2,3,3,4,3,5,4,6,3,5,2,3,2,3,2,3,2,3,2,3,4,5,4,7,2,3,3,4,3,5,5,7,5,7
child_214,0,8,U8,mixed,medium,good,strong,mild,medium,excited,46,100,8,8,9,9,7,6,8,7,9,9,8,8,9,9,10,10,10,9,9,9,9,9,9,8,8,8,9,9,10,9,9,8,10,8,9,9,9,8,10,9,10,9,10,9,8,8,9,8,10,10,10,10,8,7,9,9,10,10,10,10,9,8,9,9,9,9,8,8,9,8,8,7,8,7,7,6,6,5,10,10,9,8,10,9,9,8,10,10,9,9,8,7,9,8,7,6,7,6,6,5,6,5,7,6,9,8,7,6,7,6,5,4,4,3,6,5,5,4,4,3,6,5,9,8,5,4,6,5,10,10,9,8,9,8
child_215,0,8,U8,midfielder,medium,good,average,mild,medium,happy,47,70,8,9,7,8,6,7,7,8,8,9,7,8,9,10,7,9,6,8,9,9,8,9,8,8,8,8,9,9,8,9,8,9,9,9,7,8,9,8,9,9,9,9,6,7,7,8,6,7,7,8,9,9,8,9,7,8,8,9,7,8,9,9,8,9,9,10,8,9,8,8,8,9,7,8,8,8,7,7,7,9,6,8,7,9,8,9,8,9,8,9,6,7,7,8,8,9,8,9,7,8,7,8,7,7,9,9,7,7,7,7,5,6,5,6,7,8,6,7,5,6,6,7,8,8,5,6,7,8,8,9,7,8,8,9
child_216,0,8,U8,mixed,low,good,average,none,low,neutral,45,24,6,7,5,6,5,6,4,5,6,8,5,6,7,8,5,9,5,8,8,9,7,8,7,8,6,7,6,7,7,8,6,6,8,9,6,8,7,8,9,10,9,10,6,7,5,6,5,6,5,6,7,8,5,5,6,7,5,6,6,7,5,6,5,7,7,8,5,6,5,6,5,6,5,6,5,6,5,6,5,8,5,7,5,8,4,6,5,7,6,7,6,5,5,6,4,5,4,5,3,4,4,5,5,6,5,6,5,6,5,6,3,4,4,5,3,4,4,5,2,3,3,4,6,7,3,4,5,6,4,5,5,6,5,6
child_217,0,8,U10,goalkeeper,medium,good,strong,none,low,excited,43,57,8,9,7,8,6,7,7,8,9,10,9,10,8,9,9,10,8,9,8,8,9,9,8,8,7,8,8,9,9,9,7,8,9,9,8,9,8,9,9,9,9,9,9,10,8,8,8,8,9,10,9,10,8,9,9,9,9,10,9,10,6,7,8,9,9,10,7,8,7,8,7,8,6,7,5,6,5,6,9,10,8,9,9,10,6,7,8,9,7,8,7,7,8,9,8,9,8,9,7,8,9,10,7,8,8,9,6,6,6,6,5,5,4,4,7,8,6,6,5,5,6,6,7,8,5,5,8,9,9,10,7,8,8,9
child_218,0,7,U10,forward,low,good,average,frequent,low,neutral,52,30,8,10,7,9,6,8,6,7,5,8,7,9,9,10,4,6,4,5,7,9,8,9,6,8,6,8,5,7,7,8,5,7,6,8,5,7,6,7,7,9,7,9,6,8,5,7,4,7,6,8,6,8,7,9,5,8,5,7,5,7,6,8,6,8,8,10,5,7,6,8,7,9,5,7,4,6,4,6,4,6,4,5,4,5,5,6,4,5,5,6,5,6,5,6,7,8,7,8,6,7,6,7,5,6,6,7,6,7,6,7,5,6,5,6,6,8,5,6,5,6,6,7,7,8,5,6,5,6,7,8,6,7,6,7
child_219,0,8,U9,forward,low,good,strong,none,low,frustrated,72,24,5,6,6,6,5,5,6,7,4,8,6,5,5,7,3,9,2,8,8,8,7,7,6,7,6,6,7,9,7,7,8,6,6,8,7,6,8,5,8,9,8,10,8,8,7,7,6,6,8,7,8,9,6,5,7,7,5,6,5,6,5,7,6,9,5,7,5,7,6,8,4,6,5,6,5,8,4,6,3,9,3,8,4,9,5,6,5,8,4,7,6,5,5,6,5,5,5,5,4,5,3,4,6,3,7,4,5,4,5,4,4,2,3,3,4,5,4,3,3,2,5,4,6,6,3,3,4,4,3,5,5,5,6,5
child_220,0,8,U8,defender,low,good,average,none,medium,neutral,53,42,7,9,8,9,6,7,5,8,5,8,8,9,6,7,5,7,4,6,8,9,8,9,7,8,7,8,6,7,7,8,8,9,8,9,6,7,8,8,9,10,9,10,6,7,5,6,6,7,7,8,8,9,7,8,6,7,6,7,5,6,7,8,6,9,6,7,7,8,5,6,6,7,5,6,5,7,4,5,4,6,4,5,5,6,6,7,5,6,5,6,6,7,7,8,7,8,6,7,6,7,5,6,5,5,6,7,5,5,5,5,4,5,5,5,6,7,5,5,4,5,5,6,6,7,4,5,5,6,6,7,7,8,7,8
child_221,0,8,U8,midfielder,high,neutral,average,mild,high,anxious,57,61,7,8,6,7,5,6,8,9,5,8,7,8,9,10,6,8,4,6,5,6,5,7,6,8,5,7,5,8,5,7,5,8,4,6,6,7,5,6,3,7,4,8,5,7,6,7,4,6,6,8,7,8,8,9,6,7,5,6,5,7,5,6,6,7,9,10,6,7,7,8,8,9,5,7,4,6,4,6,5,8,5,7,4,8,5,6,6,7,6,7,6,5,7,8,7,8,8,9,6,6,8,9,5,6,6,7,5,6,5,6,4,5,5,6,8,9,7,8,4,5,5,6,7,8,5,6,6,7,7,8,6,7,8,9
child_222,0,8,U10,mixed,medium,neutral,average,none,low,excited,27,57,9,10,10,9,8,8,9,10,7,8,7,6,8,9,10,10,8,9,7,8,6,7,7,8,7,8,6,9,7,7,7,8,8,9,8,7,6,6,8,9,9,10,8,8,7,7,8,7,9,9,9,9,7,6,7,8,8,8,8,9,8,8,7,9,8,9,8,9,8,10,7,8,7,9,6,8,5,7,10,10,9,9,8,9,7,7,8,8,9,9,7,6,8,7,7,6,8,7,6,5,5,6,6,5,7,7,6,5,5,5,4,4,5,5,7,8,5,4,3,3,6,6,9,9,5,5,7,7,8,8,7,6,8,7
child_223,0,8,U7,goalkeeper,low,good,average,none,low,excited,49,51,9,10,8,9,7,8,5,7,6,9,9,10,7,8,8,9,9,9,8,9,8,9,7,9,8,9,7,9,8,9,8,8,9,9,8,9,9,8,9,9,9,9,6,8,7,8,7,8,6,8,8,9,9,10,7,8,8,9,9,10,6,7,7,9,8,9,6,8,7,8,8,9,6,7,5,6,4,5,9,10,8,9,8,9,7,8,9,10,8,9,7,6,9,8,9,9,8,8,7,7,8,8,6,5,7,6,7,5,6,5,5,4,6,5,8,7,7,6,4,3,6,5,9,9,5,4,7,6,9,10,8,9,8,9
child_224,0,10,U7,forward,medium,neutral,strong,mild,low,excited,25,90,9,10,8,9,6,7,10,10,8,9,9,8,7,8,9,9,8,9,7,8,6,8,7,9,7,9,8,10,7,8,7,9,8,9,8,8,6,7,7,9,9,10,8,9,8,9,9,9,9,10,9,10,6,6,8,9,9,9,10,9,8,9,9,9,8,9,8,9,10,10,8,9,8,9,7,7,6,6,10,10,8,8,9,9,8,8,9,9,9,9,7,7,8,8,6,6,7,6,6,6,6,5,5,5,6,6,6,5,5,5,5,5,4,4,7,7,7,6,5,5,6,6,8,8,5,5,6,6,9,9,7,7,8,8
child_225,0,7,U9,goalkeeper,high,neutral,strong,none,high,happy,39,88,9,8,10,9,8,7,7,8,8,9,9,8,8,7,7,8,6,7,7,7,7,8,8,8,8,8,7,7,7,8,8,8,8,8,7,7,7,7,8,8,8,7,9,9,9,8,9,8,9,9,9,9,8,7,8,7,9,9,9,9,7,6,7,7,8,8,7,7,8,8,8,7,7,6,6,6,6,6,7,8,7,7,7,8,6,6,7,7,7,8,6,5,8,8,8,7,8,7,6,6,7,7,6,6,8,8,7,6,6,5,5,4,5,4,8,7,7,6,5,4,6,5,8,7,5,5,6,6,8,7,7,7,9,8
child_226,0,8,U9,mixed,low,neutral,average,none,high,excited,38,57,9,10,8,9,7,6,5,7,6,8,8,7,7,8,9,9,8,8,6,7,6,7,7,8,7,8,6,7,6,7,5,6,6,8,5,7,6,6,7,7,7,8,7,7,7,6,8,7,7,8,8,9,5,5,6,6,7,8,8,8,6,8,7,9,7,9,6,7,7,8,8,9,6,6,5,5,5,5,9,10,8,9,9,10,6,6,7,8,8,9,6,5,8,7,6,6,6,6,5,5,5,5,6,6,6,7,6,6,6,6,5,5,5,5,7,6,6,6,5,5,5,5,7,6,5,5,7,6,6,6,7,6,7,7
child_227,0,10,U7,midfielder,low,neutral,average,mild,low,excited,29,53,8,9,9,10,7,8,10,9,7,8,8,7,9,8,10,10,8,7,6,7,6,7,5,6,5,6,5,7,6,7,6,7,6,8,7,8,6,6,7,8,7,8,7,8,6,7,6,6,7,8,8,9,5,6,7,8,8,8,8,8,9,9,7,8,9,8,7,8,9,9,8,7,7,8,6,7,5,6,9,10,8,9,8,8,6,7,7,8,8,8,6,5,7,7,7,6,8,7,5,6,6,6,5,5,6,6,5,5,5,5,4,4,5,5,6,6,5,5,4,4,6,7,8,9,5,6,6,7,7,8,6,7,7,8
child_228,0,10,U8,forward,low,good,average,none,high,excited,24,76,8,9,6,7,5,6,7,8,9,10,7,8,10,10,9,9,8,8,9,9,9,9,8,8,8,8,8,9,9,9,8,8,9,9,8,8,8,7,9,9,9,9,7,7,7,7,8,8,7,8,9,9,6,7,8,8,8,8,9,9,7,8,8,9,10,10,8,8,8,8,9,9,7,7,6,6,5,5,9,10,8,8,9,9,8,7,9,9,8,8,7,6,8,7,8,8,9,9,6,6,8,8,7,6,9,8,5,5,5,5,6,5,7,6,6,5,7,6,5,4,8,7,9,8,5,4,8,7,9,9,8,8,8,8
child_229,0,9,U8,defender,high,neutral,average,none,high,excited,38,100,10,10,10,10,9,8,10,10,9,9,10,9,8,9,10,10,9,8,7,8,8,8,9,9,8,8,7,9,8,9,8,8,9,9,8,8,8,8,8,9,9,10,8,9,8,8,9,9,9,9,10,10,8,8,9,9,10,10,10,10,9,9,9,9,8,9,9,9,10,10,9,8,9,8,8,8,8,8,10,10,9,9,9,9,8,8,9,9,8,8,7,6,10,10,9,8,9,8,8,7,7,6,8,6,9,8,8,7,8,7,7,5,6,5,9,8,6,5,5,4,6,5,9,8,6,5,8,6,9,9,8,7,9,9
child_230,0,10,U10,goalkeeper,medium,neutral,strong,mild,high,anxious,67,64,7,9,8,10,6,7,7,8,6,8,8,9,5,7,6,8,5,7,6,7,5,6,6,7,5,7,5,8,6,7,6,8,6,8,5,6,6,7,5,8,7,8,8,9,7,8,7,8,8,9,8,9,6,7,7,8,7,8,7,8,7,8,6,8,5,7,7,8,6,7,6,8,5,7,5,8,5,7,6,9,5,8,6,8,6,7,6,8,6,8,5,6,5,6,6,7,6,7,5,6,5,6,5,6,6,7,5,6,5,6,5,6,4,5,5,6,5,5,4,5,5,5,6,6,4,5,5,6,7,8,6,7,7,8
child_231,0,10,U8,forward,medium,bad,strong,none,high,excited,42,73,9,9,6,5,4,3,8,7,7,8,8,6,10,10,9,9,8,7,3,9,2,8,1,7,2,8,3,9,4,6,5,7,2,9,4,8,2,7,1,9,1,9,9,10,7,6,8,7,9,10,9,10,5,4,7,6,8,8,9,9,6,7,5,6,10,10,6,5,8,7,10,9,7,6,4,5,3,4,9,10,5,7,8,9,4,6,6,7,7,8,5,3,8,8,6,5,7,5,4,3,3,2,5,4,6,5,7,6,6,5,4,3,2,2,6,5,5,4,3,3,5,5,7,8,6,5,8,8,8,8,4,4,5,5
child_232,0,10,U7,goalkeeper,high,good,isolated,none,high,excited,39,75,8,10,7,9,6,8,5,9,9,10,4,6,5,7,9,10,8,9,8,9,8,9,7,8,8,9,8,9,8,9,9,10,9,10,9,10,8,9,9,10,9,10,4,8,5,7,5,7,6,8,6,8,5,6,6,8,7,8,7,8,8,9,9,10,5,7,8,9,7,8,6,7,7,8,8,9,7,8,9,10,8,9,9,10,8,9,7,8,8,9,6,7,8,9,5,6,5,6,5,6,5,7,4,5,7,8,6,7,6,7,4,5,4,5,5,6,5,6,3,4,5,6,7,8,4,5,4,5,7,8,8,9,8,9
child_233,0,8,U8,mixed,medium,good,average,none,low,excited,29,62,8,9,7,8,6,7,5,9,7,8,8,9,6,7,9,10,8,9,9,9,8,8,9,9,7,8,8,9,8,8,8,9,9,9,8,8,9,8,9,9,9,9,7,8,6,7,7,8,7,8,8,9,8,9,8,8,9,9,9,9,8,9,7,9,6,7,8,8,5,7,8,9,7,8,6,7,5,6,9,10,8,9,9,10,8,8,9,9,8,8,6,7,7,8,8,8,9,9,6,7,7,8,6,7,9,9,7,7,6,7,5,6,4,5,7,8,6,7,5,6,6,7,9,9,5,6,8,9,7,8,8,9,8,9
child_234,0,7,U8,mixed,low,neutral,isolated,none,medium,frustrated,70,16,4,6,5,9,3,8,6,7,7,9,3,5,8,9,3,8,2,7,5,6,5,7,6,6,5,7,6,8,4,7,5,6,4,7,5,6,5,5,3,6,4,6,3,6,4,7,3,6,4,8,5,7,3,5,3,6,3,6,2,5,5,7,6,8,8,9,5,7,5,7,7,8,6,7,5,6,4,5,2,9,3,8,3,8,5,6,5,7,4,6,5,4,4,5,4,5,4,5,3,6,3,5,5,4,5,5,6,4,6,4,3,3,3,4,4,5,3,4,2,3,3,4,5,6,3,5,3,5,4,5,4,6,5,7
child_235,0,10,U10,defender,medium,neutral,average,none,low,excited,50,54,8,9,7,8,6,6,7,7,8,9,7,8,6,6,9,10,8,9,6,8,7,9,6,8,7,8,7,8,6,7,6,7,7,8,7,8,5,6,6,7,6,8,7,8,6,7,7,7,7,8,8,9,6,6,7,7,8,8,8,9,7,8,6,8,6,6,7,7,8,8,7,7,6,6,6,7,5,6,9,10,8,9,9,10,7,8,7,8,8,9,6,6,7,8,5,5,5,6,4,5,4,4,4,5,5,6,5,5,5,5,4,4,3,3,5,5,4,4,3,3,5,5,6,6,4,4,5,5,6,7,5,6,5,6
child_236,0,8,U7,forward,high,good,average,none,medium,frustrated,81,33,5,7,8,9,6,8,4,6,7,9,5,6,5,8,2,8,2,6,7,9,6,7,6,8,5,8,6,8,7,9,6,8,8,9,5,6,7,8,5,7,5,7,5,8,6,7,4,5,5,8,6,9,6,7,5,6,4,5,3,5,4,7,5,8,6,9,5,7,5,6,5,8,4,6,5,6,4,5,2,9,3,7,2,8,4,6,5,8,5,7,4,5,6,7,5,6,5,6,5,7,4,5,5,6,6,7,5,6,5,6,4,5,3,4,5,6,5,5,3,4,4,5,6,8,4,5,5,6,3,5,6,7,5,6
child_237,0,10,U9,midfielder,low,neutral,strong,none,medium,excited,29,100,10,9,10,10,9,8,10,9,8,7,10,9,9,8,10,10,9,8,7,6,7,7,8,8,7,7,8,9,7,6,8,7,9,8,8,8,7,6,8,7,8,6,10,9,9,8,10,9,10,10,10,9,10,10,9,8,10,9,10,10,9,8,8,8,9,8,9,9,10,9,8,8,9,8,8,7,7,6,10,10,9,8,10,9,8,7,9,8,10,9,8,7,9,8,10,9,10,9,9,8,9,8,7,6,8,7,7,6,7,6,6,5,8,7,9,8,6,5,5,4,7,6,9,8,6,5,8,7,10,9,9,8,10,9
child_238,0,8,U10,defender,low,good,strong,mild,low,excited,41,67,9,10,10,9,6,5,7,8,5,6,8,7,5,4,9,8,9,7,8,9,9,9,7,8,8,8,7,8,8,9,8,8,8,9,9,8,8,7,9,8,10,9,9,9,8,8,9,7,10,9,10,10,6,5,7,6,10,9,10,10,7,6,5,6,5,4,7,6,8,8,6,5,6,5,5,5,5,4,10,10,8,7,9,8,6,5,8,9,9,8,6,5,7,7,7,5,9,8,6,5,5,4,7,6,8,7,7,6,6,5,4,3,3,2,6,5,5,4,2,1,6,5,8,7,4,3,5,4,9,10,7,6,8,7
child_239,0,8,U9,midfielder,medium,neutral,isolated,none,low,neutral,53,49,6,8,5,7,4,6,8,9,7,8,4,5,7,8,6,9,5,7,6,6,5,7,5,6,6,7,6,8,4,7,7,9,6,8,5,7,6,7,6,9,6,8,3,6,5,6,4,5,4,6,6,8,4,5,3,5,4,6,5,7,7,9,8,8,7,8,7,9,8,8,6,7,6,6,5,7,5,7,5,8,6,8,5,7,6,8,7,8,6,7,5,6,4,5,3,5,4,5,3,5,3,4,5,5,5,6,4,5,4,5,3,4,2,3,4,5,4,4,3,3,3,4,6,7,4,5,3,4,5,6,5,6,5,7
child_240,0,10,U10,goalkeeper,medium,good,average,none,high,frustrated,62,88,7,9,6,8,5,7,8,9,6,8,7,8,7,8,4,9,3,7,8,9,7,9,6,8,7,8,6,8,8,9,7,8,6,9,7,8,6,8,8,9,9,10,6,8,5,7,5,7,6,8,7,8,6,8,5,7,5,6,5,6,6,8,7,9,7,9,6,8,6,8,5,7,5,7,6,8,6,7,3,8,4,7,4,8,6,7,5,7,6,8,7,6,7,8,6,8,6,8,5,7,6,7,6,6,7,8,5,6,5,6,4,5,5,6,6,7,5,6,4,5,5,6,7,8,5,5,6,7,5,8,6,8,5,8
child_241,0,8,U8,forward,medium,bad,isolated,mild,low,frustrated,70,0,3,7,2,9,4,8,5,8,7,8,2,9,6,9,2,9,2,8,1,10,1,9,1,9,1,8,2,8,1,9,2,8,2,8,1,7,1,8,1,9,1,10,2,9,3,7,2,8,2,8,3,9,3,8,2,7,2,8,2,7,5,8,6,9,6,9,5,8,6,7,7,8,6,8,5,6,4,5,2,10,3,9,2,9,4,7,4,8,3,9,3,4,2,6,1,8,1,8,2,7,2,8,2,5,1,6,3,4,2,3,2,5,1,5,2,6,2,4,2,3,2,6,3,7,2,4,2,5,2,8,2,7,3,8
child_242,0,8,U7,midfielder,low,good,isolated,none,high,neutral,51,43,7,8,6,8,5,7,6,9,5,10,4,8,5,6,6,9,4,8,8,9,7,8,7,9,6,8,7,9,7,8,8,9,8,8,7,8,7,8,8,9,8,9,3,6,5,7,5,6,4,8,6,8,5,7,4,7,5,7,4,7,6,8,5,9,5,6,6,8,6,8,5,7,6,8,5,7,5,7,5,9,6,8,5,9,5,8,6,9,6,8,5,5,7,6,6,8,6,8,5,7,4,6,5,5,6,7,5,5,5,5,4,4,3,3,6,7,5,5,4,4,5,6,7,8,3,4,6,6,6,8,6,9,7,9
child_243,0,9,U10,midfielder,medium,bad,average,none,high,anxious,58,20,6,8,8,10,5,7,7,9,6,8,5,6,6,8,5,7,4,6,2,10,2,9,1,8,2,9,2,9,2,8,3,8,2,10,3,7,2,8,1,10,1,10,6,9,5,7,5,8,6,8,7,9,4,6,5,7,4,7,4,6,5,8,7,9,6,8,5,7,6,8,5,8,4,7,5,7,4,6,5,9,5,8,4,7,6,8,5,7,4,6,4,5,5,6,6,7,6,6,3,5,3,5,5,5,5,6,6,5,6,5,4,4,3,4,5,6,4,5,3,4,5,6,7,8,4,5,3,6,3,5,6,7,7,8
child_244,0,7,U8,mixed,medium,good,strong,mild,medium,excited,29,83,9,10,10,10,8,7,8,8,7,9,10,10,10,10,9,9,8,7,8,9,9,10,9,8,8,8,9,9,9,9,8,8,8,9,9,10,9,8,9,10,9,10,9,10,8,9,9,10,10,10,10,10,10,9,8,8,10,9,10,10,8,9,9,9,10,10,9,8,9,9,10,10,8,9,7,7,6,6,9,10,8,8,9,10,8,7,9,9,9,8,8,7,9,8,10,10,10,9,9,8,9,9,8,7,9,9,7,6,7,6,6,5,5,5,8,8,7,7,5,4,8,6,10,10,6,5,9,8,10,10,9,9,10,10
child_245,0,8,U8,midfielder,high,bad,isolated,none,medium,excited,38,42,8,9,6,10,5,8,7,8,9,10,4,5,8,9,10,10,10,9,3,9,2,8,1,7,2,8,2,8,2,8,5,9,2,7,4,8,3,7,1,10,1,10,3,9,4,7,4,6,3,8,5,8,2,6,4,7,5,6,6,8,8,9,9,10,8,9,7,8,8,9,7,8,6,7,7,8,6,7,9,10,7,8,8,9,7,8,8,9,8,9,6,5,7,8,3,5,4,6,3,5,2,4,3,5,5,6,6,6,5,5,3,4,2,3,3,4,4,5,3,3,4,5,7,8,4,4,4,5,2,5,6,7,5,6
child_246,0,8,U10,goalkeeper,high,good,isolated,none,medium,excited,18,83,9,10,10,10,8,9,10,10,9,10,10,10,8,9,10,10,9,9,8,10,8,10,9,10,9,10,9,10,8,10,9,10,9,10,8,9,7,9,9,10,9,10,5,8,6,8,7,8,7,9,8,10,9,9,7,8,9,10,9,10,9,10,8,10,8,9,8,9,9,10,8,9,9,9,8,8,7,7,10,10,9,9,10,10,8,9,9,10,9,10,8,7,6,6,8,9,9,9,7,8,8,9,5,6,8,9,5,6,5,6,6,5,4,4,6,6,7,7,5,4,6,5,7,6,5,4,6,5,9,10,8,9,8,9
child_247,0,7,U8,midfielder,low,neutral,average,none,low,happy,55,19,8,9,7,6,5,5,4,8,6,10,7,8,6,7,5,9,4,10,6,7,5,6,5,7,6,8,6,8,5,6,6,7,5,7,6,8,5,6,6,8,6,8,7,8,6,7,5,7,6,8,7,8,6,7,5,6,6,8,5,7,4,7,5,8,6,8,5,7,4,8,6,7,5,7,4,5,4,5,5,9,4,8,5,9,6,8,5,9,6,8,7,6,5,7,6,7,7,7,5,6,6,7,5,5,5,6,5,5,5,5,4,4,3,3,6,7,5,5,4,4,6,6,7,8,4,5,5,6,5,7,6,8,6,7
child_248,0,10,U9,midfielder,medium,neutral,average,mild,high,neutral,46,49,6,8,7,9,5,7,6,8,6,9,5,6,7,8,5,9,4,8,6,7,6,7,5,8,5,8,5,9,5,6,5,7,4,8,5,7,6,6,5,7,4,8,5,8,6,7,4,6,6,8,7,8,5,5,5,7,4,6,5,6,6,8,7,9,7,8,6,8,6,7,5,7,6,7,5,6,5,6,5,9,6,8,5,9,6,7,5,8,5,8,4,5,6,7,4,6,4,5,3,5,3,4,5,5,5,5,5,5,5,5,4,4,3,3,6,7,5,6,3,3,6,7,7,8,5,6,4,5,6,7,6,8,6,8
child_249,0,9,U10,midfielder,medium,good,strong,none,high,neutral,52,68,8,8,9,9,7,7,7,8,6,9,9,9,7,8,6,10,5,9,8,9,8,8,7,8,7,8,8,9,9,9,7,8,8,9,6,7,7,7,8,9,8,9,9,9,8,8,7,7,9,9,9,9,8,8,8,8,9,9,9,9,7,9,8,9,7,8,8,9,7,8,8,9,6,8,7,7,6,6,6,10,5,9,6,9,7,8,7,9,8,8,6,6,9,9,8,8,8,8,7,7,7,8,6,5,7,6,6,5,6,5,5,4,5,5,7,7,5,5,4,4,6,6,8,8,4,4,6,7,8,9,7,8,7,8
child_250,0,10,U8,goalkeeper,low,good,average,none,low,frustrated,61,46,6,8,7,9,5,7,6,8,8,9,5,6,7,8,4,9,3,7,8,9,7,8,7,8,8,9,7,9,6,8,6,8,7,8,5,7,6,7,5,9,6,9,6,7,5,6,4,6,6,8,7,9,4,5,5,7,4,5,3,4,6,8,8,9,7,8,6,7,6,8,6,7,5,6,5,7,4,6,3,9,4,8,3,7,6,7,5,8,5,7,6,5,5,6,4,5,4,5,3,4,2,3,2,3,4,5,3,4,2,3,2,3,1,2,2,3,2,3,1,2,3,4,4,5,2,3,2,3,3,5,4,6,4,6
child_251,0,10,U7,midfielder,high,neutral,average,none,low,neutral,55,43,8,9,9,10,7,8,5,7,6,8,8,9,9,10,5,6,4,5,6,7,6,7,6,7,7,8,6,7,6,7,7,8,8,9,5,6,5,5,4,5,5,5,7,8,6,7,7,8,8,9,8,9,7,8,6,7,7,8,6,7,7,8,7,8,9,10,6,7,5,6,8,9,6,7,5,6,5,6,5,6,4,5,4,5,6,7,5,6,6,7,4,5,5,6,7,8,7,8,6,7,5,6,5,6,7,8,5,6,5,6,5,6,4,5,7,8,7,8,4,5,6,7,8,9,5,6,6,7,6,7,5,6,5,6
child_252,0,9,U9,mixed,high,good,average,mild,high,excited,36,100,10,9,9,8,8,7,10,9,9,8,10,10,9,8,10,10,10,9,8,9,9,9,10,10,9,9,8,9,9,8,9,8,9,9,10,10,9,8,10,9,10,10,8,9,7,8,7,8,9,9,9,9,10,10,8,8,9,9,10,9,9,9,10,10,9,9,9,9,10,10,10,10,9,9,8,8,7,7,10,10,9,9,10,10,8,8,9,9,8,8,7,6,10,9,9,9,10,9,9,8,9,8,8,7,9,9,8,7,7,7,6,5,6,5,10,9,8,7,7,6,8,7,9,8,6,5,7,6,10,9,9,8,9,8
child_253,0,10,U9,mixed,low,good,average,frequent,low,neutral,57,48,8,10,7,9,6,7,9,10,5,8,8,10,4,6,6,7,5,6,8,9,7,8,6,7,7,8,6,7,7,9,8,8,9,9,6,7,7,8,8,9,8,9,6,7,5,6,5,6,6,7,7,8,8,8,5,6,6,7,5,6,8,9,5,8,4,5,7,8,9,10,6,7,5,6,6,7,5,6,5,7,4,6,6,7,7,8,7,8,7,8,6,7,5,6,8,9,8,9,6,7,6,7,5,5,7,8,5,5,4,5,3,4,2,3,6,7,5,6,3,4,4,5,7,8,4,5,3,4,7,8,6,7,7,8
child_255,0,9,U10,forward,low,neutral,strong,none,high,neutral,56,92,9,10,10,10,8,7,9,9,6,8,10,10,7,8,6,7,5,6,7,8,7,8,6,7,6,8,6,7,7,8,7,9,8,9,6,8,7,7,8,9,8,9,9,10,8,9,9,10,10,10,9,10,10,9,9,8,10,9,10,9,8,8,7,8,7,8,8,9,9,9,7,8,8,8,6,7,5,6,6,7,5,6,6,8,7,7,7,8,8,8,5,6,8,9,9,9,9,9,6,7,8,8,7,7,8,8,7,7,7,7,6,5,6,5,7,6,7,6,5,4,7,7,8,9,6,6,7,7,9,10,8,8,9,10
child_256,0,9,U10,goalkeeper,medium,good,average,mild,medium,excited,34,87,9,8,7,7,6,6,8,9,9,10,7,5,8,9,10,10,10,10,9,9,8,8,8,9,9,9,8,8,8,9,9,10,8,9,9,8,9,8,9,10,9,10,7,8,6,7,6,7,7,8,9,9,5,5,7,8,8,9,9,9,9,10,9,10,8,9,8,9,8,8,9,9,8,8,7,8,6,7,10,10,8,7,9,9,9,8,9,10,8,9,6,5,7,8,7,6,7,5,5,4,5,4,5,4,8,7,6,5,6,5,5,3,4,3,7,6,5,4,4,3,6,5,7,6,5,4,5,4,8,9,7,6,7,6
child_257,0,10,U9,mixed,low,neutral,average,none,high,frustrated,59,70,8,9,7,8,6,7,9,10,6,8,7,9,8,8,3,7,3,7,6,8,5,7,6,8,6,7,5,9,6,7,5,7,4,8,5,7,5,7,4,9,4,9,7,8,6,7,6,8,7,8,7,9,8,8,7,9,7,9,6,8,7,8,7,9,8,9,8,8,9,10,7,8,7,8,6,7,5,7,3,8,4,9,4,8,6,7,5,7,5,8,6,5,6,7,7,8,6,7,5,6,7,7,6,5,7,7,6,5,6,5,5,4,4,3,7,6,7,6,5,4,5,5,7,8,5,4,6,7,8,9,7,8,7,8
child_258,0,9,U10,defender,medium,bad,average,frequent,medium,neutral,59,0,5,7,4,6,3,5,4,8,5,9,4,6,6,8,3,10,3,9,2,10,2,9,2,8,3,8,2,9,4,8,5,7,2,9,3,8,3,7,2,9,3,10,5,8,4,7,4,6,5,8,6,9,4,6,5,7,4,6,3,7,5,7,6,8,5,9,5,8,6,7,5,8,5,6,4,7,4,6,3,10,4,9,4,8,5,7,4,8,5,9,3,6,5,5,3,5,3,5,4,4,2,5,4,5,4,5,5,4,5,4,3,3,2,4,4,5,3,4,2,3,4,4,5,6,3,3,4,5,3,6,4,5,4,6
child_259,0,8,U10,mixed,medium,good,average,mild,medium,happy,41,63,9,10,8,9,7,7,6,8,7,9,8,9,6,8,5,6,4,5,8,9,7,8,7,8,7,8,6,7,8,9,5,6,6,7,6,7,6,6,8,9,8,9,6,7,5,6,5,6,6,7,7,8,5,6,7,8,5,6,6,7,5,8,6,7,7,8,5,7,6,7,7,8,5,6,4,5,4,5,5,7,6,7,5,6,5,6,5,6,6,7,6,5,7,8,7,8,7,8,6,7,5,6,6,6,7,8,5,5,5,5,4,4,4,5,6,7,5,6,3,4,4,5,6,7,5,5,4,5,8,9,6,7,7,8
child_260,0,8,U7,forward,high,good,average,none,medium,excited,34,90,8,8,7,6,6,5,9,9,9,10,7,6,8,9,10,10,9,9,8,9,8,9,9,9,8,8,7,8,8,8,7,7,8,9,9,8,7,7,9,10,9,10,7,8,6,7,6,7,8,8,8,9,7,6,8,8,8,7,9,8,8,7,9,9,8,9,8,7,9,8,7,7,8,8,7,7,6,6,10,10,9,9,9,8,7,7,8,9,8,8,6,5,8,7,7,6,7,6,6,5,6,5,6,6,7,7,5,5,5,5,4,4,5,4,7,6,6,5,4,4,5,5,7,7,4,4,6,6,9,8,7,7,8,8
child_261,0,8,U10,midfielder,medium,good,strong,frequent,high,frustrated,54,69,8,9,5,6,3,4,9,8,6,7,7,6,7,8,4,5,3,4,9,9,8,8,7,7,6,7,7,8,9,9,8,8,6,7,6,6,7,7,5,6,4,5,6,7,5,6,4,5,8,9,9,9,3,4,5,6,5,6,4,5,5,6,7,8,7,8,6,7,6,6,7,8,6,6,5,5,4,4,2,3,3,4,3,4,6,6,7,8,7,8,5,5,8,8,5,5,6,6,4,4,3,3,6,7,7,8,5,5,5,5,4,4,3,3,4,5,6,7,2,2,5,6,7,8,4,4,6,6,7,8,8,8,8,8
child_262,0,7,U7,defender,high,good,strong,mild,medium,happy,40,85,9,9,10,10,8,7,8,9,7,8,10,10,8,9,7,8,6,7,9,10,8,9,9,9,8,8,9,9,9,8,8,8,9,9,8,8,8,7,9,10,9,10,9,9,8,8,9,8,10,10,9,9,10,10,8,8,10,9,10,10,8,8,9,9,8,9,8,9,7,8,9,9,8,8,7,7,6,6,7,8,7,8,6,7,8,8,9,9,8,8,7,6,8,8,9,8,10,9,8,7,9,8,7,6,9,9,8,7,8,7,6,5,7,6,8,8,7,6,5,4,7,6,9,8,6,5,8,7,10,10,9,9,10,10
child_263,0,9,U8,goalkeeper,high,bad,average,none,medium,excited,39,78,9,8,8,7,7,6,9,9,9,8,8,7,10,10,10,9,9,8,3,8,3,8,3,8,3,8,3,9,3,8,4,7,3,9,4,7,4,6,3,10,2,10,6,6,7,7,6,6,6,6,7,7,8,8,7,7,8,8,8,8,9,8,8,8,10,10,8,7,9,9,9,9,8,7,6,6,5,5,10,9,9,8,10,9,7,7,8,7,8,7,7,5,6,6,8,7,8,7,7,6,9,8,5,4,6,5,6,4,5,4,4,3,6,5,7,6,6,5,4,3,5,4,9,8,6,5,7,6,8,8,8,8,8,8
child_264,0,9,U10,forward,low,good,strong,none,high,neutral,64,63,7,8,8,7,5,6,4,7,6,8,8,6,7,8,5,9,4,8,8,9,7,8,6,7,7,8,6,9,8,8,7,8,7,9,5,7,8,8,8,9,8,9,8,9,7,8,5,7,8,8,9,9,6,7,7,8,6,7,5,7,6,8,6,9,7,8,6,7,5,7,6,8,5,7,4,6,4,6,5,9,5,8,4,8,6,7,6,8,5,9,7,5,6,7,6,5,6,5,5,6,5,6,7,6,8,7,6,5,6,5,4,3,5,5,6,6,5,6,4,3,5,5,6,7,5,4,5,5,7,7,6,6,7,7
child_265,0,8,U10,mixed,medium,good,strong,mild,low,frustrated,61,43,6,7,8,9,5,6,7,8,7,9,8,9,5,6,4,8,3,8,8,9,7,8,6,8,7,8,6,8,8,9,7,8,6,8,5,7,6,7,6,8,5,9,8,9,6,7,5,7,8,9,8,9,7,8,6,7,6,7,5,8,6,8,7,9,5,6,7,8,6,8,5,6,6,7,5,6,5,6,4,9,5,8,3,9,6,8,5,8,5,7,6,5,6,7,6,8,7,8,5,6,5,6,5,6,7,8,5,6,5,6,4,5,4,5,6,6,5,6,4,5,4,5,6,6,3,4,5,5,7,8,6,6,7,8
child_266,0,7,U10,forward,medium,good,average,none,medium,frustrated,53,41,5,7,5,6,4,5,6,7,7,8,5,6,6,8,3,8,3,7,8,9,7,8,6,7,6,8,7,9,7,8,8,9,8,9,5,7,7,8,9,10,9,10,6,7,5,7,4,6,6,7,8,9,4,5,5,7,5,7,4,6,6,8,7,8,6,8,7,8,7,8,5,6,5,6,5,6,5,6,3,9,4,8,3,8,6,7,6,8,6,7,5,5,6,6,5,5,5,5,4,4,4,4,5,5,6,6,5,5,5,5,4,4,4,4,5,5,4,4,3,3,5,5,6,7,4,4,4,4,5,6,5,5,5,5
child_267,0,9,U8,mixed,medium,good,strong,none,low,excited,33,76,8,9,9,8,7,6,8,9,8,9,9,8,9,8,9,10,8,9,9,8,9,8,8,8,8,8,8,9,9,9,8,8,9,8,8,8,9,7,9,8,9,8,9,9,8,8,9,8,9,9,9,9,8,8,9,8,9,8,9,9,8,9,8,9,9,8,8,9,8,8,8,9,8,8,7,7,7,7,9,10,8,9,9,10,8,8,9,9,9,9,7,6,8,7,9,8,9,8,8,7,9,8,8,7,9,8,7,6,7,6,6,5,6,5,8,7,7,6,5,4,7,5,8,7,6,5,8,7,9,8,8,7,9,8
child_268,0,9,U9,forward,high,good,strong,none,high,excited,30,97,10,10,10,10,9,9,8,8,9,9,10,10,9,10,10,10,10,9,9,8,9,9,10,9,9,9,9,10,10,10,8,9,9,9,10,10,9,9,9,9,10,10,10,10,9,9,10,9,10,10,10,10,10,9,10,10,10,10,10,10,9,10,9,10,10,10,9,9,9,10,9,9,9,9,8,8,7,7,10,10,9,8,10,10,8,8,10,9,10,10,8,7,9,9,10,10,10,10,9,9,9,8,8,7,9,8,8,7,8,7,7,6,6,5,9,8,7,6,6,5,8,7,9,9,7,6,8,7,10,10,10,10,10,10
child_269,0,9,U9,defender,high,good,strong,none,low,happy,38,98,9,8,6,5,5,4,7,6,8,8,8,7,9,9,7,6,6,5,8,8,8,7,9,8,8,8,8,9,9,8,8,7,9,7,7,6,9,8,9,8,9,8,9,8,8,7,8,7,9,8,9,8,7,5,8,7,8,7,7,6,8,7,9,8,9,9,8,7,8,7,8,7,8,6,7,6,7,5,6,7,7,6,6,6,7,6,8,8,8,7,7,6,5,5,6,5,6,5,4,4,4,4,5,5,6,5,6,5,5,5,5,5,4,4,4,4,5,4,3,3,6,5,7,5,4,4,5,5,7,6,6,6,7,6
child_270,0,7,U10,mixed,medium,neutral,strong,frequent,low,frustrated,72,4,4,6,8,9,3,5,5,7,7,9,6,7,6,8,3,8,2,7,5,7,4,6,3,7,5,6,5,8,6,7,5,7,4,7,5,8,5,6,3,8,3,9,7,8,4,6,6,6,8,9,6,7,5,6,3,7,4,5,3,6,4,8,6,8,5,7,5,8,5,6,6,7,5,7,5,7,4,6,2,8,3,7,3,6,4,6,5,7,5,8,4,6,5,7,4,5,3,5,3,6,2,4,4,5,3,6,5,5,4,4,3,3,2,4,5,6,4,5,3,4,3,5,5,6,4,5,3,4,3,6,5,7,6,8
child_271,0,7,U8,mixed,medium,neutral,average,none,high,happy,44,81,9,10,8,9,7,7,9,10,8,9,7,6,8,9,6,8,5,7,6,7,6,7,7,8,7,8,8,9,6,7,6,7,5,8,6,7,5,7,5,8,5,8,7,8,6,7,6,7,7,8,7,8,6,7,7,8,8,9,8,9,8,9,7,8,8,9,8,9,9,10,7,8,6,7,6,7,5,6,6,8,5,7,6,8,6,7,7,8,6,7,6,5,7,6,7,6,7,6,6,5,6,5,5,5,7,6,6,5,5,5,5,4,4,3,7,6,6,5,4,3,5,6,8,9,5,4,5,6,7,8,6,7,6,7
child_272,0,7,U9,defender,medium,good,strong,none,high,neutral,56,95,9,10,10,10,8,9,8,9,7,8,10,10,6,8,7,9,6,8,8,9,8,9,7,8,7,9,7,8,8,9,8,9,9,10,7,8,7,8,8,9,9,10,9,10,9,9,8,9,10,10,9,10,10,10,8,9,9,9,10,10,8,8,7,8,8,9,8,9,8,9,7,8,8,8,6,7,6,7,7,9,6,7,7,9,7,8,8,9,8,9,7,7,8,8,9,10,9,10,7,8,9,9,7,7,8,9,7,7,7,7,6,6,8,8,9,10,6,7,5,6,7,8,9,9,6,7,8,8,10,10,9,9,10,10
child_273,0,9,U8,forward,high,good,strong,none,low,excited,40,69,8,8,7,6,5,4,6,7,9,9,8,7,6,5,9,10,8,9,8,8,8,7,9,8,8,8,7,7,8,7,8,7,9,8,8,7,8,7,9,8,9,8,8,8,7,7,8,8,9,9,9,8,6,5,8,7,9,8,8,8,8,7,7,7,6,5,7,6,9,9,7,6,7,6,6,5,5,4,9,10,8,9,9,10,7,6,8,8,8,7,7,5,6,5,6,5,6,5,5,4,5,4,6,5,8,8,6,5,5,4,5,4,5,4,6,5,5,4,5,4,5,4,7,5,4,3,6,5,7,6,7,6,8,7
child_274,0,7,U8,defender,low,neutral,average,mild,low,frustrated,87,10,3,7,4,8,3,6,2,7,5,9,3,6,5,8,2,6,2,5,5,7,5,7,4,6,5,7,5,8,4,6,6,7,4,8,5,7,5,6,4,7,3,8,5,6,4,5,3,6,4,7,5,6,3,5,2,5,3,5,2,5,5,7,6,8,5,8,5,7,4,6,5,7,4,6,5,7,4,6,2,9,3,8,2,7,4,6,5,7,3,6,4,5,3,6,3,5,3,5,2,4,3,5,4,5,3,5,4,5,3,4,2,3,2,3,4,5,3,4,2,3,3,5,4,6,3,4,3,5,3,5,4,6,4,6
child_275,0,8,U8,goalkeeper,medium,good,strong,mild,low,excited,29,82,9,9,8,8,7,6,10,9,9,10,8,7,8,8,10,10,9,9,9,8,8,8,9,9,9,9,9,9,10,9,9,8,9,8,8,8,8,7,10,9,10,9,9,9,8,8,8,7,9,9,9,9,7,6,8,8,9,9,10,9,9,9,9,9,9,8,9,8,10,9,8,7,9,8,8,7,7,6,10,10,9,9,10,10,8,8,9,9,9,8,7,6,9,8,7,5,7,5,6,5,5,4,6,4,7,5,7,5,6,4,5,3,4,3,5,4,6,5,4,2,6,5,8,7,5,4,5,4,8,7,9,8,9,8
child_276,0,9,U8,midfielder,medium,good,strong,mild,high,excited,32,74,8,9,8,7,6,5,5,8,7,9,9,6,8,8,9,10,9,10,8,9,7,8,8,9,8,8,8,8,9,7,8,8,7,9,8,7,7,6,8,9,8,9,9,9,7,6,8,8,9,9,9,9,6,5,8,7,9,9,9,9,7,8,8,9,9,8,8,7,6,7,7,8,6,7,5,6,5,6,9,10,8,7,8,9,7,6,8,8,7,7,6,5,9,8,7,6,8,6,6,5,6,5,7,5,8,7,7,5,7,5,5,4,4,3,5,6,6,5,4,3,5,6,7,8,4,4,6,5,7,8,8,7,8,8
child_277,0,8,U8,forward,medium,bad,average,none,medium,anxious,68,0,5,7,6,9,4,6,3,8,5,9,4,5,6,8,3,7,2,6,2,10,2,9,2,8,2,7,2,10,4,8,3,6,1,10,2,9,2,7,1,10,1,10,5,8,6,7,5,6,5,7,5,8,4,6,3,7,3,6,3,6,5,8,5,9,6,8,4,7,3,8,5,7,5,6,4,6,4,6,3,9,3,7,3,8,5,6,4,7,4,6,2,5,3,6,4,5,4,5,3,5,2,4,3,3,4,5,4,4,4,4,2,3,2,3,3,5,3,4,1,3,3,5,4,6,2,4,2,3,5,7,5,7,5,6
child_278,0,9,U7,midfielder,low,good,strong,none,medium,neutral,51,71,8,10,7,9,6,7,7,8,5,9,8,7,9,10,5,8,4,6,8,9,8,9,7,8,7,8,8,10,9,8,8,9,6,9,7,8,7,8,8,10,9,10,9,9,8,8,7,7,9,9,9,10,6,7,8,8,7,8,6,7,7,9,8,9,9,10,8,9,6,8,7,9,6,8,5,7,5,6,4,8,5,7,5,7,5,6,6,7,7,8,5,6,6,7,7,8,7,8,5,7,6,6,5,5,7,8,5,5,5,5,4,4,5,6,6,7,5,6,4,4,5,5,8,9,4,5,6,7,8,9,7,8,8,9
child_279,0,7,U8,midfielder,low,neutral,average,mild,medium,excited,43,45,9,9,10,10,8,8,7,8,6,9,9,10,8,9,9,10,8,9,7,8,7,8,6,7,7,8,7,8,7,8,8,9,6,8,7,8,6,7,5,8,5,8,7,8,6,7,7,8,8,9,8,9,9,10,7,8,9,10,9,10,6,8,7,9,8,9,7,9,6,8,8,9,6,7,5,6,4,5,9,10,7,8,9,10,6,7,7,8,8,9,6,7,8,9,9,9,10,10,6,7,8,9,7,8,8,9,5,6,5,6,4,5,5,6,7,8,6,7,4,5,6,7,8,9,4,5,6,7,9,10,7,8,8,9
child_280,0,10,U10,midfielder,high,neutral,average,mild,medium,excited,51,64,8,9,5,6,4,5,7,8,9,10,6,5,8,9,9,10,8,9,6,7,6,6,5,7,7,8,7,8,6,6,7,8,7,8,6,7,6,6,5,7,5,7,5,7,5,6,5,6,6,7,8,9,4,5,5,6,7,8,6,7,8,9,8,9,8,9,7,8,7,8,6,7,5,6,6,7,5,6,9,10,8,9,8,9,7,8,8,9,7,8,6,5,6,7,4,3,4,3,3,2,2,2,3,2,4,5,3,2,3,2,2,2,1,1,2,2,2,3,1,1,2,2,5,6,2,2,2,3,3,3,4,4,4,4
child_281,0,8,U9,mixed,low,neutral,average,none,low,excited,37,55,8,9,9,10,7,8,10,9,6,7,8,8,7,8,9,10,8,9,6,7,6,7,5,7,5,7,5,8,6,8,7,8,7,8,6,8,5,7,5,7,5,7,7,8,6,7,7,8,8,9,8,9,7,7,7,8,9,9,9,9,8,9,7,8,7,8,8,9,9,9,7,8,6,8,6,7,5,7,9,10,8,9,8,9,7,8,8,9,7,8,5,6,8,9,6,7,6,7,5,6,5,6,5,6,6,7,5,6,5,6,4,5,4,5,6,7,5,6,4,5,6,7,8,9,5,6,6,7,7,8,8,9,8,9
child_282,0,8,U7,defender,low,good,average,none,low,excited,43,71,9,8,6,7,5,6,7,9,8,9,7,5,8,8,9,9,9,8,8,9,7,8,8,8,8,8,9,9,8,7,9,9,9,8,8,7,8,7,9,9,9,9,7,8,6,7,6,5,7,8,8,7,6,6,7,8,8,7,7,6,8,9,7,8,8,8,8,9,7,8,7,8,6,7,8,7,7,6,9,9,8,8,8,8,7,8,8,9,7,7,6,6,7,7,6,5,6,5,5,4,6,5,6,5,8,7,5,4,5,4,4,3,3,2,5,5,4,4,3,2,5,5,7,7,5,4,6,6,7,8,8,8,8,8
child_283,0,9,U10,defender,high,good,average,none,medium,excited,43,93,9,8,10,9,7,8,8,9,9,10,8,7,8,9,10,10,9,9,9,8,8,8,9,9,8,8,9,9,9,8,8,9,9,8,8,8,9,8,9,8,9,8,8,8,7,7,9,8,8,9,10,9,8,8,8,8,9,8,9,8,9,9,8,9,8,9,8,9,8,9,9,8,8,7,8,7,7,7,10,10,9,9,9,9,8,8,9,9,9,9,7,6,8,7,8,6,9,6,7,6,7,5,6,5,8,7,7,5,7,5,6,4,5,3,6,5,5,5,4,4,7,5,8,7,5,4,6,5,8,7,8,8,9,9
child_284,0,7,U8,mixed,high,good,average,none,medium,frustrated,67,47,6,8,5,7,4,6,3,9,8,10,7,9,6,8,3,9,2,8,8,9,7,8,5,7,6,8,7,9,6,8,7,8,5,9,4,8,6,7,9,9,9,10,5,8,5,7,4,6,6,8,7,9,4,8,6,7,5,8,3,7,5,9,8,9,7,9,6,8,5,8,7,9,6,8,5,7,5,7,3,10,2,8,3,9,5,8,4,8,3,7,6,6,6,7,5,7,4,6,4,6,3,7,6,5,7,7,6,5,5,5,4,4,3,6,5,6,4,5,3,5,4,5,5,6,3,4,2,5,5,7,6,8,5,8
child_287,0,8,U9,mixed,medium,bad,average,mild,low,excited,43,11,8,8,6,7,5,6,7,8,9,9,6,5,7,9,9,10,8,9,2,8,2,7,2,6,3,8,3,9,2,6,5,8,2,8,3,7,4,6,1,8,1,9,6,8,5,7,5,6,6,7,7,8,5,5,6,7,6,8,7,8,8,9,8,9,7,9,7,8,8,9,6,7,6,7,5,6,5,6,9,10,8,9,9,9,8,7,7,8,8,9,5,6,6,7,4,5,4,5,3,4,3,4,4,4,5,5,5,5,4,4,3,3,2,2,4,5,3,3,2,2,6,6,7,7,5,5,6,7,5,6,5,5,5,5
child_288,0,8,U8,mixed,high,good,average,none,low,neutral,56,80,8,9,7,8,6,7,9,10,7,9,8,9,8,8,6,8,5,7,8,9,7,8,7,8,8,8,7,9,8,8,8,8,8,9,6,7,7,8,9,9,9,10,7,8,7,8,6,7,7,8,8,9,6,7,7,8,7,8,7,8,8,9,7,8,8,9,8,9,8,9,7,8,6,7,6,7,5,6,6,8,5,7,6,8,7,8,6,7,6,8,5,6,4,5,7,8,7,8,6,7,7,8,5,6,6,7,5,6,5,6,4,5,5,6,6,7,4,5,4,5,5,6,8,9,4,5,7,8,7,8,8,9,8,9
child_289,0,8,U9,midfielder,low,good,average,none,high,excited,25,100,9,8,8,8,7,7,10,9,9,10,10,9,8,9,10,10,9,9,9,10,9,10,9,10,8,9,8,9,9,10,9,9,9,9,9,10,8,9,10,10,10,10,8,9,7,8,9,9,8,9,9,10,8,9,8,9,9,9,10,10,9,9,9,10,8,9,9,10,10,10,9,9,9,9,8,8,7,7,10,10,9,9,10,10,8,9,10,10,9,9,8,7,9,9,8,7,9,8,8,7,9,8,7,6,9,9,7,6,6,5,5,4,6,5,9,8,6,5,5,4,8,7,9,8,5,4,9,8,10,10,9,8,10,10
child_290,0,10,U8,goalkeeper,high,neutral,isolated,none,high,frustrated,68,31,5,6,3,5,2,4,4,7,6,9,3,5,3,4,3,6,2,5,5,8,5,7,4,6,5,8,4,9,3,7,5,7,4,8,5,6,5,5,2,9,3,9,3,6,4,7,3,5,2,6,4,8,3,5,2,6,3,5,2,6,5,8,6,9,3,4,4,5,4,6,5,7,4,6,5,7,4,5,2,7,3,6,3,7,4,5,5,6,4,7,3,4,4,5,2,3,3,4,2,4,2,3,3,4,4,5,3,3,3,4,2,3,2,3,3,4,2,3,2,3,3,4,3,5,2,3,3,4,4,5,4,6,4,6
child_291,0,7,U8,defender,low,neutral,strong,none,low,excited,21,50,8,9,9,10,7,8,6,7,8,8,8,9,7,8,9,9,8,8,7,7,7,8,6,7,7,8,6,8,8,8,7,8,7,8,7,8,6,7,8,9,8,9,9,9,8,8,8,7,9,9,9,9,8,7,8,8,9,9,9,8,8,9,8,9,7,8,8,9,8,9,7,8,7,8,7,8,6,7,9,10,8,8,9,9,7,8,8,9,9,10,6,6,8,8,7,6,7,6,6,5,6,5,7,6,7,7,7,6,7,6,5,4,5,4,7,6,6,5,5,4,6,5,9,9,5,4,7,6,8,9,8,8,8,9
child_292,0,8,U9,goalkeeper,low,neutral,strong,frequent,high,excited,41,37,9,8,6,6,5,7,7,8,8,9,9,8,8,9,9,9,9,9,6,7,6,8,6,7,6,8,7,9,7,8,6,7,5,9,7,8,6,7,5,9,5,9,8,9,5,8,7,8,9,9,9,9,8,8,8,9,9,9,9,9,7,8,8,9,8,9,7,8,8,8,6,7,6,7,7,8,6,7,9,9,8,8,9,9,7,8,8,8,7,8,5,6,9,9,7,7,7,7,6,6,8,8,6,6,7,7,6,6,6,6,5,5,5,5,6,6,5,5,4,4,6,6,7,7,5,5,6,7,8,8,7,7,8,8
child_293,0,7,U7,forward,medium,bad,average,none,high,excited,36,45,8,8,9,9,7,7,6,8,8,9,9,9,8,8,9,10,9,9,2,10,3,9,3,8,3,8,2,9,3,9,4,7,1,9,2,8,3,7,1,10,1,10,6,9,7,8,8,9,7,8,9,10,8,8,7,9,8,9,8,9,6,8,7,9,8,9,7,8,6,8,6,8,5,7,5,6,4,5,9,10,7,8,8,9,7,7,8,9,7,8,6,5,9,9,9,8,9,8,6,7,8,9,5,5,5,5,5,5,5,5,4,4,5,5,7,7,6,6,4,4,6,5,8,8,5,5,7,6,9,9,8,8,8,8
child_294,0,9,U8,midfielder,high,neutral,isolated,none,low,anxious,54,26,8,10,7,9,4,8,6,7,7,8,3,6,7,9,5,7,4,6,6,7,5,8,5,7,6,8,5,9,3,5,6,8,6,7,5,6,6,7,6,8,7,9,3,8,4,7,4,6,3,7,4,8,3,5,5,6,4,7,4,6,7,9,6,8,7,9,5,7,6,8,6,8,5,7,6,7,5,6,5,7,5,6,4,7,5,6,5,8,5,8,4,6,3,5,2,5,3,5,2,4,2,3,2,4,3,6,3,4,3,4,2,3,1,2,2,4,2,3,1,2,2,5,3,7,2,3,2,4,1,3,4,7,3,6
child_295,0,8,U7,midfielder,medium,neutral,average,mild,low,neutral,51,42,7,8,8,9,6,7,9,10,5,9,8,8,6,8,5,10,4,9,6,7,6,8,5,7,6,8,5,9,5,8,6,7,5,8,5,7,6,6,4,8,5,9,6,8,5,7,4,7,7,8,7,8,6,8,5,7,5,8,5,8,7,9,6,9,6,8,7,8,8,9,5,7,6,8,5,6,4,5,5,10,4,8,5,9,5,6,6,8,5,7,5,4,5,7,8,9,8,9,6,5,7,8,6,5,6,7,5,6,5,5,4,3,4,4,7,8,5,6,4,3,5,6,8,8,6,5,7,7,7,8,6,7,6,7
child_296,0,9,U8,midfielder,medium,neutral,strong,none,low,happy,52,44,8,9,9,10,6,5,7,8,7,8,5,4,8,9,5,6,4,5,7,8,6,7,6,7,6,8,5,7,6,7,6,6,8,8,5,5,5,5,6,7,6,7,9,9,8,8,8,8,9,9,9,9,5,4,7,7,6,6,5,5,7,8,8,9,8,9,6,6,5,6,6,7,5,6,6,6,5,5,6,7,5,5,5,6,6,6,7,8,6,7,5,4,6,5,4,3,4,3,3,2,3,2,3,2,4,4,3,2,3,2,2,1,2,1,4,4,3,2,2,1,3,2,6,7,2,1,3,2,6,6,6,6,6,6
child_297,0,7,U10,goalkeeper,high,neutral,average,none,low,frustrated,55,14,6,7,7,9,5,6,4,8,8,9,5,5,7,8,3,8,2,7,6,8,5,7,4,7,5,8,6,9,5,8,7,9,6,7,5,8,5,7,4,9,5,9,6,8,5,7,4,6,5,8,7,9,3,5,4,7,3,6,2,5,7,8,8,9,6,8,6,8,7,9,7,8,5,6,6,8,5,7,2,9,3,8,4,7,5,8,5,8,6,7,4,5,3,6,4,5,4,5,3,4,3,4,3,3,4,5,3,3,3,3,3,2,2,2,3,3,3,4,2,2,4,5,6,7,3,4,2,3,3,4,5,6,5,7
child_298,0,8,U8,mixed,medium,neutral,isolated,none,high,neutral,59,22,6,7,5,9,4,8,6,8,7,10,3,6,5,8,7,9,6,8,5,7,5,8,5,7,6,8,4,8,4,7,7,9,6,8,4,7,5,6,3,8,4,9,3,6,4,7,3,6,4,8,5,8,3,5,4,6,3,6,3,5,6,8,7,9,6,8,5,8,6,7,5,7,6,7,4,6,4,5,5,9,4,8,5,9,5,6,7,8,6,7,5,4,5,7,3,5,4,5,4,6,3,4,3,3,5,6,3,2,3,2,2,3,3,4,3,5,2,2,2,3,4,5,5,8,2,4,3,4,6,8,5,7,5,7
child_299,0,9,U10,forward,low,good,average,none,high,excited,29,84,9,10,10,10,7,8,8,9,6,9,8,7,6,7,9,9,8,8,9,10,9,9,8,8,8,8,8,9,9,9,9,9,8,9,8,8,9,9,10,10,10,10,8,9,7,8,7,8,8,9,9,9,6,7,8,8,8,9,9,10,8,8,7,8,6,7,7,8,8,8,7,7,8,8,6,7,5,6,9,9,8,8,8,9,7,8,9,9,8,8,7,6,8,8,6,6,7,7,6,6,5,5,6,6,9,9,7,7,7,7,5,5,5,5,6,6,6,6,4,4,7,7,8,8,5,5,6,6,9,9,8,8,9,9
child_300,0,10,U7,midfielder,low,good,average,none,high,excited,48,74,8,10,7,9,4,5,7,8,8,9,6,5,7,9,9,10,9,9,9,10,8,9,9,10,8,9,8,9,9,10,7,8,9,10,8,9,7,8,9,10,9,10,6,7,6,7,7,8,6,7,8,9,5,6,6,7,8,9,7,8,8,10,8,9,7,9,7,8,7,8,7,8,6,7,6,7,5,6,9,10,8,9,9,10,8,9,7,8,8,9,6,5,8,8,5,4,5,4,5,5,4,3,5,4,8,8,5,4,5,4,4,3,3,2,4,3,4,3,3,2,4,3,7,8,4,3,4,3,6,7,6,7,7,8
child_301,0,10,U9,midfielder,high,good,average,mild,high,happy,47,94,9,9,10,10,8,8,7,6,8,9,9,10,7,8,6,7,5,6,9,9,8,8,9,9,8,8,7,8,9,9,7,7,9,8,6,7,8,7,9,9,9,9,7,7,6,6,7,7,8,9,8,8,9,10,8,8,9,9,9,10,6,6,7,7,8,9,7,8,7,7,6,7,5,6,5,5,5,5,6,8,5,6,6,8,7,7,6,7,7,8,6,5,8,8,10,9,9,8,7,6,9,9,6,5,8,8,7,7,6,6,5,5,7,6,9,8,7,7,5,5,6,6,9,9,5,5,8,8,9,9,7,7,8,8
child_302,0,10,U10,forward,high,good,strong,none,low,excited,37,81,9,8,10,10,7,6,8,9,8,8,9,7,6,5,9,10,8,9,8,7,8,7,9,8,9,8,8,8,9,7,8,7,9,8,7,6,8,7,9,8,9,8,9,8,8,7,9,8,10,9,9,9,8,7,9,8,10,9,10,9,8,8,9,9,6,5,7,6,9,8,7,6,8,7,7,6,6,5,10,10,9,8,9,8,8,7,9,8,8,7,7,6,8,7,6,5,7,6,5,4,5,4,6,5,8,7,7,6,6,5,5,4,4,3,6,5,5,4,4,3,5,4,8,7,4,3,5,4,7,6,7,6,7,6
child_303,0,10,U8,midfielder,medium,neutral,average,none,medium,frustrated,77,31,8,9,4,6,3,4,6,7,7,8,5,5,7,8,3,6,2,5,6,7,5,6,4,5,5,6,5,7,4,5,6,7,6,7,4,5,6,7,2,9,3,9,5,6,4,5,4,5,6,7,5,6,3,4,4,5,3,4,2,3,6,8,7,9,6,7,5,6,6,7,5,6,5,6,5,6,4,5,3,9,2,8,2,7,5,6,4,5,4,5,3,4,2,3,3,4,3,4,2,3,1,2,3,4,4,5,3,4,3,4,2,3,1,2,4,5,2,3,1,2,3,4,5,6,4,5,3,4,2,3,3,4,3,4
child_304,0,7,U9,mixed,medium,bad,average,none,high,frustrated,68,16,5,8,6,9,5,7,4,6,6,8,5,8,4,7,3,5,2,4,2,9,2,8,2,8,3,7,3,7,3,8,4,6,2,9,2,5,3,5,2,9,2,9,6,8,7,8,5,7,6,8,6,8,7,9,5,7,5,7,4,6,4,6,5,8,5,8,5,8,4,6,6,8,4,6,4,5,3,4,2,6,3,5,3,5,4,6,4,5,3,5,4,5,6,6,6,7,7,7,5,6,6,8,5,4,6,6,5,4,5,4,4,3,5,5,6,7,5,5,3,3,4,5,6,6,4,4,5,6,6,8,5,6,5,6
child_305,0,9,U8,midfielder,low,neutral,average,none,high,excited,41,68,8,9,6,5,5,4,7,8,7,9,7,6,8,8,9,9,8,8,6,7,6,7,5,6,6,7,7,8,6,7,7,8,7,8,6,7,6,6,7,8,7,8,7,7,6,6,7,6,7,7,8,8,5,5,6,6,8,7,7,7,8,9,7,8,8,8,7,8,7,9,6,7,6,7,7,6,7,6,9,10,8,9,8,9,6,6,7,8,8,9,5,5,8,7,5,4,5,4,4,3,4,3,5,5,6,6,5,5,5,5,3,2,3,2,4,3,4,3,2,1,6,6,7,7,5,4,4,5,6,7,7,8,7,8
child_306,0,9,U8,defender,medium,good,average,none,high,neutral,49,81,8,9,9,10,7,8,9,9,7,8,8,9,6,7,6,8,5,6,8,9,7,8,8,9,7,8,6,8,7,8,7,8,8,9,6,8,8,9,9,10,9,10,6,7,7,8,6,8,7,8,8,9,8,9,7,8,8,9,9,10,7,8,7,8,6,7,7,8,8,9,6,7,6,7,6,7,5,6,6,8,5,7,6,8,6,7,7,8,7,8,5,6,6,7,8,9,8,9,6,7,8,9,7,8,8,9,7,8,7,8,6,7,5,6,8,9,6,7,5,6,5,6,7,8,5,6,6,7,9,10,8,9,8,9
child_307,0,9,U9,forward,low,bad,strong,mild,high,excited,32,41,9,8,10,9,7,8,5,6,6,7,9,8,10,10,8,9,7,6,2,8,2,8,1,7,2,8,1,9,3,7,3,8,2,9,4,7,1,6,1,9,1,9,9,8,8,8,10,9,10,9,10,10,8,7,9,8,10,9,10,9,6,7,7,8,10,9,7,8,6,7,9,9,6,7,5,6,4,5,9,10,8,7,9,8,5,6,6,7,8,9,5,4,8,7,9,7,9,7,5,6,4,5,6,5,7,6,6,5,5,4,3,3,2,3,5,4,4,4,2,2,6,5,10,9,7,7,5,6,10,9,7,6,8,7
child_308,0,10,U8,midfielder,high,neutral,strong,none,low,happy,44,38,8,7,9,9,7,6,5,8,7,9,6,5,8,8,6,10,5,9,6,7,5,7,6,8,5,7,5,8,7,8,6,8,6,7,5,8,4,7,5,8,5,8,8,8,7,7,7,6,9,9,8,8,6,5,7,7,8,6,7,6,6,8,7,9,8,8,7,9,7,8,6,7,6,6,5,6,4,5,6,10,5,9,5,9,6,8,6,7,7,8,5,5,6,6,5,5,6,5,5,5,4,4,5,5,6,5,5,5,5,5,4,3,3,3,5,4,5,4,4,3,5,4,7,7,4,3,4,4,5,6,6,7,7,8
child_309,0,10,U9,midfielder,low,neutral,average,none,low,happy,45,39,8,9,8,9,7,7,6,8,5,8,9,10,7,8,6,7,5,6,6,7,6,7,5,6,6,7,6,7,6,7,7,8,7,8,5,6,5,6,5,6,6,7,7,8,6,7,6,7,7,8,8,8,8,9,6,7,7,8,7,8,6,8,7,8,7,8,7,8,6,7,7,8,6,7,5,6,4,5,5,6,5,6,5,6,5,6,5,6,6,7,6,5,5,5,8,9,8,9,6,7,7,8,6,6,6,7,6,5,6,5,5,5,4,4,8,9,7,7,5,5,7,8,8,9,6,6,6,7,8,9,7,8,7,8
child_310,0,9,U8,goalkeeper,high,good,average,mild,high,excited,56,76,9,9,10,10,8,8,7,8,9,9,10,9,9,8,10,10,10,10,8,9,8,9,9,9,8,8,9,9,9,8,7,8,9,8,8,9,8,8,9,9,9,9,7,8,6,8,6,7,8,9,9,9,8,9,8,9,9,10,9,10,8,8,9,9,8,9,9,9,8,8,7,8,8,8,7,7,6,6,10,10,9,9,10,10,8,8,9,9,9,9,7,6,10,10,9,8,9,8,7,7,8,8,6,5,8,8,7,6,6,5,5,4,4,3,8,7,7,6,5,4,6,5,10,9,6,5,8,8,9,9,10,10,10,10
child_313,0,7,U8,forward,low,neutral,average,none,high,neutral,64,61,8,9,7,6,6,5,7,8,6,7,8,9,7,8,6,5,5,4,6,6,6,7,5,7,5,6,5,7,7,6,6,7,7,8,5,6,6,5,6,6,6,6,7,7,7,6,7,7,6,7,7,8,6,5,7,8,7,6,6,5,7,8,6,7,7,8,6,7,7,6,6,6,6,7,5,5,5,5,6,7,5,5,6,7,6,6,7,7,6,7,5,4,6,5,8,7,8,7,6,6,6,6,5,5,7,6,5,5,5,5,4,3,4,3,7,6,6,6,3,2,6,5,7,7,5,4,6,5,7,8,6,6,6,7
child_314,0,9,U8,midfielder,medium,neutral,average,none,high,excited,40,66,9,9,8,8,7,7,8,9,8,8,9,10,9,8,9,10,9,9,7,8,7,8,7,8,8,8,8,9,7,8,8,9,7,9,7,8,6,7,5,8,6,9,8,9,7,8,7,8,8,9,8,9,8,9,7,8,8,9,9,10,8,9,8,9,9,9,8,8,8,8,8,9,8,9,7,8,6,7,9,10,8,9,9,10,7,8,9,10,8,9,6,7,8,8,9,9,9,9,7,8,8,9,6,7,7,8,5,6,5,6,4,5,3,4,6,7,7,8,3,4,5,6,8,9,5,6,7,8,9,10,7,8,8,9
child_315,0,10,U10,goalkeeper,medium,good,isolated,none,medium,frustrated,73,13,5,7,6,9,3,8,5,7,7,9,4,6,6,8,3,8,2,7,8,9,7,8,6,7,7,8,5,8,4,8,6,7,4,8,6,8,5,6,7,9,6,9,3,7,4,7,3,6,5,7,6,8,4,6,3,6,3,5,2,5,4,6,5,8,6,9,5,7,6,7,5,7,4,6,5,6,4,5,2,9,3,8,2,8,4,6,3,7,2,6,4,5,5,7,3,5,3,5,2,6,3,4,5,4,6,7,5,4,5,4,3,4,2,3,3,6,2,3,1,2,3,5,5,7,3,4,4,5,5,6,4,6,4,6
child_316,0,9,U9,midfielder,low,good,average,frequent,medium,excited,26,49,8,9,7,8,5,6,6,7,7,8,6,7,7,8,9,10,8,9,8,9,7,8,6,7,6,7,7,8,6,7,8,9,6,7,8,9,7,8,8,9,8,9,6,7,5,6,5,6,6,7,7,8,5,6,6,7,6,7,6,7,7,8,8,9,7,8,6,7,7,8,7,8,6,7,7,8,6,7,9,10,8,9,9,10,7,8,9,10,8,9,6,7,7,8,5,6,5,6,6,7,5,6,5,6,7,8,5,6,5,6,4,5,4,5,5,6,5,6,3,4,6,7,8,9,4,5,5,6,6,7,7,8,7,8
child_317,0,7,U10,forward,high,neutral,average,frequent,medium,happy,45,64,8,9,7,10,5,8,9,9,8,10,6,7,7,9,6,8,5,8,6,7,5,6,5,8,6,8,5,9,5,8,6,7,4,9,5,6,5,6,3,9,4,9,6,7,5,8,4,8,6,8,7,9,5,6,5,8,5,7,6,7,7,8,8,9,7,9,7,8,8,9,6,8,6,8,5,7,5,7,6,9,5,8,6,9,5,6,5,7,6,8,5,6,4,6,7,8,7,8,5,6,4,5,5,5,5,6,5,5,5,5,4,4,4,4,6,7,5,5,4,4,6,7,7,8,5,6,5,6,6,7,5,6,5,6
child_323,0,7,U10,mixed,high,good,strong,none,high,happy,29,97,9,9,10,10,8,9,7,8,9,8,10,10,8,9,7,9,6,7,9,9,9,9,10,9,8,8,9,9,10,9,8,8,9,9,8,8,7,7,9,9,9,9,10,10,9,8,9,9,10,10,9,9,10,9,9,8,10,9,10,9,8,8,9,9,8,9,8,8,7,8,8,8,7,7,6,7,6,6,8,9,7,8,8,9,7,7,9,8,9,9,7,6,9,8,10,10,10,9,9,8,10,10,8,7,9,9,7,6,7,6,6,5,8,7,9,8,8,7,5,4,7,6,9,9,6,5,8,7,10,10,8,7,9,9
child_324,0,7,U9,forward,medium,neutral,strong,none,high,neutral,48,73,8,9,9,10,7,8,6,7,7,8,9,10,8,8,6,7,5,6,6,7,6,7,7,8,7,8,7,8,6,8,6,8,6,8,6,7,6,7,6,7,7,7,9,10,8,9,7,8,9,10,9,10,8,9,8,8,8,9,7,8,6,8,7,9,8,8,7,9,5,6,7,8,6,8,6,7,5,6,5,6,5,6,5,6,6,7,6,7,6,7,5,5,7,8,8,9,8,9,7,8,8,9,6,6,7,8,6,6,6,6,5,5,5,5,6,7,5,5,5,5,5,5,8,9,6,6,6,7,8,9,7,8,8,9
child_325,0,8,U9,defender,high,good,average,none,low,frustrated,66,39,4,8,6,10,5,7,6,9,8,10,5,7,7,8,3,9,2,8,8,9,7,8,6,7,6,8,5,9,7,9,6,8,4,9,5,8,6,7,3,9,4,9,5,7,6,7,5,6,5,8,7,9,4,6,5,8,4,7,3,8,5,7,7,9,6,8,5,9,6,7,5,6,5,7,6,7,5,6,3,9,3,8,4,9,5,7,6,8,5,8,4,5,6,7,4,5,5,6,3,4,3,5,3,4,6,6,4,5,4,5,2,3,3,4,5,7,4,5,2,3,5,7,6,8,3,4,5,6,3,5,5,6,6,7
child_326,0,7,U8,goalkeeper,low,good,average,none,high,happy,56,71,8,9,9,10,7,8,6,7,6,8,7,8,8,9,6,6,5,5,9,9,8,8,8,8,8,8,7,8,9,9,8,8,8,9,7,7,8,8,9,9,9,9,7,7,8,8,6,6,7,8,8,9,6,7,8,8,7,8,6,7,7,8,6,8,8,9,6,7,6,7,7,8,6,7,5,6,5,5,5,6,5,5,6,7,6,6,7,7,6,7,6,5,8,8,7,7,6,6,5,6,7,7,6,5,8,8,7,6,6,5,5,4,6,5,6,6,5,5,4,3,6,6,8,8,5,5,5,5,8,9,7,7,8,8
child_327,0,10,U9,mixed,medium,neutral,strong,none,medium,neutral,48,55,7,8,8,9,6,6,6,7,7,9,8,6,7,8,6,9,5,7,6,7,6,7,6,8,6,8,7,9,6,7,7,8,6,8,6,7,6,7,5,8,5,8,8,8,7,7,6,7,8,8,8,9,6,6,7,7,7,7,7,7,7,8,6,8,7,8,6,8,6,8,6,7,6,7,5,6,5,6,6,9,5,8,6,8,7,7,7,8,7,8,5,5,6,6,6,6,6,6,5,5,5,5,5,5,6,6,5,5,5,5,4,4,4,4,5,5,5,5,4,4,5,5,6,6,4,4,5,5,7,8,5,6,6,7
child_328,0,8,U10,defender,medium,good,average,none,medium,frustrated,76,47,6,8,7,9,5,6,5,7,8,9,6,7,7,8,3,7,2,6,8,9,7,8,7,8,8,8,7,9,8,9,8,9,7,8,6,7,6,6,8,9,8,9,6,8,5,6,4,5,5,7,6,7,5,6,6,7,5,6,3,5,7,9,7,9,7,8,6,8,6,7,6,7,5,6,6,7,5,6,3,8,4,7,3,8,6,7,5,6,5,6,5,5,6,6,5,6,5,5,4,5,5,6,5,5,6,7,5,5,4,4,3,4,2,3,6,7,5,6,4,4,5,6,6,8,4,5,6,7,4,5,5,6,6,7
child_329,0,9,U9,midfielder,medium,neutral,average,mild,high,happy,49,55,8,9,9,8,7,7,7,8,6,7,9,9,5,6,7,8,5,6,6,8,6,8,6,8,6,8,5,8,5,7,6,8,7,9,6,7,6,7,5,8,6,8,6,8,5,7,6,7,8,9,8,9,7,8,6,7,7,8,7,8,7,8,6,8,5,6,6,7,7,8,6,7,6,8,6,7,5,6,6,7,5,6,6,7,5,7,6,7,6,7,5,6,7,8,8,9,8,9,7,7,7,8,6,6,7,8,6,6,6,6,5,5,5,5,6,7,6,6,5,5,5,5,6,7,5,5,6,7,8,9,7,8,8,9
child_330,0,9,U10,mixed,low,bad,isolated,none,medium,neutral,45,37,8,10,5,9,4,8,9,10,6,7,4,6,9,10,5,7,5,6,2,10,2,9,2,8,3,8,2,9,2,9,4,7,3,9,2,8,3,7,1,10,1,10,4,8,6,7,5,6,3,7,6,8,4,5,5,7,5,6,4,6,8,10,7,8,9,10,7,8,8,9,7,9,6,8,5,7,5,7,5,7,4,6,5,6,6,7,5,7,5,6,6,5,5,5,3,6,3,5,4,5,2,4,3,4,2,5,4,4,4,4,2,3,1,2,2,4,2,3,1,2,3,3,6,7,5,6,4,5,3,4,5,6,5,6
child_331,0,10,U9,forward,low,good,average,none,high,excited,35,92,9,8,10,9,8,7,9,9,8,9,10,10,9,8,10,10,10,10,9,9,9,9,9,9,9,8,8,9,8,8,8,8,10,9,9,8,9,7,10,9,10,9,8,8,7,7,9,8,9,9,9,9,10,10,8,8,10,9,10,10,8,8,9,9,9,9,9,9,9,9,8,8,8,7,7,6,7,6,10,10,9,8,10,10,8,7,9,8,8,7,8,6,9,8,9,8,10,9,8,7,10,10,8,7,9,9,7,6,7,6,6,5,6,5,8,7,7,6,5,4,7,6,9,8,6,5,7,6,10,10,9,9,10,10
child_332,0,10,U8,defender,medium,good,average,mild,medium,excited,40,85,9,9,10,10,8,7,8,8,7,8,10,10,9,9,9,8,8,8,8,9,8,9,9,9,8,9,9,9,9,9,9,8,10,9,9,9,9,8,9,9,9,9,8,9,7,8,9,8,8,9,9,9,9,10,8,8,10,10,10,10,8,8,8,9,9,9,9,9,9,9,9,9,8,8,7,7,7,7,10,10,9,8,9,9,8,7,9,9,8,8,8,7,9,8,9,9,10,10,8,8,9,9,7,6,9,9,7,6,7,6,6,5,6,5,8,8,7,7,5,4,7,6,9,9,5,4,8,8,10,10,9,8,9,8
child_333,0,8,U10,forward,low,bad,strong,none,low,excited,39,16,8,9,9,8,7,7,5,6,6,8,9,8,10,10,8,9,7,8,2,9,3,8,1,7,2,7,3,8,5,7,4,6,2,9,4,7,3,6,2,9,1,9,9,8,7,8,8,9,8,8,9,9,10,10,8,7,9,9,9,9,6,7,5,8,10,10,7,8,6,7,8,9,5,6,5,6,4,5,8,9,7,8,8,9,6,7,7,8,8,8,6,5,8,7,9,8,8,7,7,6,6,5,5,5,6,5,5,5,5,5,4,3,3,2,6,5,6,5,4,3,5,6,8,8,4,4,5,5,9,8,5,6,7,7
child_334,0,10,U8,goalkeeper,medium,bad,isolated,frequent,low,happy,46,0,8,9,6,10,5,9,9,10,7,8,4,9,7,8,5,6,4,5,2,9,2,8,1,7,1,8,1,9,2,9,3,7,2,9,2,6,2,6,2,9,2,9,3,8,4,7,3,8,3,8,5,9,2,10,2,8,3,8,3,8,6,7,5,9,7,9,5,8,6,9,6,8,6,7,5,6,4,5,4,8,3,6,4,7,5,6,4,7,5,7,5,6,4,7,6,9,6,9,5,7,5,7,4,6,3,5,4,5,4,5,3,4,3,5,4,6,3,5,2,4,5,6,6,8,4,5,4,6,5,9,4,6,5,7
child_335,0,9,U8,forward,medium,neutral,isolated,none,high,frustrated,72,18,5,6,4,6,3,5,4,7,7,9,2,5,4,5,3,8,2,7,6,7,6,8,5,7,5,8,5,9,4,6,7,8,7,8,6,7,6,7,5,9,6,9,3,7,4,8,2,7,3,6,4,7,2,5,2,6,2,5,2,5,5,8,7,9,5,6,6,8,5,7,5,6,5,7,5,6,5,6,3,8,2,7,3,7,4,6,3,8,4,7,3,5,4,6,3,5,3,6,2,5,1,4,3,5,4,6,3,5,3,5,2,4,1,4,3,5,1,3,2,3,4,5,5,6,3,5,2,6,2,5,3,5,4,6
child_336,0,9,U7,midfielder,medium,good,strong,mild,low,happy,44,81,9,9,8,7,7,6,8,8,7,9,9,8,8,7,6,8,5,7,9,9,8,8,8,7,9,9,8,8,9,8,8,9,9,9,8,8,8,7,9,9,9,9,9,9,7,6,8,7,9,9,9,8,9,8,8,7,8,7,9,8,9,9,8,9,8,8,8,9,8,8,7,8,8,7,7,6,6,6,6,8,5,7,5,7,7,6,8,8,6,7,5,5,7,6,8,7,8,7,7,6,6,5,7,5,8,8,6,5,6,5,5,4,6,5,7,6,6,5,5,4,7,6,8,8,6,5,7,6,8,7,9,8,9,8
child_337,0,10,U9,defender,low,neutral,average,none,medium,excited,53,58,7,8,5,6,4,5,8,9,6,8,4,4,6,7,9,9,8,8,6,7,6,6,7,8,6,7,7,8,5,6,6,7,7,7,6,7,6,6,7,8,7,8,6,7,5,6,5,6,6,7,7,8,4,5,5,6,6,7,5,6,8,9,7,8,6,7,6,7,8,9,6,7,5,6,5,6,5,5,9,10,8,9,8,9,6,7,8,9,7,8,5,6,5,6,4,4,4,5,3,4,3,4,4,5,5,6,5,6,5,6,3,4,3,4,4,5,3,4,3,4,4,5,6,7,3,4,4,5,5,6,5,6,5,6
child_338,0,9,U9,defender,medium,good,strong,none,low,frustrated,71,55,4,5,7,9,3,4,6,7,5,8,6,4,3,3,3,9,3,8,8,9,7,8,6,7,7,8,6,9,8,7,7,8,8,9,6,7,8,7,9,10,9,10,8,9,7,8,5,6,8,9,8,9,4,5,6,7,5,6,3,5,7,8,8,9,3,3,6,7,8,8,5,4,6,7,7,8,7,8,3,9,4,7,3,8,8,8,7,9,6,8,5,4,7,8,2,3,2,3,2,3,1,2,3,3,3,4,3,3,2,3,1,2,1,2,2,3,1,2,1,2,2,3,5,5,1,2,1,2,2,3,3,4,4,5
child_339,0,8,U7,mixed,medium,neutral,average,none,medium,frustrated,66,37,5,7,7,10,6,8,8,9,5,9,6,8,6,8,4,8,3,7,6,8,5,7,4,7,5,7,6,8,5,6,6,7,4,8,5,7,6,7,3,9,2,9,6,8,5,7,4,8,6,9,7,8,5,8,5,7,5,8,4,9,6,8,6,9,7,8,6,8,7,9,6,7,5,8,5,7,5,7,4,8,3,8,4,9,6,6,5,8,4,7,6,5,5,7,6,9,5,8,4,7,5,8,5,6,6,7,5,6,5,6,4,5,4,6,5,7,5,6,3,4,5,5,7,8,4,5,5,7,7,8,6,8,6,8
child_340,0,8,U10,forward,low,neutral,average,none,medium,excited,17,80,9,9,10,10,8,7,7,8,6,9,7,6,8,8,9,10,9,9,7,7,7,7,6,8,7,8,8,9,7,8,8,9,8,9,8,8,7,7,9,8,9,9,8,8,8,7,8,7,9,8,9,9,7,6,8,8,9,9,9,9,8,9,9,10,8,8,7,7,9,9,9,8,8,7,7,8,6,7,9,10,8,9,9,10,8,8,9,9,8,8,7,6,8,7,6,5,7,6,5,4,5,5,6,5,7,7,6,5,6,5,4,4,3,3,6,5,5,4,4,3,6,5,8,8,4,3,5,4,7,6,7,7,7,7
child_341,0,9,U9,midfielder,low,neutral,strong,frequent,low,frustrated,58,31,6,8,8,9,5,7,7,8,4,9,8,9,7,10,3,6,2,5,5,6,5,7,4,8,6,7,5,7,4,6,6,7,4,8,5,6,5,5,3,8,3,8,7,8,6,7,4,7,8,9,7,8,6,9,5,7,5,8,4,7,5,8,6,9,7,10,6,8,5,8,5,9,4,8,4,6,4,5,2,7,3,6,3,7,4,6,5,8,5,7,4,5,3,6,6,8,7,8,5,6,5,7,5,5,5,6,6,5,6,5,4,4,4,5,6,6,5,5,3,3,5,5,7,7,5,5,6,8,6,7,6,5,6,5
child_342,0,10,U9,goalkeeper,high,neutral,average,none,low,excited,35,69,8,9,7,7,6,6,7,8,9,8,7,7,9,10,9,9,8,7,6,7,6,7,7,8,7,8,7,9,6,8,7,8,6,8,6,7,6,6,6,7,6,7,7,8,6,7,6,6,7,8,8,8,6,6,7,8,8,8,8,8,7,9,7,8,9,10,7,8,7,8,8,9,7,8,6,6,6,6,9,9,8,7,8,8,7,7,8,8,8,8,6,5,6,6,6,5,6,5,5,4,5,4,5,4,6,6,5,4,5,4,5,4,4,3,5,4,6,5,4,3,6,5,7,6,5,4,5,5,6,5,6,5,7,6
child_343,0,8,U7,goalkeeper,medium,good,strong,none,low,excited,39,88,9,8,10,9,9,8,8,8,9,10,10,9,10,10,10,9,9,8,9,9,8,9,9,9,8,9,9,10,9,8,8,9,9,8,9,8,8,8,10,10,10,10,10,9,9,8,9,8,10,9,10,9,10,9,9,8,10,9,10,9,9,9,9,10,10,10,9,9,8,9,9,10,8,8,8,9,7,8,10,10,8,8,9,9,9,8,10,10,9,9,7,6,10,9,10,8,10,8,8,7,9,8,8,7,9,8,8,7,7,6,6,5,5,4,9,9,8,7,5,4,7,6,10,9,6,5,7,6,10,9,8,7,9,8
child_344,0,10,U8,midfielder,low,good,strong,none,medium,excited,17,74,7,8,5,6,4,5,6,7,8,9,5,4,7,8,9,10,8,9,8,8,7,7,7,6,8,7,9,8,8,6,8,7,9,8,9,9,8,7,9,9,9,9,8,7,7,6,7,5,9,8,9,8,5,4,8,7,8,7,7,6,7,8,8,9,7,8,6,7,7,6,8,7,6,5,6,6,5,5,9,10,8,9,8,9,7,7,8,9,7,8,5,4,6,6,4,3,4,3,5,4,3,2,3,2,4,4,3,2,3,2,2,1,2,1,4,3,2,1,1,1,4,3,5,6,3,2,2,2,4,3,5,5,6,7
child_345,0,9,U10,goalkeeper,medium,good,average,none,high,excited,41,100,9,8,10,9,8,7,10,10,9,9,8,7,9,8,10,9,9,8,9,9,8,8,9,8,9,8,10,9,9,9,9,8,10,9,9,8,10,9,10,9,10,9,8,8,8,8,9,8,8,9,9,9,8,7,9,9,10,9,10,9,9,9,9,9,9,8,9,8,10,10,9,8,9,8,8,7,8,7,10,10,9,8,10,9,8,8,9,9,9,9,8,6,10,9,8,7,8,7,7,6,6,5,6,5,9,8,6,5,6,5,5,4,5,4,8,7,7,6,5,4,7,5,9,8,6,5,7,6,10,9,9,8,9,8
child_346,0,9,U10,midfielder,high,neutral,isolated,none,medium,excited,32,29,8,9,6,8,5,6,7,8,9,9,4,5,6,5,9,10,9,8,7,7,6,7,7,6,7,7,6,7,5,5,7,8,8,9,6,6,6,6,7,8,8,9,4,6,5,6,5,5,5,5,7,7,3,4,4,5,5,5,4,5,8,9,7,8,6,5,5,5,7,7,5,4,6,5,6,6,5,5,9,10,8,8,9,9,6,6,7,8,6,7,4,4,5,5,3,3,4,3,2,2,2,3,2,2,3,4,2,2,2,2,1,1,1,1,2,2,1,1,1,1,3,4,6,7,2,2,4,5,4,4,5,6,5,6
child_347,0,7,U10,goalkeeper,medium,neutral,isolated,none,low,excited,22,18,9,8,8,9,6,7,7,8,8,9,5,6,7,8,9,9,9,8,6,7,6,7,7,8,7,8,7,8,5,6,6,7,6,8,7,8,6,7,6,8,6,8,4,6,5,6,5,7,4,6,6,7,5,6,5,6,5,6,5,7,8,9,7,8,7,8,8,9,8,9,7,8,7,8,6,7,5,6,9,9,8,8,8,8,7,7,7,8,8,9,6,5,6,7,5,6,5,6,5,6,5,6,5,6,6,7,5,5,5,5,5,5,5,5,5,6,5,6,4,5,4,5,6,7,4,5,4,5,5,6,6,7,6,7
child_348,0,9,U9,defender,low,good,strong,mild,high,frustrated,67,63,7,8,9,9,6,7,5,8,8,9,8,7,7,8,4,9,3,8,8,9,8,8,7,8,7,9,6,9,7,8,8,8,9,9,7,8,8,7,9,9,9,9,8,9,7,8,6,8,9,9,9,9,7,6,6,8,6,7,5,7,7,8,8,9,7,8,6,8,5,8,7,8,6,8,6,7,5,6,3,9,4,9,4,8,6,8,6,8,5,8,6,5,7,8,8,7,7,7,6,5,5,5,6,6,8,8,6,6,6,6,5,4,4,5,7,6,5,4,4,3,5,5,7,7,5,4,6,5,7,6,7,7,8,8
child_349,0,7,U9,midfielder,medium,good,average,none,low,excited,21,91,9,9,10,10,8,8,9,10,8,9,8,8,9,9,10,10,9,8,8,9,9,9,9,8,8,8,8,9,8,9,9,8,9,9,9,8,9,8,9,9,9,9,8,9,8,8,8,8,9,9,9,9,7,7,8,8,9,9,9,9,8,9,9,10,9,9,8,9,9,8,8,9,8,8,7,7,6,6,10,10,9,8,9,9,8,8,9,9,8,8,7,7,6,6,8,7,8,7,7,6,7,6,5,5,8,8,5,5,5,5,6,6,5,5,7,7,6,6,5,5,7,7,8,8,5,5,6,6,9,9,8,8,8,8
child_350,0,9,U8,goalkeeper,medium,neutral,isolated,none,low,neutral,52,32,7,9,8,10,5,8,6,9,6,8,4,6,8,10,5,7,4,6,6,7,6,7,5,6,6,7,7,8,5,7,7,8,5,7,6,6,6,7,5,7,5,7,3,8,4,7,4,6,5,8,6,9,3,5,4,6,4,6,3,5,7,9,7,9,8,10,6,8,5,7,8,9,6,7,5,6,5,6,5,8,5,7,5,8,6,7,5,7,6,8,3,5,2,5,3,6,3,6,4,5,3,4,4,5,3,5,4,5,3,4,2,3,2,3,4,6,4,5,2,3,3,5,7,8,3,4,4,5,3,5,5,7,5,7
child_351,0,8,U8,midfielder,high,neutral,average,mild,low,excited,47,41,9,8,7,6,6,5,8,7,9,8,7,5,8,8,9,9,8,7,6,7,6,6,7,7,6,7,6,7,6,8,7,7,5,8,7,7,5,6,5,9,5,9,6,7,5,6,6,5,7,6,8,8,5,5,6,6,7,7,8,6,7,8,8,8,9,8,7,7,8,8,7,7,7,6,6,6,5,5,9,9,8,7,8,8,6,6,7,7,7,6,6,5,6,5,5,4,5,4,4,4,4,4,5,5,5,5,5,5,5,5,4,3,4,3,4,3,4,3,3,2,5,4,6,5,4,3,5,5,6,6,6,6,6,6
child_352,0,10,U10,defender,medium,good,strong,none,low,excited,34,77,9,8,10,10,8,7,8,8,8,9,9,8,7,8,10,10,9,9,9,8,9,8,9,9,8,8,8,9,9,8,8,8,9,8,9,9,8,7,9,8,9,8,9,8,8,7,9,8,10,9,10,9,8,7,9,8,9,8,10,9,9,8,9,9,8,8,9,9,9,8,9,8,8,8,8,7,8,7,10,10,9,9,10,10,8,7,9,9,9,8,8,7,9,8,8,7,8,7,7,6,7,6,6,5,8,7,6,5,6,5,5,4,6,5,8,7,7,6,5,4,7,6,9,8,5,4,7,6,9,8,9,8,10,10
child_353,0,9,U7,goalkeeper,medium,neutral,average,mild,high,excited,27,76,8,9,7,9,5,6,8,8,7,8,6,5,6,7,9,9,8,8,6,8,6,8,5,7,7,8,7,9,6,7,7,9,8,9,6,7,7,8,8,9,8,9,6,7,5,6,5,6,7,8,7,8,5,6,6,7,7,8,8,8,8,9,7,9,6,7,7,8,8,9,7,8,6,7,7,8,6,7,9,9,7,8,8,9,7,8,8,9,8,9,5,6,6,7,4,5,4,5,4,5,3,4,4,5,5,6,3,4,3,4,2,3,2,3,2,3,3,4,2,3,5,6,6,7,4,5,4,5,6,7,5,6,6,7
child_354,0,7,U9,defender,medium,bad,average,none,low,excited,56,36,8,7,6,7,5,6,9,8,7,8,6,5,5,6,9,9,8,8,3,10,2,9,2,8,2,7,2,8,3,9,2,6,3,7,2,8,2,7,1,9,1,9,6,8,7,8,5,7,6,8,7,8,4,5,5,7,5,7,6,8,6,7,5,7,5,6,4,6,7,7,4,5,5,5,4,6,4,6,9,9,7,8,8,8,6,7,6,8,5,7,7,5,5,6,4,4,4,5,3,4,3,4,4,5,3,4,5,5,5,5,3,4,3,4,5,6,4,5,2,3,4,4,6,7,3,4,4,5,5,6,4,6,5,6
child_355,0,7,U9,forward,low,good,strong,none,high,neutral,49,100,8,7,9,9,7,6,9,8,7,9,8,7,6,7,8,9,7,8,9,9,8,8,8,8,8,8,9,9,9,8,9,9,9,8,8,7,9,9,9,9,9,9,9,9,8,7,8,7,9,8,9,9,7,6,8,8,9,8,8,7,9,9,8,9,6,7,8,8,9,9,8,8,8,8,7,7,7,6,8,9,7,8,8,9,7,7,9,9,8,8,6,5,7,7,8,7,8,6,7,5,6,5,7,5,8,8,7,5,6,5,5,4,4,3,5,4,5,4,4,3,6,5,7,6,4,3,5,4,8,7,9,9,9,9
child_356,0,10,U9,forward,medium,good,average,none,high,frustrated,71,58,6,8,5,7,5,6,4,8,7,9,5,7,7,8,4,9,3,8,8,9,7,8,6,7,7,8,6,9,7,8,8,9,6,9,7,8,6,7,8,9,9,10,5,7,5,6,4,5,5,7,7,8,5,6,5,7,5,6,4,5,7,9,8,9,7,8,7,9,5,8,6,8,6,7,5,8,5,7,3,9,4,8,4,9,6,8,5,8,5,7,6,6,5,7,4,5,4,5,4,5,3,4,4,5,6,7,5,6,5,6,3,4,2,3,3,4,3,4,2,3,5,6,6,7,4,5,5,6,6,7,6,8,7,8
child_357,0,10,U10,defender,medium,good,average,none,high,excited,39,59,8,9,7,6,6,5,5,8,7,9,7,7,8,8,9,10,9,10,8,9,8,9,8,8,7,8,8,9,8,8,7,7,8,8,8,8,7,6,9,9,9,9,7,8,7,8,8,8,7,8,9,9,7,6,8,8,8,8,8,8,8,9,7,9,8,8,7,8,6,7,7,8,6,7,5,6,5,6,9,10,8,9,9,10,8,7,9,10,8,9,7,6,8,8,7,6,8,7,6,5,7,6,6,5,8,8,7,6,7,6,5,4,5,4,6,5,6,5,4,3,6,5,8,7,6,4,6,5,8,9,7,6,8,7
child_358,0,7,U9,forward,low,bad,average,none,medium,excited,47,40,8,9,6,5,5,4,7,8,6,7,6,5,5,7,9,9,8,8,3,10,2,10,3,8,4,8,2,9,3,9,5,6,2,9,4,7,2,8,1,10,1,10,6,8,7,7,6,6,7,7,8,8,5,4,6,7,7,7,8,8,7,8,6,8,5,7,6,8,7,8,6,6,5,7,4,6,4,5,9,10,8,9,8,9,7,8,7,8,8,9,6,5,7,6,5,4,5,4,4,5,4,3,5,4,5,5,6,5,5,5,3,3,3,2,4,4,4,4,3,2,5,4,6,5,3,3,5,4,4,5,5,5,5,5
child_359,0,8,U7,midfielder,high,good,strong,none,high,excited,44,100,9,10,10,10,8,9,7,8,9,9,10,10,8,9,10,10,9,9,9,10,9,10,10,9,9,9,9,9,10,10,8,8,10,9,9,9,9,8,10,10,10,10,10,10,9,9,10,9,10,10,10,10,9,9,9,8,10,9,10,10,8,9,9,9,8,9,9,9,8,9,9,9,8,8,7,8,6,7,10,10,9,9,10,10,9,8,10,10,9,9,8,7,10,10,9,9,10,10,8,8,9,9,8,7,9,9,8,7,8,7,7,6,8,7,9,8,7,6,6,5,8,7,9,8,7,6,9,8,10,10,9,9,10,10
child_360,0,7,U10,goalkeeper,low,good,average,frequent,high,neutral,50,73,9,9,8,8,7,7,8,8,5,6,8,8,6,7,6,7,4,5,8,9,7,8,7,8,7,8,8,8,9,9,7,7,8,8,7,7,8,8,8,9,9,9,5,6,6,7,6,7,6,7,8,8,9,9,6,7,7,8,6,7,5,6,6,7,7,8,6,7,8,8,6,7,5,6,4,5,3,4,5,6,6,6,5,5,4,5,5,5,6,7,6,6,7,7,9,9,8,8,7,7,7,7,6,6,8,8,7,7,6,6,5,5,4,4,8,8,5,5,3,4,5,5,8,8,4,4,6,6,8,8,7,7,7,7
child_362,0,7,U8,defender,medium,neutral,average,mild,high,neutral,49,75,8,9,9,9,7,8,8,10,6,7,9,9,5,6,6,5,5,6,7,8,7,8,6,7,6,7,6,8,6,8,7,8,8,9,6,7,7,6,9,10,9,10,6,7,7,8,5,6,7,8,8,9,8,9,6,7,5,6,6,7,7,8,6,8,5,6,6,7,7,8,7,8,8,9,5,6,4,5,6,7,5,6,6,7,6,5,6,7,6,7,5,4,7,8,8,9,8,9,7,8,7,8,6,7,7,8,6,7,6,7,4,5,3,4,5,6,6,7,4,5,5,6,8,9,4,5,5,6,8,9,7,8,8,9
child_363,0,8,U7,forward,medium,neutral,average,mild,high,frustrated,61,56,6,8,5,7,4,6,6,9,7,9,5,6,6,8,3,8,3,7,5,7,5,7,4,6,6,8,6,9,5,6,7,8,5,8,5,7,6,8,4,9,5,9,5,7,4,6,3,5,5,7,7,8,5,6,4,7,4,6,4,6,6,9,7,8,6,8,7,8,6,7,6,8,5,7,6,7,5,6,3,9,4,8,4,8,5,7,6,8,5,8,5,4,5,6,4,5,4,5,4,5,5,6,5,5,5,6,5,5,5,5,4,4,3,4,5,5,4,4,3,3,4,5,6,6,4,4,5,5,4,6,5,6,5,6
child_364,0,10,U10,midfielder,medium,good,strong,mild,high,neutral,51,85,9,10,10,10,8,7,8,8,7,9,9,8,8,9,7,8,6,7,8,9,8,8,7,8,8,9,8,9,9,8,8,9,9,9,8,7,9,8,9,9,9,9,9,9,8,7,9,8,10,9,10,9,8,8,8,7,9,9,9,8,8,9,8,9,8,9,9,9,8,8,8,9,7,8,8,7,7,6,7,8,6,7,7,8,8,8,8,8,7,7,6,5,8,8,8,7,8,7,7,6,7,6,7,6,8,8,7,6,7,6,6,5,6,5,7,7,7,6,6,5,7,6,8,9,5,5,6,6,8,9,8,8,9,9
child_365,0,7,U8,midfielder,medium,good,strong,mild,low,excited,42,74,9,9,10,9,8,7,6,8,8,8,10,10,6,5,9,9,9,8,8,8,8,8,8,8,7,8,8,9,9,9,7,7,9,9,8,9,8,8,9,9,9,9,10,10,9,9,9,9,10,10,10,10,10,9,9,8,10,9,10,10,8,8,7,9,6,5,8,8,7,7,7,8,6,7,7,8,6,6,10,10,9,8,9,8,8,7,9,8,8,7,7,6,8,7,9,8,9,9,8,8,9,9,7,6,9,9,7,6,7,6,6,5,5,5,7,7,6,5,4,4,5,5,9,8,6,5,7,6,10,9,8,8,9,9
child_366,0,9,U9,defender,high,bad,strong,none,high,excited,44,72,9,10,7,8,6,7,7,8,8,9,8,9,8,9,9,10,8,9,3,9,3,8,4,8,4,8,4,9,5,8,4,9,5,10,3,8,4,8,2,10,2,10,8,9,8,8,7,8,9,10,9,10,6,7,7,8,8,9,9,10,8,9,8,9,8,9,7,9,7,8,7,8,6,8,6,7,6,7,9,10,8,9,9,10,7,8,9,10,8,9,6,5,8,7,7,6,7,6,6,5,5,4,5,4,6,5,5,5,5,5,4,3,3,2,5,6,4,4,3,2,4,5,8,9,3,2,4,5,6,7,5,6,6,7
child_367,0,9,U8,midfielder,medium,neutral,isolated,none,high,excited,32,74,9,8,9,9,6,7,10,10,8,9,6,5,7,8,10,9,9,8,6,7,7,8,7,8,6,7,7,9,5,7,8,9,7,8,8,8,5,6,8,9,8,9,4,6,6,7,5,6,5,6,8,8,5,6,6,7,7,8,6,7,9,9,10,10,8,9,9,9,10,10,8,9,9,9,8,7,6,6,10,10,8,8,9,9,7,8,9,8,8,8,6,5,7,7,5,6,5,6,4,5,5,6,4,5,6,6,6,6,5,5,3,4,2,3,4,5,3,4,3,3,4,5,8,9,2,3,5,6,5,6,7,8,6,7
child_368,0,8,U10,forward,medium,good,average,none,medium,frustrated,56,48,5,7,8,9,7,8,6,7,6,9,7,8,6,8,4,8,3,6,8,8,8,8,7,7,7,7,6,8,8,8,7,6,6,8,6,7,8,7,9,9,9,9,6,7,5,7,4,6,6,8,7,8,7,8,5,6,5,6,4,6,5,7,6,9,6,8,6,8,5,7,6,8,5,7,5,6,5,6,3,8,2,7,3,8,5,7,6,7,5,7,6,6,7,7,7,7,7,7,5,6,5,6,6,5,7,6,6,5,5,5,4,4,5,5,6,6,6,6,4,4,5,5,6,6,5,5,5,6,7,7,6,6,7,7
child_369,0,7,U7,defender,low,good,average,mild,low,excited,39,55,8,9,7,8,6,7,5,8,7,9,6,7,5,6,9,10,8,9,9,9,8,8,7,7,8,8,7,8,8,8,8,8,9,9,8,7,8,8,9,9,9,9,6,6,7,7,7,7,7,8,8,9,5,6,7,7,8,8,8,9,7,8,7,9,5,6,7,8,6,7,5,6,5,6,5,6,4,5,9,10,8,9,8,9,6,7,7,8,6,7,5,6,6,6,5,5,5,5,5,5,5,5,6,6,7,7,5,5,5,5,4,4,5,5,6,6,5,5,3,3,5,5,6,7,4,4,5,5,6,7,6,6,6,7
child_370,0,10,U7,forward,low,good,strong,mild,low,neutral,49,72,8,9,9,10,7,8,7,8,6,9,9,10,7,8,6,10,5,7,8,9,7,9,8,8,7,8,8,9,8,9,7,8,8,9,7,8,6,7,8,9,8,9,9,10,8,9,7,8,9,10,9,10,8,9,7,8,8,9,9,10,7,8,7,9,8,9,7,9,6,8,8,9,6,7,6,7,5,6,6,10,5,8,6,9,6,8,7,9,6,8,5,6,7,8,8,9,9,10,7,8,8,9,5,6,7,8,5,6,5,6,4,5,6,7,7,8,7,8,5,6,6,7,9,10,5,6,7,8,8,9,8,9,9,10
child_371,0,8,U7,midfielder,low,neutral,average,none,high,anxious,63,50,6,8,5,7,4,6,5,7,7,9,5,5,6,8,4,6,3,5,5,7,6,8,5,7,6,8,7,9,4,6,6,8,5,7,4,6,5,6,3,9,4,8,5,6,5,7,4,6,5,7,6,8,5,5,4,6,4,6,4,5,6,8,7,9,6,8,5,7,5,6,6,7,5,6,5,7,4,6,5,8,4,7,5,8,5,7,4,7,5,7,4,5,5,6,3,4,3,5,4,5,3,4,4,4,5,6,4,5,3,4,2,3,3,4,4,5,2,3,2,3,3,4,4,5,2,3,3,4,5,6,5,6,5,6
child_372,0,7,U10,midfielder,low,good,average,none,medium,anxious,68,62,6,8,7,9,5,7,8,9,5,6,6,7,4,8,5,7,4,6,8,9,7,8,6,7,6,8,5,8,7,9,7,8,7,9,6,7,5,6,8,9,8,9,6,8,5,6,5,6,6,7,7,8,5,6,6,7,5,6,5,6,6,7,6,7,5,8,5,7,7,8,6,7,5,6,4,5,4,5,5,7,5,6,5,6,4,5,5,6,4,5,5,6,5,7,6,7,6,7,5,6,4,5,5,6,6,7,5,6,5,6,4,5,4,5,5,6,5,6,4,5,5,6,6,7,4,5,5,6,6,7,7,8,7,8
child_373,0,9,U8,goalkeeper,medium,good,isolated,none,high,excited,32,55,9,8,10,9,7,8,6,7,8,9,9,10,7,6,10,9,8,8,9,9,8,9,9,8,8,8,9,9,8,9,9,8,8,8,9,8,8,7,9,9,9,9,6,7,7,8,7,6,7,9,9,9,10,10,8,7,10,8,10,8,8,9,7,8,6,7,8,9,7,7,7,8,6,7,7,6,6,6,10,9,9,8,10,9,8,7,9,8,10,9,7,5,10,9,9,8,10,9,8,7,9,9,7,5,8,6,6,5,6,5,7,5,6,4,8,7,7,6,5,4,7,6,9,8,5,4,8,7,10,9,8,8,9,9
child_374,0,8,U9,midfielder,medium,good,isolated,none,medium,neutral,61,70,8,9,7,9,6,8,9,10,7,8,5,6,9,10,6,7,5,6,8,9,7,8,8,7,8,8,7,9,8,8,7,7,8,8,7,8,6,7,8,8,8,9,4,7,5,6,5,6,5,7,7,8,5,6,5,6,5,7,4,5,6,7,6,8,9,10,6,7,8,9,9,10,8,8,5,6,4,5,6,8,5,7,6,7,5,6,7,8,5,6,4,5,6,6,6,7,6,7,5,5,6,6,5,5,6,7,5,6,5,5,4,4,5,5,5,6,5,6,4,4,5,6,7,8,5,5,6,7,6,7,5,6,5,6
child_375,0,8,U7,midfielder,low,bad,average,none,low,anxious,64,2,6,8,7,9,5,8,4,7,5,6,6,9,5,7,3,8,2,7,2,9,1,8,1,8,2,8,2,8,1,9,3,9,1,9,2,6,1,7,1,8,1,8,6,8,5,7,5,7,5,8,6,8,6,9,5,7,4,6,3,5,5,9,6,9,5,8,6,8,5,8,6,8,5,9,4,7,4,6,3,8,4,7,3,8,3,6,4,6,4,6,5,5,4,6,6,7,6,8,5,7,5,8,5,5,4,6,5,4,5,4,3,4,2,5,6,6,4,5,2,5,5,6,6,7,4,4,3,5,5,6,6,7,6,8
child_376,0,9,U10,mixed,high,neutral,strong,none,medium,excited,26,85,9,8,10,10,8,7,7,9,9,10,10,10,6,5,10,10,9,9,7,8,7,8,8,9,8,9,8,9,7,8,8,9,9,9,8,8,7,7,10,10,10,10,10,10,9,8,9,9,10,10,10,10,9,9,9,9,9,9,10,10,8,9,8,8,6,5,8,9,9,9,8,7,8,7,7,7,7,6,10,10,9,9,10,10,8,8,9,9,9,9,6,5,8,8,10,9,10,9,9,8,9,8,7,6,8,7,7,6,7,6,5,5,6,6,8,7,7,6,5,5,7,6,9,8,6,5,7,7,10,10,8,8,9,9
child_377,0,8,U10,defender,medium,good,strong,mild,medium,excited,44,95,9,10,10,10,8,7,8,8,9,9,10,9,9,8,10,10,10,9,8,9,9,10,9,9,8,8,9,9,9,9,8,8,9,10,9,9,9,9,9,10,9,10,9,10,8,8,9,8,10,10,10,10,10,10,9,9,10,10,10,10,8,9,9,10,9,9,9,9,9,8,9,9,8,8,7,7,7,7,10,10,9,9,10,10,8,8,9,9,9,9,8,7,10,10,10,9,10,9,8,7,9,8,8,7,9,9,8,7,8,7,6,5,7,6,9,9,8,7,5,4,6,5,10,10,7,6,9,8,9,10,8,8,9,9
child_378,0,10,U7,goalkeeper,medium,neutral,strong,mild,high,excited,43,100,9,8,6,5,5,4,10,9,8,9,7,5,8,8,10,10,9,9,7,7,6,7,8,8,7,8,7,8,6,6,8,8,9,9,8,7,7,6,9,9,8,8,9,9,8,8,8,8,9,9,10,10,6,5,7,7,9,9,10,10,9,9,8,8,7,8,8,8,9,9,9,9,8,8,7,7,6,6,10,10,8,7,9,9,7,6,9,9,8,7,5,4,6,5,7,5,8,6,5,4,6,5,5,4,6,5,5,4,5,4,4,3,3,2,7,6,5,4,2,2,6,5,7,6,5,4,7,6,8,7,8,7,9,8
child_379,0,7,U8,mixed,high,neutral,average,none,medium,excited,43,73,9,10,10,10,8,9,7,8,9,10,10,10,8,9,10,10,9,8,7,8,7,8,8,9,7,8,8,9,7,8,8,9,8,9,7,8,6,7,8,9,9,10,8,9,7,8,8,9,9,10,9,10,10,10,8,9,9,10,10,10,7,8,8,9,8,9,9,10,8,9,9,10,8,9,7,8,7,8,10,10,9,9,9,10,8,9,9,10,9,10,7,8,8,9,9,10,10,10,8,9,10,10,7,8,9,10,8,9,7,8,6,7,5,6,9,10,8,9,5,6,7,8,9,10,6,7,8,9,10,10,9,10,10,10
child_380,0,10,U9,forward,low,neutral,average,none,medium,excited,50,58,9,10,8,9,7,8,6,7,7,8,9,10,8,9,9,10,8,9,6,7,6,8,7,8,7,8,7,9,6,8,7,8,8,9,7,8,6,7,7,8,7,8,8,9,7,8,8,9,8,9,8,9,9,10,7,8,9,10,9,10,6,7,7,9,8,9,7,8,6,7,8,9,7,8,6,7,5,6,9,10,8,9,9,10,7,8,8,9,8,9,6,7,8,9,9,10,9,10,7,8,8,9,6,7,7,8,5,6,5,6,4,5,6,7,8,9,7,8,4,5,6,7,9,10,5,6,7,8,9,10,8,9,8,9
child_381,0,7,U9,defender,medium,good,average,none,low,happy,40,69,8,9,9,10,7,8,6,7,8,9,9,10,7,9,6,7,5,6,8,9,7,8,9,9,8,8,7,8,8,9,7,8,8,9,7,8,7,8,8,9,8,9,7,8,6,7,7,8,8,9,8,9,8,9,6,7,7,8,6,7,6,7,8,9,7,9,6,7,8,9,7,8,6,7,6,7,5,6,6,7,5,6,6,7,5,6,6,7,6,7,5,6,6,7,8,9,8,9,7,8,8,9,6,7,7,8,6,7,6,7,5,6,5,6,8,9,7,8,4,5,6,7,7,8,5,6,6,7,9,10,8,9,8,9
child_382,0,7,U7,mixed,low,good,strong,frequent,high,excited,39,65,9,10,6,5,4,3,7,8,8,9,8,7,8,9,9,10,9,8,8,9,7,8,8,9,8,8,8,9,9,10,7,8,9,9,8,8,8,7,9,10,9,10,9,10,7,8,6,6,9,10,9,10,5,4,8,9,8,8,9,9,7,8,8,9,8,9,7,8,8,9,7,8,7,7,6,6,5,5,9,10,8,9,9,9,8,8,9,10,8,9,6,5,9,10,5,4,5,4,4,3,4,3,5,4,8,9,6,5,6,5,4,3,4,3,5,4,5,4,3,2,6,5,8,9,4,3,6,5,8,9,8,9,8,9
child_383,0,10,U10,forward,medium,good,average,mild,high,frustrated,58,51,6,8,7,9,5,7,4,8,7,9,6,8,8,9,3,9,2,8,7,9,7,8,5,8,6,8,6,9,5,8,7,8,6,9,5,8,6,8,5,9,6,9,5,8,4,7,3,7,6,8,7,9,8,9,5,8,5,8,3,7,5,8,7,9,8,9,5,8,6,8,7,9,5,8,6,7,5,6,2,9,3,8,3,9,5,7,5,8,4,8,6,5,7,9,6,7,6,8,5,7,6,7,5,5,7,9,6,5,5,5,4,4,3,3,5,7,4,6,3,4,4,6,5,8,4,5,6,8,5,9,6,8,7,9
child_384,0,9,U8,mixed,medium,neutral,average,none,medium,neutral,63,39,7,8,6,7,5,6,4,8,6,9,5,5,7,9,5,8,4,7,5,7,5,6,6,7,5,8,5,9,6,7,7,9,5,8,6,7,5,6,4,8,5,9,6,8,5,6,4,5,6,7,6,8,5,6,5,7,4,6,5,7,6,9,6,9,7,8,6,7,5,6,6,8,5,7,6,7,5,6,4,9,5,8,5,8,6,7,6,9,6,8,5,5,4,6,5,5,4,5,5,6,4,5,5,5,5,6,5,5,5,5,4,4,3,4,5,6,5,5,3,4,4,5,5,6,3,4,4,5,5,6,6,7,6,7
child_385,0,10,U9,forward,medium,good,average,mild,medium,anxious,66,35,6,8,5,7,4,6,5,9,5,8,6,9,6,8,5,9,5,7,7,8,6,9,6,8,7,8,7,9,6,8,7,9,6,8,6,7,5,7,4,8,5,9,5,8,4,7,5,8,6,9,6,8,6,7,5,8,5,8,5,7,6,9,7,9,6,8,6,8,7,8,6,9,6,9,6,7,5,6,5,8,4,8,5,9,6,7,5,7,5,8,5,6,6,7,6,8,5,7,5,7,6,8,5,6,6,8,5,6,5,5,4,4,4,3,5,6,4,5,3,4,4,5,5,6,4,4,4,6,6,8,5,6,5,7
child_386,0,9,U9,mixed,low,neutral,isolated,none,medium,neutral,57,32,7,9,4,5,3,4,6,7,6,8,4,5,9,10,5,7,4,6,6,7,6,7,5,6,6,7,5,7,5,6,7,8,6,8,5,6,6,7,4,6,4,6,3,5,3,5,3,5,3,5,6,7,4,5,5,6,4,5,3,4,6,7,7,8,9,10,5,7,5,6,8,9,6,7,5,6,4,5,4,6,5,7,4,6,5,7,5,6,5,7,5,6,5,6,3,5,3,5,3,5,2,4,3,5,5,7,6,8,5,7,2,4,2,4,4,5,4,6,2,4,5,6,5,6,4,5,3,4,3,5,4,6,4,6
child_387,0,7,U9,forward,high,neutral,average,none,low,excited,40,49,8,8,7,6,6,5,5,8,9,9,6,5,9,8,10,10,9,9,6,7,7,7,6,8,7,8,7,9,5,6,8,9,8,8,7,7,5,6,6,8,7,9,6,7,5,6,6,5,7,8,8,9,5,4,6,7,7,8,8,7,9,10,8,9,8,8,9,9,7,8,8,9,8,9,6,7,6,6,10,10,8,9,9,10,7,6,8,8,7,7,5,5,6,7,4,4,5,5,5,4,4,3,3,3,4,4,3,3,3,2,2,2,2,1,5,5,4,3,2,2,5,5,6,6,3,3,4,4,7,8,5,6,5,5
child_388,0,10,U9,goalkeeper,low,good,strong,mild,high,happy,37,100,9,9,10,10,8,7,10,8,7,9,9,8,10,10,8,9,7,8,8,9,9,9,8,9,9,8,8,9,9,8,9,7,9,8,7,8,9,8,9,9,9,9,9,9,8,8,9,9,10,10,9,9,9,8,8,7,10,10,10,9,8,8,9,9,10,10,9,9,9,8,10,10,9,8,8,7,7,6,8,8,7,7,8,8,8,8,8,9,9,9,7,6,9,9,9,8,9,8,8,7,8,7,8,6,9,8,8,6,8,6,6,5,7,6,9,8,7,5,5,4,7,6,10,9,8,7,9,8,9,9,9,8,9,8
child_389,0,9,U7,mixed,medium,good,average,none,high,excited,39,81,9,10,10,10,8,9,8,8,9,9,8,7,10,10,9,8,9,7,8,9,9,8,9,8,9,8,9,9,9,9,8,8,9,9,8,8,8,8,9,9,9,9,7,9,8,8,7,8,8,9,9,9,8,7,8,8,9,9,9,9,8,9,9,10,10,10,8,9,8,8,9,9,8,8,7,7,7,6,9,10,8,8,9,9,8,8,9,9,9,9,7,6,8,7,7,6,8,6,6,5,6,5,5,4,8,7,5,4,5,4,4,3,4,3,6,6,5,5,3,3,7,6,9,10,6,5,7,6,9,8,9,8,9,8
child_390,0,7,U8,defender,high,neutral,strong,none,low,excited,28,81,9,8,8,9,7,7,7,8,9,10,9,9,10,10,9,9,8,9,7,8,6,7,8,8,7,8,8,9,7,8,6,7,8,9,7,8,6,7,8,9,9,9,9,9,8,8,8,8,9,9,8,8,10,9,9,8,10,10,10,10,7,8,8,9,10,10,8,8,8,9,9,9,8,8,7,7,6,6,10,10,9,9,9,9,8,7,8,8,9,9,7,6,7,7,8,8,9,8,8,7,7,6,7,6,7,7,6,6,6,6,5,5,4,4,8,9,7,7,5,5,7,7,8,8,5,5,9,8,8,8,7,7,8,8
child_391,0,7,U9,mixed,medium,good,strong,none,medium,excited,47,100,9,10,8,9,7,8,8,9,10,10,9,10,10,10,10,9,10,9,9,10,9,9,10,10,9,10,9,10,9,10,10,10,9,9,9,9,10,10,10,10,10,10,9,10,8,9,9,9,10,10,10,10,10,10,9,9,10,9,10,10,9,10,10,10,10,10,10,10,9,9,10,10,9,9,8,8,7,8,10,10,9,8,10,10,9,9,10,10,9,9,8,7,8,8,9,9,9,9,7,7,8,8,8,7,9,9,7,6,7,6,6,5,7,6,9,8,7,6,5,4,8,7,10,10,7,6,10,10,10,10,9,9,9,9
child_392,0,9,U7,goalkeeper,medium,neutral,isolated,none,low,excited,46,19,8,9,6,8,5,7,7,8,8,9,4,6,6,7,9,10,8,9,5,7,6,8,5,7,6,8,7,9,4,6,6,8,5,7,6,8,5,7,4,6,5,7,4,6,4,6,5,7,4,6,6,8,4,6,4,6,4,6,5,7,7,8,8,9,5,7,6,8,7,8,6,7,5,7,6,8,5,7,9,10,7,8,8,9,6,7,7,8,7,8,5,6,5,6,4,5,4,5,3,4,3,4,4,5,5,6,4,5,3,4,2,3,2,3,3,4,2,3,1,2,3,4,5,6,2,3,2,3,4,5,4,5,4,5
child_393,0,7,U9,defender,medium,bad,average,frequent,high,frustrated,77,0,4,7,5,8,3,6,3,9,6,10,4,6,5,8,2,9,2,9,2,10,2,9,1,9,2,8,1,10,2,10,3,8,1,10,2,8,2,7,1,10,1,9,4,7,3,7,3,6,5,8,5,8,4,6,3,7,3,6,2,5,5,9,6,9,6,8,5,8,4,7,4,6,5,8,5,7,4,6,2,10,2,9,2,9,3,6,3,8,3,7,4,5,3,6,4,5,4,5,3,6,3,6,4,5,4,6,5,5,5,5,3,4,3,5,4,5,3,4,2,3,3,5,4,6,3,4,3,6,2,7,4,5,4,5
child_394,0,7,U10,defender,high,neutral,average,none,low,excited,43,64,8,9,9,10,7,8,6,7,8,9,9,10,7,8,9,10,8,9,7,8,6,7,7,8,7,8,7,8,7,8,8,9,8,9,7,8,7,8,8,9,8,9,7,8,6,7,6,7,7,8,8,9,8,9,7,8,8,9,9,10,7,8,8,9,8,9,8,9,6,7,7,8,7,8,6,7,5,6,9,10,8,9,9,10,8,9,8,9,8,9,7,8,8,9,7,8,7,8,6,7,7,8,6,7,7,8,5,6,5,6,5,6,4,5,6,7,7,8,4,5,5,6,8,9,4,5,5,6,6,7,7,8,8,9
child_395,0,7,U9,defender,medium,neutral,average,none,medium,happy,50,20,7,8,9,10,6,7,5,9,6,10,5,6,8,9,7,10,6,9,6,8,5,7,7,8,6,8,6,9,5,7,5,7,6,8,5,6,5,6,4,8,5,7,6,8,7,8,5,7,6,8,7,8,5,6,7,8,6,7,5,6,5,8,6,9,8,9,5,7,5,8,6,9,5,8,4,6,4,6,5,9,5,8,6,9,5,7,6,8,7,9,5,6,5,6,4,6,4,6,3,5,3,5,3,5,4,6,5,7,5,7,3,5,2,4,3,5,3,5,2,4,5,6,7,8,4,5,6,7,4,5,5,6,5,6
child_396,0,10,U10,forward,low,neutral,strong,none,low,neutral,47,32,8,9,7,8,6,7,6,8,5,7,9,9,6,8,4,7,3,6,5,7,5,7,5,8,5,7,4,7,5,7,5,6,4,7,5,6,5,6,5,7,5,7,8,8,7,7,7,8,9,9,8,8,8,9,7,7,8,8,8,8,5,6,4,7,6,8,5,7,6,7,5,6,4,5,4,6,4,5,3,7,3,6,3,6,4,5,4,6,5,6,5,5,6,6,8,8,8,8,7,7,6,7,5,5,6,6,5,5,5,5,4,5,5,5,7,7,6,6,4,5,5,5,7,7,5,5,6,6,7,8,5,6,5,6
child_397,0,7,U7,goalkeeper,medium,good,strong,none,low,happy,38,73,9,10,9,10,8,7,7,9,6,8,9,10,8,9,6,7,5,6,8,9,8,9,9,9,7,8,7,8,9,9,8,8,8,9,7,8,7,7,8,9,8,9,9,10,8,9,8,8,9,10,9,10,8,9,9,10,9,10,9,10,7,8,8,9,8,9,8,9,7,8,8,9,7,8,6,7,5,6,6,7,5,6,6,7,7,7,8,9,7,8,7,6,6,7,9,10,9,10,8,8,8,8,6,7,7,8,6,7,5,6,5,6,4,5,8,9,6,7,4,5,5,6,8,9,5,6,7,8,9,10,8,9,9,10
child_398,0,8,U8,forward,medium,neutral,average,none,low,happy,40,57,8,8,9,9,7,6,8,8,6,9,9,9,5,4,7,8,6,7,6,6,6,7,7,7,6,7,7,8,6,7,7,8,8,7,5,6,6,5,7,8,8,8,7,7,6,6,6,6,7,8,8,8,9,9,7,6,8,7,8,8,7,8,8,9,5,4,7,8,7,8,6,7,5,5,6,7,5,6,7,8,6,6,7,8,6,7,7,8,7,8,5,5,6,6,8,7,8,7,5,6,6,6,5,5,7,7,5,5,5,5,4,4,5,5,6,6,4,4,3,3,5,5,7,7,4,4,5,5,7,8,8,8,8,8
child_399,0,10,U8,defender,high,good,average,mild,medium,neutral,54,86,8,9,7,8,6,7,9,10,8,9,8,9,7,8,7,8,6,7,9,10,8,9,8,8,8,9,7,8,8,9,8,8,9,9,7,8,8,9,9,10,9,10,6,8,7,8,7,8,6,7,8,9,8,9,7,8,8,9,7,8,7,8,8,9,7,8,8,9,8,9,9,10,9,9,7,8,6,7,6,7,5,6,6,7,8,9,7,8,7,8,6,7,7,8,8,9,8,9,7,8,6,7,7,8,8,9,7,8,7,8,5,6,6,7,7,8,6,7,5,6,7,8,8,9,5,6,6,7,8,9,7,8,8,9
child_400,0,8,U9,goalkeeper,high,good,average,none,low,excited,22,88,9,10,10,9,8,7,9,10,8,9,8,7,7,6,10,9,9,8,8,9,8,9,9,10,8,9,8,9,9,10,9,9,9,10,8,8,9,9,9,10,9,10,8,9,8,8,7,6,9,9,9,10,8,7,9,8,10,9,10,9,8,9,9,10,7,6,8,9,9,10,8,8,8,8,7,6,6,5,10,9,9,8,10,9,9,8,9,9,8,8,7,6,6,5,7,6,8,7,6,5,5,4,7,6,7,7,6,5,5,5,4,3,4,3,6,5,5,4,3,2,5,5,7,8,4,3,6,7,8,9,9,8,9,8
child_401,0,9,U8,defender,medium,good,average,none,medium,frustrated,56,80,7,8,6,7,5,6,8,9,6,9,5,6,9,10,4,8,3,7,8,9,7,8,7,8,8,9,8,9,6,7,8,9,9,10,7,8,7,8,8,9,9,10,6,7,5,6,5,6,6,7,7,8,5,6,5,6,6,7,4,5,8,9,9,10,9,10,7,8,8,9,7,8,6,7,7,8,5,6,4,8,3,7,4,8,5,6,5,6,4,8,6,7,5,6,6,7,5,6,5,6,4,5,5,6,6,7,5,6,4,5,3,4,2,3,4,5,3,4,2,3,4,5,7,8,3,4,6,7,5,6,5,6,5,6
child_402,0,7,U10,mixed,medium,good,average,none,medium,frustrated,58,59,6,8,8,10,7,9,7,8,5,9,6,8,7,9,4,8,3,7,8,9,8,8,7,8,7,9,8,9,8,9,7,7,7,9,7,8,7,7,7,9,8,9,6,8,5,8,6,7,6,8,7,8,8,9,6,8,7,9,5,8,6,7,8,9,7,9,8,9,7,7,7,8,6,7,5,6,5,6,4,9,4,8,4,9,6,8,5,7,6,7,6,5,7,6,8,8,8,8,7,6,8,7,6,5,7,7,5,6,5,6,4,5,4,5,6,8,5,6,3,4,4,5,6,8,5,4,5,6,7,9,8,8,8,8
child_403,0,7,U9,goalkeeper,medium,neutral,strong,none,medium,excited,36,63,9,9,10,10,7,6,6,8,8,9,10,10,6,5,9,10,8,9,6,7,7,8,7,9,7,8,6,9,6,8,7,7,8,8,7,8,6,7,7,8,8,9,10,10,9,9,10,10,10,10,10,10,9,9,8,7,10,10,10,10,8,8,7,8,6,5,8,9,8,8,7,7,6,6,6,6,5,5,10,10,9,9,9,10,7,7,8,9,9,10,7,5,9,8,9,9,10,9,7,6,8,8,6,5,9,9,6,5,5,4,4,3,5,4,8,8,7,6,4,3,5,4,10,9,3,2,8,8,9,9,8,7,8,8
child_404,0,8,U10,mixed,medium,good,average,none,medium,excited,32,79,9,9,10,10,8,8,8,9,9,10,9,10,6,7,10,10,10,9,9,10,9,10,8,9,8,9,9,10,9,10,8,9,9,10,9,10,8,8,9,10,9,10,8,10,8,9,7,8,8,9,9,10,9,10,8,9,9,10,10,10,8,9,9,10,7,7,8,9,9,10,8,9,8,9,7,8,6,7,10,10,8,8,9,10,8,9,9,10,9,9,6,6,7,8,10,9,10,9,7,8,9,10,6,6,8,9,6,6,6,6,5,5,5,5,7,7,6,6,4,4,5,5,9,10,5,5,8,9,10,10,9,10,9,10
child_405,0,8,U10,forward,medium,neutral,strong,none,low,neutral,46,32,7,8,9,9,5,6,8,8,6,7,8,7,5,4,6,8,5,7,6,7,6,7,5,6,6,7,6,8,7,8,7,9,7,8,5,7,6,7,4,8,4,8,8,9,7,7,6,7,9,9,9,9,5,5,6,6,7,6,7,6,8,8,8,9,5,4,7,8,8,8,6,7,6,7,6,7,5,6,6,9,5,8,6,8,7,7,6,7,7,8,5,5,6,6,5,6,5,5,5,5,4,5,5,5,5,5,5,5,5,5,4,5,3,4,5,5,4,5,3,4,4,5,6,6,3,4,4,5,6,6,5,6,7,7
child_406,0,8,U8,forward,medium,bad,average,none,low,frustrated,66,18,5,7,6,6,5,5,7,8,6,8,5,6,6,8,3,7,2,6,2,9,2,8,2,8,2,8,3,9,2,9,3,8,2,9,3,7,2,8,1,9,1,9,6,7,5,6,4,5,5,6,6,8,5,5,4,7,3,6,2,5,6,7,7,8,6,8,6,7,7,8,7,8,6,7,6,7,5,6,3,8,3,7,3,7,5,6,4,7,4,6,3,5,5,6,4,5,4,5,3,4,3,4,4,5,4,6,5,5,4,5,3,4,2,3,4,5,5,6,2,3,4,5,6,7,4,5,4,5,4,5,5,6,5,6
child_407,0,10,U9,defender,high,neutral,average,mild,low,anxious,51,21,6,9,5,8,4,7,5,8,5,6,7,9,6,8,4,7,3,6,5,6,5,6,5,5,5,7,5,8,5,6,6,8,4,7,5,7,4,6,3,8,3,8,4,7,4,7,4,6,5,8,5,8,6,7,5,6,5,6,4,6,5,7,6,8,6,7,6,8,5,7,5,8,5,7,5,7,5,6,4,8,4,7,4,7,5,7,4,7,4,7,5,6,5,6,5,7,5,7,5,6,4,6,5,5,5,6,5,5,5,5,4,5,4,5,5,6,4,5,3,5,4,5,6,7,4,5,4,6,4,6,4,6,4,6
child_408,0,7,U9,forward,low,good,strong,none,high,excited,27,84,9,8,10,10,8,7,7,9,8,10,9,8,8,9,10,10,10,9,9,9,9,8,8,8,8,8,9,9,9,8,9,10,9,9,8,7,8,8,9,9,9,9,10,9,10,8,9,8,10,9,10,10,8,7,9,8,10,9,10,9,9,10,8,9,8,9,9,9,9,10,8,8,8,8,7,7,6,6,10,10,9,8,10,9,8,8,9,9,9,8,7,6,8,8,8,7,9,8,7,7,6,6,7,6,9,8,8,7,8,7,5,4,6,5,8,8,7,6,4,3,6,5,9,9,5,4,7,7,8,9,8,8,8,8
child_409,0,7,U9,defender,medium,neutral,average,none,medium,excited,28,48,8,9,9,10,7,8,7,7,8,9,9,10,8,9,9,10,8,9,6,6,6,7,7,8,7,8,7,8,6,6,7,8,5,7,6,7,6,6,5,6,5,6,7,8,6,7,7,8,8,9,7,8,9,9,8,8,8,9,9,10,7,8,7,8,8,9,7,8,8,9,7,8,7,8,6,7,6,7,9,10,7,8,8,9,6,7,8,9,7,8,6,7,7,8,9,10,9,10,6,7,8,9,5,6,6,7,5,6,5,6,4,5,5,6,7,8,6,7,4,5,7,8,9,10,5,6,8,9,9,10,8,9,8,9
child_410,0,7,U8,midfielder,high,good,isolated,none,medium,anxious,52,48,8,9,5,7,6,7,6,8,6,8,4,7,9,10,5,6,4,5,8,8,8,8,7,7,7,7,7,8,7,8,8,8,7,8,7,7,6,6,8,9,8,9,4,6,5,6,4,5,5,6,5,7,6,8,5,6,5,6,5,6,7,8,8,9,9,10,8,9,6,7,8,9,6,7,5,6,5,6,4,6,5,7,4,6,5,6,5,7,5,6,6,5,7,6,6,7,6,7,5,6,5,6,6,5,7,6,5,5,5,5,4,4,3,3,6,7,5,5,4,4,4,5,6,7,4,4,5,6,6,7,6,8,6,8
child_411,0,10,U10,mixed,medium,neutral,average,none,medium,frustrated,66,49,5,7,6,9,5,8,8,9,7,10,5,6,8,9,4,8,3,7,6,8,5,8,5,7,6,8,5,9,5,8,6,8,5,9,5,7,5,7,3,10,4,9,6,8,5,7,4,8,5,9,7,9,6,5,5,7,4,6,4,6,5,8,7,9,8,10,7,8,6,8,7,9,6,7,5,7,5,6,3,10,4,9,3,9,6,8,5,8,6,9,4,5,5,7,5,6,5,6,4,5,3,4,5,5,6,7,6,6,5,5,4,4,3,3,5,5,6,5,3,3,5,5,6,6,5,4,4,5,4,6,5,7,5,6
child_412,0,7,U8,goalkeeper,low,bad,average,none,low,neutral,64,4,6,9,8,10,7,8,4,7,3,6,5,8,5,7,4,6,3,5,2,8,1,7,1,6,2,7,2,8,2,8,3,7,1,8,2,7,1,6,1,8,1,8,6,7,5,6,5,6,4,6,7,8,6,7,5,6,5,7,4,7,4,6,4,8,5,8,4,6,4,7,5,8,3,6,3,5,2,4,2,6,3,6,3,6,4,5,3,7,3,6,4,5,5,7,6,7,6,8,4,6,5,7,3,4,2,5,4,3,3,3,2,4,3,5,4,6,5,5,2,4,4,5,6,7,3,4,3,5,5,8,4,6,5,7
child_413,0,7,U7,midfielder,medium,good,average,frequent,medium,happy,55,49,8,9,9,10,8,9,6,7,6,7,9,10,7,8,6,5,5,4,9,9,8,8,8,8,7,7,7,8,9,9,8,8,9,9,7,8,9,9,9,10,9,10,6,8,6,7,5,6,7,8,8,9,8,9,7,7,8,8,7,8,7,8,7,8,7,8,7,7,6,6,8,8,7,7,6,6,5,5,6,5,6,5,5,4,6,5,6,6,6,6,5,4,5,5,9,9,9,9,7,7,8,9,7,6,8,9,7,7,7,7,6,6,7,7,9,9,6,6,5,4,7,6,8,8,6,5,6,6,9,9,8,8,9,9
child_414,0,7,U10,defender,low,neutral,strong,mild,high,frustrated,59,68,6,8,9,10,7,9,6,7,5,9,8,8,9,10,3,6,2,5,5,6,5,6,4,5,5,6,4,6,6,7,5,7,5,8,4,5,5,6,3,7,3,7,8,9,7,8,6,8,8,9,8,9,6,7,6,8,5,7,5,6,4,6,5,7,9,10,4,5,6,7,8,9,5,6,4,5,3,4,2,8,3,6,3,6,4,5,3,5,4,6,5,4,6,8,7,8,6,7,5,6,5,6,5,4,6,6,5,5,4,4,4,3,3,3,6,7,5,5,3,2,5,6,8,9,6,7,5,6,7,8,5,7,7,8
child_415,0,8,U7,forward,low,good,average,none,medium,neutral,52,46,7,8,6,9,5,7,6,9,5,9,7,8,4,6,5,10,4,8,8,9,7,9,6,8,6,8,7,9,7,9,8,8,7,8,6,7,8,7,8,8,8,8,6,7,6,7,5,6,5,7,7,8,6,8,6,7,6,7,7,8,6,8,6,8,5,6,6,8,6,8,5,7,5,7,5,7,4,6,5,9,5,8,4,9,6,8,5,9,6,8,6,7,5,7,7,8,7,8,6,7,5,7,5,6,6,7,5,6,5,6,4,5,4,5,5,6,5,6,3,4,5,6,7,8,4,5,5,6,7,8,6,7,6,7
child_416,0,9,U7,goalkeeper,high,good,average,none,high,excited,27,100,9,10,8,9,7,6,8,8,8,9,7,8,9,9,10,10,9,9,9,9,8,8,9,8,8,8,9,9,9,9,8,7,9,9,9,8,8,7,9,9,9,9,7,8,8,7,7,7,8,9,9,9,7,6,9,8,9,8,9,8,8,9,8,9,9,9,8,8,9,9,8,8,8,7,8,7,7,6,9,10,8,9,9,10,8,8,9,9,9,9,8,7,8,8,8,7,7,6,6,5,7,6,6,5,9,9,6,5,6,5,5,4,6,5,7,6,6,5,5,4,6,5,9,8,5,4,6,5,9,9,8,8,8,9
child_417,0,9,U8,goalkeeper,high,neutral,average,none,low,excited,42,27,8,9,5,6,4,5,6,8,9,10,5,6,7,8,10,10,9,9,6,7,5,6,6,7,7,8,7,8,5,5,6,7,6,8,7,8,5,6,5,7,6,8,7,8,6,7,7,8,6,7,8,9,5,6,6,7,8,8,7,8,8,9,9,10,7,8,8,9,6,7,7,8,6,7,5,6,5,6,9,10,8,9,9,10,7,8,8,9,7,8,5,5,6,7,4,5,4,5,5,6,3,4,4,5,5,6,4,5,3,4,2,3,1,2,3,4,4,5,2,3,3,4,5,6,2,3,4,5,2,3,4,5,4,5
child_418,0,7,U7,goalkeeper,high,bad,average,none,medium,excited,43,54,8,9,9,9,7,6,6,8,8,9,9,8,7,8,9,10,8,8,3,9,3,9,2,9,3,9,3,8,2,7,5,8,2,9,4,8,4,7,2,9,2,9,6,8,7,8,7,8,7,8,8,9,7,8,6,7,8,8,9,8,7,8,8,9,7,8,7,8,8,8,7,9,7,8,7,7,6,7,9,10,8,9,9,9,8,8,9,9,8,8,6,6,6,7,7,6,7,6,6,6,5,5,6,5,5,6,5,5,5,5,4,4,3,4,6,5,6,5,4,4,5,6,7,6,5,4,6,6,8,8,5,6,6,7
child_419,0,7,U9,midfielder,medium,neutral,average,none,medium,happy,37,82,9,8,10,10,8,7,10,9,7,9,10,8,8,9,8,10,7,9,6,7,7,8,7,8,6,8,7,8,7,8,6,7,8,9,6,7,5,6,5,7,7,8,8,8,8,8,9,9,9,9,9,8,10,9,8,8,9,9,9,9,8,9,7,8,8,9,8,9,9,9,8,9,7,8,6,7,5,6,7,10,6,9,7,9,6,7,7,9,7,8,7,6,8,8,9,9,9,9,7,8,9,8,5,6,7,7,6,6,6,6,5,5,6,6,9,7,8,8,4,5,7,6,10,8,5,5,8,8,9,8,7,7,9,9
child_420,0,10,U7,midfielder,medium,good,strong,none,high,frustrated,66,77,6,8,7,7,5,6,7,8,5,9,8,8,9,10,4,9,4,8,8,9,7,8,6,8,7,9,8,9,8,9,8,8,9,9,7,8,8,7,9,9,9,9,8,9,7,8,6,8,8,9,9,9,8,9,6,8,7,8,5,8,7,8,7,8,9,9,7,8,6,7,8,9,7,8,6,6,5,6,3,10,4,9,5,10,6,8,5,8,6,9,6,5,7,7,8,8,8,8,6,6,7,7,7,6,8,8,7,7,7,6,5,5,6,6,8,8,7,7,5,5,6,7,8,8,5,5,7,8,9,9,8,8,8,8
child_421,0,10,U9,mixed,high,good,isolated,none,low,excited,21,74,8,9,7,8,6,7,9,9,8,9,7,8,8,8,9,10,9,9,8,9,8,8,9,9,8,8,8,9,8,9,8,8,9,8,9,9,8,7,8,8,9,9,5,8,6,7,6,7,6,7,9,9,8,9,7,8,9,9,9,9,8,8,9,9,8,8,8,9,9,9,8,9,7,8,8,7,7,6,9,10,8,9,9,10,7,8,9,9,9,9,7,7,6,6,7,8,7,7,7,8,8,8,6,7,8,8,7,7,7,7,5,6,6,7,6,7,7,6,5,5,7,8,9,9,5,5,6,6,8,8,8,8,8,8
child_422,0,9,U9,defender,high,good,average,none,low,excited,41,73,9,8,8,7,7,6,8,9,8,9,9,8,8,7,9,10,9,9,8,9,8,9,8,8,9,9,8,8,8,9,8,9,9,9,8,8,8,7,9,9,9,9,7,8,8,7,7,8,8,9,9,9,8,8,8,8,9,9,9,9,9,9,8,9,8,8,9,8,8,9,8,8,7,8,8,7,7,7,10,10,9,8,10,10,8,8,9,9,8,8,7,6,8,7,7,6,8,7,6,6,7,7,6,5,7,8,5,4,5,4,4,3,5,4,6,6,6,5,4,3,6,5,7,6,5,4,8,7,9,9,8,8,9,9
child_423,0,8,U10,forward,high,neutral,average,none,medium,excited,29,63,9,10,8,8,7,6,6,8,8,9,7,6,9,10,9,9,8,8,6,7,6,8,7,8,7,9,6,8,6,7,6,8,7,7,6,7,5,5,6,7,6,7,7,8,7,6,8,7,8,8,8,8,6,6,7,7,8,8,9,9,6,8,7,8,9,9,7,7,7,8,8,8,6,7,5,6,5,6,9,10,8,9,9,9,6,7,8,8,8,7,6,5,7,7,7,6,8,7,5,6,5,5,6,5,6,6,5,5,5,5,4,3,3,3,6,5,5,4,4,3,5,5,8,8,4,4,5,5,7,6,5,5,6,6
child_424,0,8,U9,mixed,low,good,isolated,mild,low,frustrated,62,20,6,7,4,6,3,5,5,7,8,9,3,6,7,8,4,8,3,6,8,9,7,8,6,7,7,8,7,9,6,8,9,9,5,8,6,7,8,8,5,9,5,9,3,7,4,6,2,6,4,7,5,7,4,7,3,6,4,6,3,6,7,8,7,8,7,8,6,8,7,8,6,7,7,7,6,7,5,6,3,9,4,8,4,7,5,8,5,7,5,7,5,5,4,6,6,7,5,7,4,6,3,6,5,5,6,7,5,5,5,5,3,4,2,3,5,6,4,5,3,4,4,5,6,7,3,4,4,5,2,3,6,6,5,6
child_425,0,9,U8,midfielder,high,good,average,frequent,medium,frustrated,76,39,5,9,6,10,4,8,7,9,8,9,5,9,6,8,3,10,3,9,7,9,6,8,5,8,7,8,6,9,5,8,7,9,4,8,5,8,6,7,5,8,6,9,4,9,4,8,4,8,5,9,7,9,5,8,5,8,5,8,5,8,6,9,7,9,6,8,7,8,6,9,6,8,6,8,5,7,4,6,3,10,4,9,4,9,6,8,5,8,5,7,5,6,6,7,4,8,4,8,3,7,4,8,5,5,6,6,5,5,5,5,4,4,3,4,5,6,4,4,3,4,5,6,6,7,4,5,5,6,4,7,5,8,5,8
child_426,0,9,U7,goalkeeper,medium,good,average,mild,low,neutral,62,37,7,8,8,9,6,7,5,6,6,8,5,5,7,8,7,9,6,8,9,9,8,8,7,7,7,7,6,8,6,6,8,8,9,9,7,7,8,8,9,9,9,9,6,6,5,6,5,6,6,7,7,7,5,5,5,6,5,5,6,7,6,8,5,7,7,8,6,6,6,7,5,6,5,6,5,6,4,5,7,9,6,7,7,8,6,6,6,7,7,8,5,5,4,5,5,5,6,6,5,5,5,5,4,5,6,6,4,4,4,4,3,3,3,3,4,4,3,3,2,2,4,4,6,7,4,5,4,5,5,6,5,5,5,6
child_427,0,10,U8,midfielder,medium,good,strong,none,low,anxious,64,51,6,7,8,9,5,6,6,8,7,8,8,6,7,8,5,7,4,6,8,9,7,8,6,7,7,8,7,8,8,9,7,8,8,9,6,7,8,9,9,10,9,10,8,9,7,8,8,9,8,9,9,10,5,6,7,8,7,8,6,7,7,8,7,8,8,9,6,7,7,8,6,7,6,7,5,6,5,6,6,8,5,7,6,8,7,8,7,8,6,7,6,5,5,6,4,5,5,6,4,5,5,6,5,5,6,7,5,6,5,6,4,5,4,5,5,6,4,5,3,4,6,7,7,8,5,6,4,5,6,7,6,7,6,7
child_428,0,7,U9,midfielder,low,bad,average,none,medium,excited,17,48,8,8,9,9,6,7,7,8,6,9,5,6,7,8,9,9,9,9,2,10,3,9,2,8,3,8,3,9,3,9,4,7,3,8,2,8,3,7,1,10,1,10,6,7,7,7,7,6,7,8,8,8,5,6,6,7,7,8,8,8,7,8,6,9,7,8,6,9,7,8,6,8,6,7,5,6,5,6,9,9,8,8,9,9,5,7,7,9,8,8,6,6,7,7,5,6,5,6,4,5,4,5,5,5,5,6,5,4,5,4,3,3,3,3,6,6,4,5,3,3,5,4,8,8,4,4,5,5,7,8,6,7,7,8
child_429,0,9,U9,defender,medium,good,isolated,none,high,frustrated,73,40,6,8,5,7,4,6,7,9,8,10,4,8,7,9,3,8,2,7,8,9,7,8,7,8,6,9,8,10,5,8,8,9,7,8,6,9,8,7,9,8,9,8,3,8,4,7,5,7,3,8,6,9,5,8,4,7,5,6,4,7,6,9,7,9,8,9,8,9,7,9,6,8,5,8,7,8,6,7,2,10,3,9,2,9,6,8,6,8,5,8,5,6,4,7,5,8,6,7,5,8,4,8,5,7,5,8,5,6,5,6,4,5,3,4,5,7,5,6,4,5,5,6,5,6,4,5,3,4,6,7,7,8,6,7
child_430,0,7,U7,defender,medium,neutral,isolated,none,medium,excited,57,51,9,10,7,8,6,7,8,9,8,9,5,6,8,9,9,10,8,9,6,7,6,7,7,8,7,8,7,9,6,7,6,8,8,9,7,8,6,7,7,8,8,9,4,5,5,6,6,7,5,6,7,8,5,6,6,7,6,7,6,7,8,9,7,9,8,9,7,8,8,9,7,8,7,8,6,7,6,7,9,10,8,9,9,10,7,8,8,9,7,8,6,7,5,6,5,6,5,6,6,7,5,6,6,7,6,7,5,6,5,6,4,5,3,4,6,7,5,6,3,4,4,5,7,8,4,5,4,5,6,7,7,8,7,8
child_431,0,7,U9,midfielder,medium,good,isolated,none,low,neutral,44,16,8,9,6,8,5,7,4,10,6,9,3,6,7,8,5,10,4,8,8,9,7,8,6,7,7,8,6,9,8,9,7,8,9,9,6,8,7,7,9,9,9,9,4,7,5,6,4,6,4,7,6,8,3,5,5,7,3,6,3,5,6,8,7,8,7,9,5,8,6,9,5,7,6,7,6,7,5,6,4,10,5,9,5,9,6,8,5,8,5,9,4,5,3,6,4,6,3,5,2,5,3,4,2,3,3,4,4,5,3,4,2,3,1,3,4,5,2,3,1,2,5,6,6,7,3,4,2,3,4,6,5,7,5,8
child_432,0,9,U8,mixed,low,good,isolated,none,medium,excited,49,77,9,10,8,10,7,9,10,10,8,9,6,8,9,9,10,10,10,9,8,9,9,10,8,9,7,8,8,9,8,9,8,8,9,10,9,9,8,8,9,10,9,10,5,8,6,8,5,7,5,9,9,10,7,8,6,8,7,8,8,8,8,9,7,9,8,9,7,8,9,10,8,9,8,9,7,8,6,7,10,10,9,9,9,9,7,8,8,9,8,9,6,7,7,8,5,6,7,7,6,7,7,8,5,5,7,8,5,5,5,5,4,4,3,4,6,7,5,6,3,4,6,6,8,9,5,5,7,7,9,9,8,8,9,9
child_433,0,10,U8,goalkeeper,medium,neutral,average,mild,high,neutral,59,65,8,9,7,8,7,8,6,9,7,9,7,8,9,10,8,9,7,8,6,7,6,7,6,7,7,8,6,8,5,6,6,7,5,8,6,7,6,7,6,8,6,8,6,7,5,7,6,8,7,8,8,8,8,9,7,8,7,8,7,8,7,9,6,9,9,10,8,9,7,8,7,9,6,8,6,7,5,6,6,9,5,7,6,9,6,8,7,8,6,8,5,6,6,7,8,9,8,9,6,8,7,8,5,6,7,8,5,6,5,6,4,5,4,5,8,9,5,6,4,5,7,7,8,9,6,7,8,9,7,8,7,8,7,8
child_434,0,9,U9,defender,medium,neutral,average,mild,high,frustrated,67,67,7,8,6,7,5,6,8,9,7,9,6,8,6,8,3,8,3,7,5,6,5,6,5,7,6,8,5,8,4,7,6,7,5,7,5,7,5,6,4,7,4,7,5,7,5,6,4,6,5,7,6,7,5,8,4,7,5,7,4,7,6,8,7,9,6,8,6,8,7,8,5,6,6,7,5,7,5,6,3,8,3,8,4,7,6,6,5,6,6,7,5,5,5,6,5,6,6,7,5,6,5,6,6,5,6,6,5,5,5,5,4,4,4,4,5,5,4,4,3,3,5,5,5,6,4,4,5,6,6,7,5,5,5,5
child_435,0,8,U9,midfielder,medium,good,isolated,mild,medium,excited,47,43,8,9,6,8,5,7,4,6,7,8,5,6,8,9,9,10,9,9,8,9,7,8,8,9,7,8,6,7,5,6,7,8,9,10,8,9,8,8,9,10,8,9,4,6,5,6,5,7,5,7,6,7,5,6,4,5,6,7,5,6,6,7,5,6,8,9,5,7,6,7,7,8,6,7,5,6,5,6,9,10,8,9,9,10,7,8,9,10,8,9,7,8,6,7,5,6,6,7,5,6,6,7,5,6,6,7,5,6,5,6,4,5,4,5,5,6,5,6,4,5,5,6,6,7,5,6,6,7,7,8,5,6,5,6
child_436,0,7,U10,goalkeeper,medium,bad,average,none,medium,neutral,57,51,8,9,9,8,7,7,9,10,6,8,9,9,8,8,5,9,4,8,2,10,2,9,3,7,4,8,3,7,2,9,3,6,2,8,3,7,2,6,2,9,2,10,6,8,7,8,5,7,6,8,8,9,7,8,5,7,6,7,6,8,6,7,5,9,7,8,6,8,7,9,6,8,5,7,4,6,3,5,4,9,5,7,4,8,4,6,5,8,6,9,5,7,7,8,9,8,8,8,6,7,7,8,6,6,6,6,7,7,7,7,5,5,6,6,9,9,8,8,4,5,6,6,8,9,6,6,5,5,8,9,7,8,8,9
child_437,0,7,U9,mixed,low,good,average,none,medium,excited,36,92,9,8,10,10,9,9,8,9,8,10,9,9,10,10,10,9,9,8,8,8,9,9,9,8,8,8,9,9,9,8,8,8,9,7,9,8,9,7,10,7,10,7,8,8,7,8,8,8,8,9,9,9,10,9,9,8,10,9,10,9,8,9,9,9,10,10,9,9,9,8,10,10,8,9,7,7,7,6,10,10,9,8,9,9,8,8,9,9,9,9,8,7,9,8,10,9,10,9,8,8,9,9,8,7,9,8,7,6,7,6,6,5,7,6,9,8,8,8,5,5,8,7,9,8,7,6,8,8,10,9,9,8,10,9
child_438,0,9,U9,forward,low,good,average,none,high,frustrated,63,47,6,7,5,8,5,6,6,8,4,9,5,7,7,9,3,8,2,7,8,9,7,9,6,8,7,8,7,9,6,8,6,8,5,8,6,7,7,8,6,9,7,9,6,8,5,7,4,6,5,8,7,9,6,8,5,7,4,6,3,5,6,8,7,9,8,9,7,8,5,7,6,8,5,7,5,6,4,5,3,8,2,7,3,8,4,7,5,8,4,7,5,6,6,8,6,7,5,6,4,5,5,6,5,5,6,7,5,5,5,5,4,4,3,3,6,7,5,6,4,5,5,6,7,8,5,5,6,7,6,8,6,8,6,8
child_439,0,9,U8,mixed,low,neutral,average,none,medium,frustrated,71,36,7,8,7,9,6,7,5,6,8,9,7,8,8,8,4,6,3,5,6,6,6,7,5,6,6,7,7,8,6,7,7,7,6,8,5,7,5,6,5,8,5,8,7,8,6,7,5,6,7,8,7,8,6,7,5,7,5,7,4,6,6,7,7,8,8,8,6,7,6,7,7,8,6,6,5,6,5,6,4,7,3,6,4,7,5,6,5,7,5,7,6,6,6,7,7,8,7,8,5,6,5,6,5,5,6,7,5,5,5,5,4,5,3,4,5,6,5,6,3,4,5,6,6,7,4,5,4,5,6,7,6,7,6,7
child_440,0,9,U9,forward,medium,good,strong,none,low,anxious,66,45,6,8,9,9,5,7,7,8,8,10,7,6,7,9,6,9,5,8,8,9,7,8,6,7,7,8,7,9,8,9,8,8,6,9,6,7,7,8,8,9,8,9,9,10,8,8,7,8,8,9,9,9,6,5,7,7,8,8,7,7,6,9,7,9,8,9,6,8,7,9,5,6,7,8,6,7,5,6,7,9,5,8,6,9,6,7,7,9,7,8,6,5,5,6,6,5,5,6,4,5,4,5,5,4,6,5,6,5,5,4,4,3,4,3,5,4,5,4,4,3,5,4,7,8,4,3,4,4,5,6,6,7,7,8
child_441,0,9,U10,forward,high,good,strong,frequent,medium,frustrated,52,44,5,8,7,9,6,8,6,8,7,9,8,9,6,8,3,7,2,6,7,9,6,8,5,8,6,9,5,8,6,8,7,9,4,7,5,8,6,8,4,8,4,8,7,9,5,8,6,8,7,9,7,9,8,9,5,8,6,9,4,7,6,9,7,9,6,8,7,9,6,8,5,8,5,8,6,8,5,7,3,8,2,7,4,8,5,8,6,9,5,8,5,6,6,7,6,8,6,8,5,7,5,7,5,6,7,8,6,6,5,6,5,5,5,6,5,6,5,5,5,5,6,6,7,8,5,6,5,6,6,8,5,7,6,8
child_442,0,8,U10,goalkeeper,medium,good,average,none,low,excited,33,38,9,10,10,10,8,9,6,8,7,9,10,10,9,9,9,8,8,7,9,9,9,9,8,8,8,8,8,8,9,10,8,7,8,8,9,8,8,7,9,9,9,9,8,9,7,8,8,8,8,9,9,10,10,10,8,8,9,9,9,9,7,8,6,7,9,9,8,8,7,8,8,8,7,7,6,6,5,6,9,9,8,8,9,9,8,7,8,8,9,9,8,6,9,8,10,10,10,10,7,7,9,9,7,6,9,8,7,6,7,6,6,5,6,6,8,8,7,7,5,5,6,5,10,9,6,6,9,8,10,10,8,8,9,9
child_443,0,7,U7,mixed,medium,good,isolated,mild,high,happy,37,61,8,9,7,8,6,7,8,8,7,8,6,9,7,8,6,7,5,7,8,9,8,8,9,8,7,7,7,8,8,8,8,8,7,8,7,6,7,7,9,9,9,9,5,8,6,7,5,6,5,6,7,8,6,7,7,8,6,7,5,7,8,9,7,8,7,8,8,8,8,9,7,8,7,8,6,7,5,6,6,7,5,6,6,7,5,6,6,7,7,8,5,6,5,6,7,8,6,7,5,6,6,7,5,6,7,8,5,6,5,6,4,5,4,5,6,7,5,6,4,5,6,6,7,7,5,6,5,6,7,8,7,7,7,7
child_444,0,9,U9,defender,medium,good,average,frequent,high,excited,43,44,8,10,5,5,3,4,7,8,6,9,6,6,7,8,9,10,8,9,8,9,7,8,8,9,7,8,6,8,6,7,7,7,8,9,6,7,8,8,9,9,9,9,5,6,4,5,5,6,6,6,7,8,5,5,6,7,7,7,8,8,6,7,7,8,8,9,6,7,7,8,7,8,6,7,5,6,5,6,9,10,8,9,9,10,7,7,8,9,8,9,7,6,8,7,5,5,5,5,4,4,5,5,5,6,7,7,5,5,5,5,4,4,3,3,5,5,4,4,4,4,4,4,6,6,3,4,4,4,6,7,6,6,6,6
child_445,0,7,U9,goalkeeper,medium,neutral,isolated,none,high,neutral,49,19,6,7,4,5,3,4,7,8,8,9,3,4,7,8,6,9,5,8,6,7,5,6,5,7,6,7,5,8,4,6,6,7,6,8,5,7,5,6,4,8,4,8,4,5,5,6,3,4,4,5,6,7,3,4,4,5,3,4,4,5,7,8,8,9,7,8,6,7,7,8,7,8,6,7,6,7,5,6,6,9,5,7,6,8,5,6,6,8,5,7,4,5,3,5,2,3,2,3,2,3,1,2,2,3,2,3,2,3,2,3,1,2,1,2,2,3,1,2,1,2,2,3,3,4,2,3,1,2,1,2,3,4,3,4
child_446,0,7,U8,defender,high,good,average,none,low,excited,50,51,9,9,10,10,8,8,7,7,8,9,8,8,7,8,9,10,8,8,9,9,8,8,7,8,8,9,7,8,9,9,8,8,8,9,9,9,8,8,9,9,9,9,7,8,8,8,7,7,7,8,8,9,6,7,8,8,9,9,10,10,8,8,7,8,7,8,8,9,9,9,6,8,8,8,7,7,6,6,9,10,8,8,9,9,7,7,8,8,8,8,7,6,8,8,7,6,8,7,6,6,5,5,6,5,7,7,6,6,5,5,5,5,6,5,6,6,5,5,4,4,6,6,7,7,5,5,5,5,8,8,7,7,7,7
child_447,0,9,U8,goalkeeper,medium,good,strong,mild,high,neutral,44,75,8,9,7,8,6,7,8,8,7,9,8,7,6,8,7,8,6,7,9,9,8,8,7,8,8,9,8,9,9,8,8,7,9,9,7,8,8,7,9,9,9,9,9,9,8,8,7,7,8,9,9,9,6,7,8,8,7,7,8,8,8,8,7,9,6,8,7,8,8,8,7,9,6,7,7,7,6,6,6,8,7,8,7,9,8,8,8,8,7,8,7,6,8,7,5,6,5,6,4,5,5,5,4,4,6,6,5,5,5,5,3,3,2,2,5,5,4,4,3,3,4,5,6,6,5,5,6,7,8,7,7,7,7,7
child_448,0,9,U9,defender,high,good,average,mild,high,neutral,58,66,7,8,8,9,6,7,7,8,8,9,7,7,7,8,6,7,5,6,8,9,8,9,7,8,7,8,7,8,6,7,8,8,9,10,7,8,8,9,9,10,9,10,6,8,5,6,6,7,6,7,7,8,5,6,6,7,5,6,5,6,7,8,8,9,7,8,8,9,7,8,7,8,7,8,6,7,6,7,5,8,5,7,6,8,6,7,6,7,6,7,5,6,7,8,6,7,6,7,5,6,5,6,6,7,7,8,6,7,6,7,5,6,4,5,6,7,5,6,4,5,5,6,6,7,4,5,5,6,6,7,7,8,7,8
child_449,0,10,U8,mixed,low,good,average,none,low,excited,44,74,9,10,8,8,7,7,8,8,6,9,7,8,10,10,9,9,8,8,8,9,9,9,8,8,8,9,8,9,9,10,8,9,8,9,9,10,8,8,9,10,9,10,7,8,6,7,7,8,7,8,9,10,6,7,8,9,8,9,9,10,8,8,9,10,10,10,9,9,8,9,9,10,8,8,7,7,6,6,9,10,8,9,9,10,8,8,9,10,9,9,6,5,7,7,7,7,8,8,6,6,5,5,5,5,7,8,6,6,5,5,4,4,3,3,7,8,6,7,3,3,5,5,8,9,6,6,7,8,8,9,7,7,8,8
child_450,0,9,U9,defender,low,good,isolated,none,high,happy,52,44,7,8,5,9,4,8,6,9,6,10,4,7,8,9,6,10,5,9,8,9,7,8,7,8,7,8,7,9,8,8,8,9,8,10,6,9,8,8,9,10,9,10,5,8,6,8,5,7,4,8,6,9,4,6,5,8,4,7,5,8,7,9,8,10,8,9,7,8,7,9,6,9,7,9,6,8,5,7,6,10,5,9,6,10,7,8,5,9,6,9,5,6,6,7,4,5,4,5,3,4,2,3,2,3,3,4,3,4,3,4,2,3,2,3,2,3,3,4,2,3,3,4,5,6,2,3,2,3,3,4,5,6,6,7
child_451,0,8,U8,goalkeeper,medium,good,isolated,frequent,medium,anxious,69,17,6,8,4,7,3,6,5,9,7,10,2,5,5,6,6,9,5,8,8,9,7,8,7,8,7,9,6,9,5,6,7,8,8,9,7,8,8,9,9,10,9,10,3,7,4,6,4,7,3,6,6,8,4,5,4,6,3,6,4,7,5,9,6,10,5,6,6,8,5,9,6,7,5,7,4,6,4,5,5,9,5,8,5,8,6,8,5,9,6,9,4,5,5,7,3,5,3,6,3,4,3,5,3,4,4,6,3,4,3,4,2,3,2,3,3,5,3,4,2,3,3,5,2,3,2,3,3,5,2,3,4,6,4,5
child_452,0,7,U8,forward,low,bad,average,none,high,anxious,62,21,6,8,5,6,4,4,7,9,5,7,5,6,4,5,5,6,4,5,2,10,2,9,2,8,2,9,2,9,2,8,3,6,2,8,3,7,2,7,1,10,1,10,5,7,5,6,4,5,6,8,6,8,4,5,5,6,4,5,4,5,5,8,5,7,4,6,5,7,5,6,4,5,5,7,4,6,4,6,4,7,5,8,5,7,4,6,5,7,5,8,4,5,6,7,3,5,3,5,3,4,3,4,5,6,5,7,6,6,6,6,4,5,3,4,3,4,3,4,2,3,4,5,5,6,3,4,3,4,4,5,4,6,4,6
child_453,0,9,U10,forward,medium,good,isolated,none,low,excited,18,59,10,9,8,10,7,9,8,8,9,8,6,7,10,10,9,10,8,9,9,9,8,8,9,8,8,9,9,9,9,8,8,7,8,8,8,8,8,7,9,9,9,9,5,8,6,7,6,8,7,8,9,9,6,7,8,9,8,9,7,8,8,9,9,10,10,10,8,9,8,8,9,9,8,8,7,7,7,6,9,10,7,8,9,9,8,8,9,9,8,8,6,5,5,5,6,7,6,6,5,6,5,5,6,5,7,6,6,5,5,5,4,4,3,4,6,6,4,5,3,3,5,5,8,8,6,6,4,4,7,8,6,6,7,7
child_454,0,10,U10,forward,high,neutral,strong,mild,high,excited,51,62,8,9,9,8,6,5,7,8,9,9,7,6,8,7,9,9,9,8,7,8,6,7,7,7,7,8,8,9,7,8,6,6,8,9,8,7,6,6,5,7,6,8,8,9,7,7,7,6,9,9,9,8,6,5,8,7,9,8,9,8,7,8,8,9,8,8,7,7,7,8,7,6,7,6,7,6,6,5,9,9,8,7,9,9,7,6,8,8,8,7,6,5,8,7,6,5,6,5,5,6,5,6,5,5,6,6,6,5,5,4,4,3,4,3,6,5,5,5,3,3,5,5,6,6,4,4,5,4,7,7,6,6,7,7
child_455,0,10,U7,midfielder,medium,bad,strong,mild,medium,excited,19,70,9,10,10,10,8,9,7,8,8,9,10,10,8,8,9,10,8,9,3,9,2,8,4,9,4,8,5,9,2,8,4,9,6,8,5,7,4,8,1,9,2,9,9,10,8,9,9,10,10,10,9,10,9,10,9,9,9,10,10,10,7,8,8,9,8,9,7,8,8,9,7,8,6,7,6,7,5,6,9,10,8,8,9,10,7,8,8,9,8,8,7,6,9,10,10,10,10,10,8,7,9,8,6,5,7,6,6,5,5,5,4,4,5,5,9,10,8,8,4,4,7,7,9,10,5,6,8,9,10,10,9,8,10,10
child_456,0,10,U7,defender,high,neutral,average,frequent,low,happy,44,34,8,9,9,10,6,7,7,8,8,10,7,8,5,6,6,9,5,8,6,7,5,7,7,8,6,8,6,7,6,8,6,7,7,8,5,6,5,6,4,9,5,8,5,6,4,5,5,7,6,8,7,8,5,6,5,7,5,7,4,6,6,7,6,8,5,6,6,7,7,8,6,6,5,6,5,6,5,6,6,8,5,7,5,7,5,6,6,7,6,8,5,6,5,7,6,7,6,7,5,6,5,6,5,5,6,7,5,5,5,5,4,5,4,5,6,7,5,6,3,4,5,6,7,8,4,5,5,6,5,6,5,5,5,5
child_457,0,10,U8,defender,medium,good,isolated,mild,low,frustrated,78,23,5,7,4,8,3,7,6,8,7,9,3,5,6,8,3,9,3,8,8,8,7,7,6,6,7,8,7,9,7,6,8,9,5,9,6,7,6,6,6,7,5,8,4,7,5,6,4,6,4,7,7,8,3,5,4,6,3,5,3,5,7,8,8,9,6,8,7,8,6,7,6,7,6,8,5,7,5,6,3,8,4,8,4,9,6,6,5,7,6,8,4,5,5,6,3,4,3,4,3,4,2,3,3,4,4,5,3,3,3,3,2,3,2,2,2,3,2,2,2,3,3,4,4,5,3,4,3,4,3,5,4,6,5,6
child_458,0,8,U9,goalkeeper,low,good,average,none,medium,frustrated,74,36,5,8,6,7,4,6,5,7,7,9,5,6,4,5,3,6,2,5,8,9,7,8,7,8,6,8,6,9,7,8,7,8,5,8,4,7,8,8,8,9,8,9,5,8,6,7,4,6,5,7,6,8,4,5,5,7,3,5,2,4,5,8,6,9,4,5,5,7,5,8,5,7,4,6,5,8,5,7,3,7,2,6,4,7,5,6,5,7,4,6,3,5,6,7,4,5,4,6,3,4,2,4,3,5,4,6,5,5,4,5,2,3,1,2,5,7,3,4,2,3,3,4,4,6,3,4,3,5,2,3,5,6,6,7
child_459,0,10,U10,goalkeeper,medium,good,average,mild,high,excited,35,90,9,10,10,10,8,9,7,8,8,9,10,10,8,8,10,9,9,8,9,10,9,10,8,9,9,9,9,9,9,10,8,9,9,10,9,9,9,8,10,10,10,10,8,9,7,8,8,9,9,10,9,10,10,10,9,9,10,10,10,10,8,9,8,9,9,8,8,9,7,8,8,9,7,8,7,7,6,6,10,10,9,9,10,10,8,8,9,9,9,9,8,7,9,9,10,10,10,10,9,9,10,10,8,7,9,9,7,6,7,6,5,5,6,5,9,8,8,8,5,5,6,6,9,9,6,5,8,8,10,10,9,9,10,10
child_460,0,7,U9,goalkeeper,low,good,strong,none,high,excited,35,100,10,9,10,10,9,8,8,9,8,8,10,10,9,9,10,10,9,9,9,8,9,8,10,9,9,8,10,9,10,10,9,9,10,10,10,9,9,8,10,10,10,10,10,10,9,9,10,10,10,10,10,10,10,9,9,8,10,10,10,10,9,9,8,9,9,9,9,9,8,8,9,8,8,8,7,7,7,7,10,10,9,8,10,10,9,8,10,10,10,10,8,7,10,9,10,9,10,10,9,8,10,10,8,7,10,9,8,7,8,7,7,6,7,6,8,7,7,6,6,5,9,8,10,10,8,7,9,8,10,10,9,9,10,10
child_461,0,10,U7,forward,low,neutral,isolated,mild,high,excited,41,48,8,7,4,8,3,6,6,7,7,9,4,5,9,9,8,10,7,8,6,7,6,6,7,8,5,7,5,8,5,6,6,7,7,7,6,8,6,6,7,8,8,8,4,7,3,6,4,6,5,7,5,7,3,5,6,7,5,6,4,5,5,7,6,8,8,9,5,6,6,8,8,9,7,7,5,6,4,5,9,10,8,9,8,9,5,6,6,7,7,8,5,6,5,7,3,4,3,4,2,3,2,3,2,3,4,5,3,4,3,4,2,3,1,2,3,4,1,2,1,2,2,3,3,4,2,3,1,2,2,3,4,5,4,5
child_462,0,7,U8,midfielder,medium,good,strong,mild,high,neutral,58,75,8,9,9,10,7,8,8,9,7,10,9,9,6,6,7,9,6,8,8,9,8,9,8,9,8,8,8,9,8,9,9,9,9,8,7,8,8,8,9,9,9,9,9,9,8,8,8,7,9,9,9,9,9,9,8,8,8,8,9,9,7,8,8,9,6,6,8,9,8,8,7,8,7,8,6,7,6,7,7,9,6,8,7,9,7,8,8,9,8,9,6,5,8,8,8,7,8,7,7,6,7,7,6,5,8,9,6,5,6,5,5,4,4,3,8,7,6,5,5,4,7,6,8,8,5,4,6,6,9,10,7,8,8,9
child_463,0,10,U7,goalkeeper,medium,good,average,none,high,neutral,43,66,8,9,9,10,8,9,5,7,6,8,9,10,7,8,5,6,4,5,9,10,8,9,8,9,8,9,7,8,9,10,8,9,7,8,8,9,8,8,9,10,9,10,7,8,6,7,5,6,7,8,9,10,8,9,6,7,7,8,8,9,7,8,8,9,8,9,7,8,6,7,8,9,7,8,5,6,5,6,5,6,4,5,5,6,6,7,6,7,5,6,4,5,8,9,7,8,8,9,6,7,8,9,6,7,8,9,5,6,5,6,4,5,5,6,7,8,6,7,4,5,5,6,8,9,5,6,7,8,9,10,8,9,9,10
child_464,0,7,U8,mixed,medium,good,average,none,low,neutral,64,45,8,9,7,8,6,7,8,9,6,7,7,7,5,6,7,8,6,7,8,9,7,8,7,7,6,7,8,9,7,8,7,8,8,9,6,7,7,7,8,9,8,9,7,8,6,7,6,7,7,8,8,9,5,6,6,7,6,7,6,7,7,8,8,9,5,6,7,8,8,9,6,7,7,8,6,7,5,6,7,8,6,7,6,7,7,8,7,8,6,7,5,6,6,7,5,6,5,6,4,5,4,5,5,6,5,6,4,5,4,5,5,6,4,5,5,6,5,6,4,5,5,6,5,6,5,6,5,6,6,7,5,6,5,6
child_465,0,10,U7,midfielder,medium,good,average,none,medium,excited,32,79,8,9,7,8,5,6,7,9,8,10,9,9,6,5,9,10,8,9,8,9,8,8,8,9,7,8,8,9,8,9,9,8,9,10,9,9,8,7,9,10,9,10,7,8,6,7,7,8,7,9,9,9,8,8,7,8,8,9,9,9,8,8,7,9,6,5,8,8,8,8,7,6,8,8,6,5,5,4,9,10,7,8,8,9,6,7,8,9,8,8,6,5,8,8,8,9,9,9,7,6,7,7,6,5,8,8,7,6,6,5,5,4,4,3,6,5,5,5,3,2,6,5,7,6,5,4,6,5,9,10,8,8,8,8
child_466,0,9,U8,defender,low,good,isolated,none,medium,happy,53,58,8,9,6,7,5,6,7,8,7,8,5,6,7,8,6,8,5,7,8,9,8,9,7,8,8,9,7,8,8,9,7,8,9,9,7,8,8,9,9,9,9,9,5,6,5,7,6,7,6,7,7,8,5,6,6,7,6,7,5,6,7,8,7,8,8,9,7,8,7,8,6,7,6,7,7,8,6,7,6,8,5,7,6,7,7,8,6,7,7,8,5,6,6,7,5,6,5,6,4,5,4,5,4,5,6,7,5,6,5,6,3,4,2,3,5,6,4,5,2,3,4,5,6,7,5,6,4,5,5,6,5,6,6,7
child_467,0,8,U10,forward,low,good,isolated,none,high,excited,56,63,8,9,9,10,7,8,6,7,7,9,6,6,8,8,9,9,8,8,9,9,9,8,8,9,8,9,8,8,9,8,8,8,9,9,8,7,8,7,9,9,9,9,5,7,5,6,5,6,5,7,8,9,6,7,5,6,6,7,7,8,8,8,7,9,8,8,6,7,7,8,7,7,7,7,6,7,6,6,9,10,8,8,8,9,7,8,9,9,8,8,7,7,8,8,5,6,5,6,5,5,5,5,5,5,7,6,5,5,5,5,6,5,5,5,6,6,5,5,5,5,6,5,8,8,5,5,6,6,7,8,8,8,8,8
child_468,0,10,U7,mixed,low,good,isolated,none,high,excited,32,92,9,8,6,7,5,6,10,9,8,9,4,5,7,6,10,10,9,9,9,9,8,9,8,8,8,8,9,10,9,9,9,8,9,8,10,9,9,8,10,10,10,10,6,7,5,6,5,6,5,6,8,7,4,5,7,8,6,7,7,7,8,9,9,9,7,6,8,8,9,9,7,7,8,8,8,7,7,7,10,10,9,9,10,9,9,8,9,9,9,9,6,5,8,8,6,5,6,5,5,6,6,5,5,5,7,8,5,5,5,5,4,4,3,3,5,6,4,5,3,3,5,4,7,7,4,4,4,4,6,5,8,7,9,8
child_469,0,10,U9,goalkeeper,medium,good,average,none,high,frustrated,61,65,6,7,8,9,5,6,7,8,7,9,6,5,5,4,4,8,3,7,8,9,7,8,6,8,7,8,6,9,7,9,8,9,7,9,5,8,8,8,9,10,9,10,7,8,6,6,5,7,7,8,8,9,6,5,6,7,5,6,4,5,6,8,7,9,5,4,6,7,7,8,5,6,6,7,6,7,6,6,3,8,4,7,3,7,5,6,5,7,6,8,6,5,7,8,5,6,5,6,5,4,4,5,5,4,6,7,5,5,5,5,3,3,2,3,4,5,3,4,2,3,5,5,6,7,4,4,5,5,6,7,6,7,6,7
child_470,0,9,U7,midfielder,medium,neutral,strong,none,medium,frustrated,60,61,6,8,8,9,7,7,9,9,5,8,7,9,6,7,3,6,3,5,5,7,5,8,4,7,5,8,5,8,5,7,5,6,4,7,5,7,5,6,3,7,3,8,8,9,7,8,6,8,8,9,8,9,6,8,7,8,7,8,6,7,7,9,7,8,6,7,7,8,8,9,7,7,6,7,5,7,5,7,2,8,3,7,3,7,5,6,4,8,5,7,5,6,5,7,7,8,7,8,6,7,6,7,5,6,6,7,5,6,5,6,4,5,3,5,7,7,6,6,4,5,4,5,7,8,5,6,5,6,8,9,7,8,8,9
child_471,0,8,U8,goalkeeper,medium,neutral,average,none,high,frustrated,84,46,6,8,5,6,4,5,8,9,7,9,5,4,5,7,3,8,2,7,6,8,5,7,4,6,5,7,6,8,4,6,7,8,5,9,3,8,5,7,4,8,3,9,6,7,5,6,4,5,5,6,7,8,3,4,4,5,3,6,2,5,7,8,6,9,5,6,5,7,8,8,6,5,7,6,5,8,5,7,2,9,3,8,3,9,6,7,5,8,5,7,4,3,4,5,3,2,2,2,3,2,2,1,2,2,3,3,2,2,2,2,1,1,1,1,2,1,2,1,1,1,2,2,3,3,1,1,2,1,2,1,3,2,3,2
child_472,0,10,U9,goalkeeper,medium,good,average,mild,medium,neutral,51,73,8,9,6,7,5,6,9,10,7,8,5,6,7,8,6,9,5,8,8,9,7,8,7,8,7,8,7,9,8,9,8,10,7,9,6,8,7,8,7,8,8,9,6,7,5,6,5,7,6,8,7,9,5,6,6,8,5,7,5,6,9,10,9,10,7,8,8,9,9,10,8,9,8,9,7,8,6,7,6,8,5,7,6,8,7,9,6,8,7,8,5,6,5,6,4,5,4,5,3,4,3,4,4,5,5,6,5,6,5,6,3,4,2,3,3,4,3,4,2,3,5,6,6,7,4,5,3,4,5,6,5,6,5,6
child_473,0,9,U7,mixed,low,good,average,none,medium,excited,31,92,9,9,6,6,5,5,10,10,8,9,6,5,10,10,9,9,8,8,8,9,8,9,7,8,7,8,8,9,7,8,9,9,8,9,8,8,9,8,9,10,9,10,6,7,6,7,7,6,6,6,8,8,4,4,7,7,7,6,7,6,9,10,8,9,10,10,8,8,9,10,9,9,8,8,7,7,7,7,10,10,9,8,9,9,8,8,8,8,8,8,6,5,7,6,4,3,5,4,4,3,3,2,3,2,5,5,4,3,4,3,2,2,2,2,3,2,3,2,2,1,4,3,7,6,4,3,5,4,6,5,8,7,8,7
child_474,0,8,U9,goalkeeper,medium,neutral,isolated,none,medium,neutral,54,32,8,9,5,8,4,7,9,10,6,8,4,6,9,10,5,7,4,6,6,7,5,7,5,8,6,7,5,8,5,7,6,7,4,6,5,6,5,6,5,8,4,7,3,7,4,6,4,6,3,6,5,8,4,6,5,7,4,5,3,6,7,9,7,8,9,10,7,9,8,9,8,9,6,7,5,7,4,6,5,6,4,5,5,6,5,6,6,7,6,7,4,5,5,7,4,5,4,5,3,4,3,5,4,5,5,6,4,5,4,5,3,4,2,3,4,5,3,4,2,3,5,6,6,7,4,5,5,6,5,6,5,7,5,7
child_475,0,9,U8,midfielder,low,good,strong,none,low,neutral,58,46,6,7,7,9,4,6,8,8,5,9,6,5,9,10,5,8,4,7,8,9,7,8,6,7,8,8,7,9,8,8,9,10,8,8,7,8,7,8,9,10,9,10,8,9,7,8,6,7,8,9,9,9,4,5,7,7,5,6,6,7,8,9,9,10,9,10,7,8,6,7,9,9,7,8,6,7,5,6,4,8,5,7,5,8,7,8,6,7,7,8,5,6,4,5,3,4,3,4,2,3,1,2,3,4,5,6,4,5,4,5,1,2,1,2,2,3,2,3,1,2,4,5,7,8,3,4,4,5,2,3,5,6,5,6
child_476,0,9,U9,mixed,low,neutral,average,none,medium,excited,39,67,9,8,7,7,6,6,8,9,8,8,7,7,8,9,9,10,9,9,6,7,7,8,7,8,6,8,6,8,7,8,7,8,7,7,6,8,6,7,6,8,7,8,7,8,6,7,7,7,7,8,8,9,6,7,7,8,8,8,8,8,7,8,8,9,8,9,7,8,8,9,7,7,7,7,6,7,5,6,9,9,8,8,8,9,6,7,7,8,7,8,6,5,8,8,7,6,7,6,6,5,6,5,5,4,7,6,5,4,5,4,6,5,5,4,6,6,5,5,4,3,6,6,7,7,5,5,6,6,7,7,7,6,7,6
child_477,0,10,U9,mixed,low,neutral,strong,mild,low,neutral,53,49,8,9,9,10,7,8,6,7,5,6,9,10,6,7,4,5,3,4,6,7,5,7,5,6,5,6,4,5,6,6,5,7,6,8,5,6,5,5,6,8,7,9,8,9,7,8,8,9,9,10,8,9,9,10,6,7,7,8,8,9,5,6,5,6,6,7,5,6,5,6,6,7,5,6,5,5,4,5,4,5,3,4,4,5,5,6,5,6,4,5,5,6,5,6,7,8,7,8,6,7,8,9,6,6,6,7,5,5,5,5,4,5,5,6,6,7,5,5,4,5,5,6,7,8,5,5,6,7,8,9,5,6,6,7
child_478,0,7,U7,forward,low,good,strong,none,low,excited,46,100,9,8,10,9,8,7,9,8,7,9,10,9,8,8,10,10,9,9,9,9,9,8,10,9,9,9,9,9,9,9,10,9,10,8,9,8,9,8,10,9,10,9,10,9,9,8,9,8,10,9,10,9,10,9,9,8,10,9,10,10,8,8,9,9,8,9,9,9,9,8,9,8,8,8,7,7,6,6,10,10,10,9,9,9,8,8,9,9,9,9,8,7,10,9,9,8,10,9,8,7,10,8,9,7,9,8,7,6,7,6,6,5,7,6,9,7,8,7,5,4,8,6,9,8,5,4,7,6,9,8,9,8,10,9
child_479,0,9,U7,mixed,high,bad,average,none,low,happy,51,46,8,9,7,8,6,7,9,10,7,8,8,9,8,8,5,9,4,6,3,10,2,9,3,8,4,7,3,8,2,10,5,7,4,8,3,7,2,6,1,9,2,10,6,8,7,7,6,7,7,8,8,8,7,9,6,8,6,8,5,7,8,9,7,8,8,9,7,8,8,9,7,8,8,7,6,7,5,6,5,8,6,7,5,7,6,8,5,6,5,7,4,5,4,6,7,9,7,9,6,7,7,8,5,6,5,7,6,6,6,6,5,5,4,4,6,7,5,5,4,4,5,5,6,7,5,5,5,6,7,8,4,6,4,6
child_480,0,9,U9,midfielder,medium,good,average,none,medium,frustrated,62,72,6,8,7,8,5,6,8,9,7,9,6,8,7,8,4,8,4,7,8,9,8,8,7,9,7,9,7,9,8,9,8,8,6,8,7,8,8,8,8,9,7,9,6,7,5,7,4,6,6,8,7,8,6,7,5,8,5,7,5,6,6,8,7,9,7,9,6,8,8,9,6,7,5,7,7,8,6,7,3,9,4,8,3,8,6,7,5,7,4,8,6,5,5,6,6,8,6,8,5,6,5,6,6,5,7,6,6,5,6,5,4,4,3,4,5,6,5,5,4,4,5,5,6,7,5,5,6,7,6,7,6,6,7,7
child_481,0,8,U8,goalkeeper,low,good,average,none,high,frustrated,78,92,6,8,9,10,7,8,8,9,7,9,8,9,8,9,5,8,4,7,8,9,8,9,9,8,8,8,8,9,8,9,7,7,8,8,7,8,7,6,9,9,9,9,7,8,6,7,5,7,6,8,8,9,8,9,7,8,6,7,5,7,7,8,8,9,9,9,7,8,8,9,6,8,7,8,6,7,5,6,4,8,4,7,4,8,6,7,6,7,5,8,6,5,7,6,8,9,8,9,7,8,8,8,6,6,8,8,6,5,5,5,4,4,5,5,7,7,5,6,3,4,7,7,8,8,6,5,7,6,9,9,8,8,8,8
child_482,0,9,U9,midfielder,medium,good,average,none,low,excited,26,63,9,10,10,10,8,7,7,8,8,9,7,8,9,8,10,10,9,9,8,9,8,9,8,8,7,8,7,9,8,8,7,8,8,9,8,8,8,7,9,10,9,10,7,8,8,7,7,8,8,9,9,9,6,6,8,8,9,9,10,10,7,8,8,9,9,8,7,7,8,9,8,7,7,7,6,6,5,5,10,10,9,8,10,10,8,7,9,8,10,9,6,5,7,6,9,8,10,9,7,7,6,6,6,5,7,8,6,5,6,5,5,4,4,4,8,7,6,6,5,4,6,5,9,8,5,5,7,6,9,9,8,7,9,8
child_483,0,10,U7,midfielder,medium,bad,strong,none,medium,excited,44,47,9,8,10,9,7,6,8,8,8,9,9,7,6,5,9,8,8,7,2,9,3,8,2,8,4,7,3,8,2,9,3,6,2,9,5,6,2,7,2,8,2,9,9,9,8,8,9,8,9,9,9,8,7,6,8,7,9,9,10,9,6,7,6,7,6,5,6,6,7,8,5,6,5,5,5,6,4,5,9,9,8,7,8,8,6,7,9,8,8,8,6,5,7,6,6,6,6,6,5,5,5,5,5,5,6,6,6,6,5,5,4,4,4,4,7,7,6,6,4,3,5,5,8,8,4,4,5,5,9,8,7,7,8,8
child_484,0,9,U10,forward,high,neutral,strong,none,high,excited,33,100,10,9,10,10,9,8,10,9,10,10,10,9,10,10,10,10,9,9,7,8,8,9,8,9,8,9,8,9,8,9,7,8,8,8,9,9,8,7,8,8,9,8,10,10,9,8,10,9,10,10,10,9,10,10,9,9,10,9,10,10,9,9,10,10,10,10,10,9,10,10,9,9,9,9,8,7,8,7,10,10,9,9,10,10,8,7,10,10,9,9,8,7,10,10,10,9,10,9,9,8,10,10,7,6,9,8,6,5,6,5,7,6,7,6,10,9,8,7,7,6,8,7,10,10,8,7,9,8,10,10,9,9,10,10
child_485,0,7,U9,defender,low,good,average,none,low,frustrated,63,41,7,9,6,7,5,6,8,9,7,8,6,7,8,10,3,8,2,7,8,10,7,9,6,8,7,9,8,10,8,9,8,8,9,10,7,9,8,9,9,10,9,10,6,8,5,7,5,6,6,8,8,9,6,7,6,8,6,7,5,6,7,9,8,9,9,10,7,8,8,9,8,9,7,8,6,7,5,6,3,8,2,7,3,7,6,7,6,8,5,7,5,6,5,6,4,5,4,5,3,5,3,5,3,4,4,5,6,6,6,6,4,5,3,4,5,6,5,6,4,5,4,5,7,8,5,6,5,6,6,7,7,8,6,8
child_486,0,7,U8,goalkeeper,medium,good,isolated,mild,high,neutral,64,58,7,8,5,9,4,8,6,9,7,10,4,7,6,8,8,10,6,9,8,9,7,8,7,8,8,9,7,9,7,8,8,9,6,8,7,8,8,8,9,10,9,10,4,8,5,7,5,7,5,8,7,9,4,6,6,8,5,7,5,7,8,9,7,9,6,8,7,8,7,8,6,8,5,7,6,8,5,7,7,10,6,9,6,8,7,9,7,9,7,9,5,6,6,7,4,6,5,7,4,5,4,5,5,6,6,7,5,6,5,6,4,5,4,5,3,5,3,4,3,4,4,5,5,6,4,5,4,6,5,7,6,7,5,7
child_487,0,8,U9,mixed,high,good,average,none,high,excited,39,100,9,10,6,6,5,4,7,9,8,9,5,5,8,8,10,10,9,9,8,9,8,8,7,8,7,9,8,9,8,8,9,9,9,8,8,8,9,8,9,9,9,9,7,7,6,7,5,6,6,7,8,9,4,4,7,7,7,7,6,6,9,10,8,9,8,9,7,7,8,9,8,8,7,7,7,8,6,7,10,10,9,9,9,9,7,8,8,9,8,8,5,4,6,5,4,3,4,3,3,3,3,3,3,3,4,4,3,3,3,3,2,2,2,2,3,3,2,2,1,1,5,6,7,8,4,4,3,4,7,8,6,7,6,7
child_488,0,9,U9,defender,low,neutral,average,none,medium,excited,30,74,8,9,7,7,6,6,8,8,9,10,7,6,9,10,9,9,8,8,6,7,7,8,6,8,7,9,8,9,7,8,7,9,8,9,7,8,6,7,8,9,9,10,8,8,7,8,8,7,8,8,9,9,7,6,6,7,8,8,9,9,8,9,7,9,9,10,8,9,8,7,9,9,8,8,7,8,6,7,9,10,8,9,9,9,7,8,8,9,8,8,6,5,7,6,8,7,8,6,7,6,6,5,7,5,8,8,7,5,6,5,5,4,4,3,7,6,6,5,5,4,6,5,7,8,5,4,7,7,8,7,9,8,9,8
child_489,0,8,U8,forward,medium,neutral,average,none,medium,excited,46,61,9,8,10,9,8,7,8,8,9,9,10,9,9,9,10,10,10,10,7,8,8,8,8,8,7,8,8,8,7,8,8,7,8,7,7,8,7,7,8,8,8,8,8,8,9,8,9,8,9,9,9,9,10,9,8,8,9,9,10,9,8,8,8,9,9,9,8,9,9,8,8,8,8,8,7,7,7,7,10,10,9,9,10,10,8,8,9,9,8,8,8,7,9,8,10,9,10,9,8,8,10,9,7,7,8,8,7,7,6,6,5,5,6,6,9,8,7,7,5,5,8,7,9,9,6,6,9,9,10,10,8,8,9,9
child_490,0,9,U10,forward,low,good,average,mild,low,excited,36,43,8,9,7,9,6,7,5,8,6,8,7,6,5,7,8,9,7,8,9,8,8,7,8,7,7,8,8,9,7,6,9,8,8,7,7,8,8,6,9,8,9,8,6,7,5,6,6,7,5,7,7,8,6,5,6,7,6,7,7,6,8,9,7,8,5,7,7,8,8,9,7,6,8,9,6,7,5,6,9,9,8,8,8,8,7,7,8,8,7,7,6,5,7,6,5,4,5,4,4,5,3,4,5,4,6,6,4,3,4,3,3,2,2,2,5,4,3,3,2,2,6,5,7,6,3,2,4,3,7,7,6,6,5,5
child_491,0,8,U9,goalkeeper,high,good,average,none,medium,excited,44,83,9,10,10,10,8,9,7,8,8,9,10,10,9,9,10,10,10,9,8,9,9,9,9,8,8,8,9,9,8,9,7,8,9,9,8,9,8,8,9,10,9,10,8,9,8,8,7,8,9,9,9,9,10,10,9,8,10,9,10,10,7,8,8,9,9,10,8,9,7,8,9,10,8,8,7,7,6,6,10,10,9,8,10,10,8,8,9,9,9,9,7,6,10,10,10,10,10,10,9,8,10,10,6,5,8,8,7,6,7,6,5,4,6,5,8,9,7,8,5,4,8,7,10,10,6,5,7,6,10,10,9,8,10,10
child_492,0,7,U7,defender,medium,good,average,none,high,excited,34,85,9,10,7,8,6,6,8,9,8,9,7,7,6,5,9,10,8,8,8,9,8,8,9,9,8,8,9,9,8,8,9,9,8,8,8,8,8,8,9,10,9,10,8,8,7,7,7,7,8,9,9,9,7,6,8,8,9,9,9,9,8,9,9,10,6,5,8,9,8,8,7,8,7,8,8,9,7,7,9,10,8,9,8,9,7,7,9,9,8,9,7,6,8,8,6,5,7,6,6,5,6,5,5,4,8,7,6,5,5,4,4,3,3,2,5,4,4,3,2,1,5,4,7,6,3,2,6,5,9,10,8,8,8,8
child_493,0,9,U8,mixed,medium,neutral,isolated,frequent,low,happy,41,19,8,9,5,8,3,9,7,8,7,9,4,7,9,8,6,10,5,9,6,7,5,6,5,8,6,8,7,9,4,6,7,7,6,8,5,7,5,7,6,9,6,9,3,9,4,8,3,8,4,8,5,9,4,6,3,8,3,7,4,7,6,8,7,9,9,8,7,8,6,8,7,9,5,7,6,7,5,6,6,9,5,7,4,8,5,8,6,9,5,8,5,6,4,7,2,5,2,5,3,6,2,5,3,4,2,5,4,5,4,5,2,4,2,3,3,6,4,5,2,4,3,4,5,7,3,5,4,6,5,7,6,8,5,7
child_494,0,7,U7,forward,medium,good,strong,mild,low,neutral,57,55,7,8,6,7,5,6,4,7,6,9,8,5,7,8,6,9,5,8,8,8,7,8,6,7,7,8,6,9,8,7,7,8,7,8,6,7,6,6,8,9,8,8,8,8,7,7,7,8,8,9,9,9,6,5,6,6,7,6,7,5,7,8,7,9,6,8,7,8,6,7,5,7,6,7,5,6,5,6,6,9,5,7,6,8,7,7,8,9,7,8,6,5,6,6,5,6,5,5,5,5,4,5,4,4,5,5,6,6,5,5,4,3,3,3,5,5,5,4,3,3,4,4,6,7,4,4,5,6,7,6,5,5,6,6
child_495,0,9,U8,midfielder,medium,good,strong,mild,low,excited,57,87,9,10,8,9,7,8,7,8,8,9,9,10,10,10,9,9,8,8,8,10,9,10,8,9,9,9,7,8,9,10,7,7,8,9,8,9,8,8,8,9,9,10,9,10,8,9,7,8,9,10,9,10,7,8,9,10,9,10,9,10,7,8,7,8,10,10,7,8,8,9,9,10,8,9,7,6,6,5,9,10,8,9,9,10,7,8,8,9,8,8,6,5,8,9,6,7,7,8,5,6,5,6,4,5,6,6,5,5,5,5,3,4,4,4,6,7,5,6,4,5,5,6,9,10,5,6,7,8,8,9,8,8,8,9
child_496,0,9,U8,forward,low,good,strong,none,medium,frustrated,67,64,7,8,8,9,6,7,6,8,5,9,8,9,7,8,3,9,3,8,8,9,7,9,6,8,7,8,7,8,8,9,7,8,7,9,6,8,6,7,8,9,8,9,8,9,7,8,5,7,8,9,8,9,6,8,6,8,6,8,5,8,6,9,7,9,7,8,6,9,6,8,7,8,5,8,5,8,4,7,3,9,4,8,4,9,5,7,6,8,5,8,7,6,7,7,7,8,7,8,5,7,6,8,6,6,7,7,6,6,5,6,4,5,4,5,7,8,5,5,4,4,5,6,7,8,4,5,5,6,7,8,6,8,6,8
child_497,0,7,U8,defender,high,good,average,mild,high,excited,46,94,8,9,7,8,6,7,7,8,9,10,6,6,8,9,9,10,9,10,8,9,8,8,9,9,8,9,7,8,8,9,7,8,8,9,8,8,7,7,8,9,8,9,7,8,6,7,6,7,7,8,8,9,6,7,7,8,7,8,7,8,8,9,8,9,9,9,8,8,8,9,7,8,7,7,7,7,6,6,9,10,8,9,9,10,7,8,8,9,8,9,6,7,8,9,7,7,7,7,5,6,6,7,6,6,7,7,6,6,6,6,5,5,5,5,7,7,6,6,5,5,5,5,7,8,5,5,6,6,6,6,7,7,7,7
child_498,0,10,U9,forward,low,good,average,none,low,excited,30,60,8,8,9,9,7,6,8,7,7,8,8,7,5,6,9,9,8,8,9,8,8,8,7,7,8,7,7,8,9,8,7,7,9,8,9,8,8,7,9,8,9,8,8,8,8,7,7,6,8,8,9,9,6,6,7,7,8,8,8,8,6,6,6,8,5,6,7,7,7,8,6,7,6,6,5,5,4,5,9,9,8,8,9,9,7,6,8,8,8,8,7,6,6,7,7,5,7,6,5,5,5,4,4,4,6,6,5,5,5,5,4,4,3,3,6,6,5,5,3,2,4,4,6,6,3,3,4,4,7,7,8,8,8,8
child_499,0,10,U8,goalkeeper,medium,neutral,strong,none,medium,frustrated,69,37,5,8,8,10,7,7,4,6,6,9,9,10,5,8,3,9,2,8,6,7,6,6,5,8,7,7,5,9,7,6,6,8,4,9,5,7,5,6,3,8,4,7,8,9,7,7,6,8,9,9,8,9,7,8,6,7,5,8,4,9,6,7,7,9,6,8,5,9,5,7,6,8,6,7,5,6,4,5,3,9,2,8,3,9,5,6,6,8,4,9,5,5,6,7,7,8,6,7,5,6,4,7,6,5,7,8,5,4,5,4,4,3,5,4,6,6,5,5,3,2,4,5,6,7,3,4,5,6,7,8,6,6,8,9
child_500,0,11,U14,forward,low,good,average,mild,high,frustrated,78,36,5,7,6,8,4,7,4,8,6,9,5,8,6,8,3,9,2,8,8,9,7,8,6,8,7,8,6,9,7,8,7,8,6,9,6,8,7,7,7,9,6,9,5,8,4,7,3,8,5,8,7,9,5,8,5,8,3,8,2,8,4,8,6,9,6,8,5,9,5,8,6,9,5,8,4,7,4,7,2,9,3,8,3,9,5,7,6,8,5,8,4,5,6,8,5,8,5,8,5,7,4,7,6,5,6,6,6,5,5,5,4,4,3,4,5,6,5,6,4,5,4,6,7,8,5,6,4,5,5,6,5,6,5,6
child_501,0,14,U14,forward,medium,good,average,none,low,excited,21,78,8,7,6,4,5,3,9,9,8,10,6,5,10,9,9,8,9,8,8,7,9,8,7,6,7,8,8,9,7,6,8,8,9,9,8,7,8,6,9,10,9,10,7,6,7,5,6,5,8,7,9,8,6,4,6,5,8,7,9,8,8,9,9,8,10,9,8,8,9,9,8,7,8,6,7,6,7,5,9,10,8,9,9,10,7,6,8,7,8,8,6,4,7,5,5,4,5,4,6,5,5,4,6,5,7,6,5,4,5,4,4,3,3,2,6,5,5,4,4,3,3,2,7,6,5,4,6,5,9,8,7,6,8,7
child_502,0,13,U12,defender,medium,good,strong,mild,low,excited,43,79,8,9,7,6,6,5,8,9,9,10,8,8,8,7,9,10,9,9,8,9,8,9,9,8,8,8,8,9,8,9,9,10,8,9,9,8,8,8,9,9,9,10,8,9,7,8,7,6,9,9,8,9,8,7,8,8,9,9,9,9,9,9,8,9,8,8,9,9,8,8,8,8,8,8,8,7,7,7,9,10,8,8,9,10,8,8,9,9,8,9,7,6,7,6,8,7,8,7,7,6,8,7,6,5,7,6,6,5,6,5,5,4,5,5,6,5,6,5,4,3,5,4,8,8,5,4,7,6,9,9,8,8,8,8
child_503,0,11,U13,forward,medium,good,strong,frequent,low,excited,48,43,9,8,8,9,7,7,8,8,8,9,9,8,6,5,10,10,9,9,9,9,8,9,9,8,8,8,8,9,9,8,10,10,8,8,7,6,8,8,10,10,10,10,9,9,8,8,8,7,9,9,9,9,7,6,9,8,9,8,9,8,8,9,9,9,6,5,8,9,8,8,7,6,8,9,8,8,7,6,10,10,9,9,10,10,8,8,9,9,9,9,7,6,8,7,6,5,5,4,5,4,5,4,5,4,6,5,5,4,5,4,4,3,4,3,6,5,5,4,4,3,6,5,9,8,4,3,5,4,7,6,9,8,9,8
child_504,0,14,U12,defender,high,good,average,mild,high,frustrated,74,53,5,7,6,8,4,6,6,7,7,9,5,5,8,9,4,8,3,7,8,9,7,8,6,7,7,8,7,9,5,6,6,7,4,8,7,8,6,6,5,8,4,8,5,7,4,6,3,5,5,7,6,8,5,6,4,5,4,6,3,5,5,7,6,8,8,9,6,8,6,7,5,8,6,7,5,6,4,5,3,9,4,8,3,9,6,7,4,8,5,7,3,5,5,6,4,6,3,5,4,5,3,5,5,5,6,7,5,6,4,5,3,4,4,5,5,6,4,5,3,4,4,5,6,7,4,5,5,6,4,6,5,7,5,6
child_505,0,14,U14,forward,high,good,strong,none,medium,excited,47,100,9,8,7,6,6,5,8,9,8,8,9,9,8,9,10,10,10,9,8,8,8,8,9,8,8,8,9,9,9,8,8,7,9,7,9,8,9,8,9,8,10,9,9,8,9,8,9,8,10,9,10,9,9,8,9,8,10,9,10,9,9,8,9,9,9,9,9,9,8,8,8,7,8,8,8,7,8,7,10,10,9,9,10,10,8,7,10,9,9,9,7,6,9,8,9,7,8,7,8,6,9,8,8,7,9,8,8,6,8,6,6,5,5,4,7,6,7,5,5,4,7,6,9,8,6,5,8,7,9,8,8,7,9,8
child_506,0,14,U14,forward,low,good,average,frequent,high,excited,31,71,10,10,10,10,9,8,8,9,8,9,10,10,7,8,9,9,8,8,9,9,8,9,9,9,9,8,8,8,8,9,9,8,9,9,8,8,9,8,9,9,9,9,7,8,6,8,7,8,8,9,9,9,9,9,8,9,9,9,10,10,8,8,8,9,7,8,8,9,8,8,9,9,8,8,7,7,7,7,10,10,9,8,9,9,8,8,9,9,8,8,7,7,8,8,9,9,10,10,8,8,9,9,8,7,9,9,8,7,8,7,7,6,6,5,9,8,7,6,5,4,6,5,10,10,5,4,7,6,10,10,9,9,9,9
child_507,0,13,U14,mixed,medium,good,average,mild,medium,happy,36,59,8,7,5,4,4,3,7,6,8,9,6,5,9,10,7,8,6,7,8,9,7,8,8,9,7,8,8,9,8,8,9,10,8,9,7,8,7,7,9,10,9,10,6,7,5,6,5,6,6,7,7,8,4,3,6,7,6,7,5,6,8,9,9,10,10,10,8,9,7,8,8,9,7,8,6,6,5,5,7,8,6,7,7,8,8,9,8,9,7,8,6,5,5,4,6,5,5,4,4,3,4,3,5,4,7,6,6,5,5,4,4,3,3,2,5,4,6,5,3,2,4,3,7,6,5,4,6,5,7,6,8,7,8,7
child_508,0,14,U11,forward,high,good,strong,mild,medium,excited,41,88,9,9,10,10,8,7,8,9,9,10,9,8,9,9,10,10,9,9,8,8,8,9,9,9,8,9,9,10,9,9,8,8,8,9,9,9,9,8,9,9,9,9,9,9,8,8,9,8,10,10,9,9,8,7,9,8,10,9,10,9,9,9,8,9,9,10,9,9,8,8,8,9,8,8,7,7,7,7,10,10,9,9,10,10,8,8,9,9,9,8,7,6,9,9,8,7,9,8,7,6,6,5,6,5,7,6,6,5,6,5,5,4,5,4,6,5,6,5,4,3,7,6,8,7,5,4,5,4,7,6,7,6,8,7
child_509,0,14,U14,defender,low,good,average,mild,high,happy,41,62,7,8,8,9,6,7,7,8,6,9,7,6,5,5,6,9,6,9,8,9,8,8,7,7,7,8,7,8,7,6,8,9,8,9,7,8,8,7,9,10,9,10,6,7,5,6,6,6,6,8,7,8,5,5,6,6,6,6,6,7,7,9,6,8,5,5,6,7,7,8,6,7,6,6,6,7,5,6,6,8,6,7,6,8,7,6,7,9,6,8,5,4,8,7,6,5,7,6,5,5,5,5,5,5,8,8,5,4,5,4,4,3,3,3,5,5,4,4,3,3,5,5,6,6,3,3,5,5,6,7,7,8,7,8
child_510,0,12,U12,goalkeeper,high,good,strong,none,high,neutral,44,89,8,9,9,9,7,7,7,8,8,9,9,9,6,8,7,8,7,8,8,9,8,8,8,8,7,8,7,9,8,8,7,8,8,8,7,8,8,8,8,9,9,9,9,9,8,8,8,7,9,9,9,9,8,9,8,8,8,8,9,9,8,9,8,9,7,8,8,9,8,9,7,8,8,8,7,7,6,7,8,9,7,8,8,9,7,8,8,8,8,8,6,5,9,9,9,9,9,8,8,7,7,6,7,5,9,9,6,5,6,5,5,4,6,5,8,7,7,6,5,4,6,5,8,8,4,3,7,6,8,9,9,9,9,9
child_511,0,13,U12,goalkeeper,low,bad,isolated,frequent,low,excited,39,0,8,9,4,10,3,8,6,7,7,10,2,6,7,9,9,8,9,7,2,10,1,8,1,9,3,8,2,9,1,10,3,8,2,9,1,7,1,7,1,9,1,10,3,10,4,9,2,7,2,8,5,7,2,6,3,8,4,8,5,7,8,10,9,10,7,9,7,8,8,9,8,8,7,8,9,8,8,7,9,10,8,8,9,9,8,8,8,9,9,10,6,5,3,6,5,6,4,5,2,6,2,5,3,4,3,5,5,4,4,4,3,3,2,2,3,4,2,2,2,3,4,5,6,6,3,3,4,5,2,6,5,6,5,7
child_512,0,12,U13,defender,medium,good,isolated,none,medium,neutral,46,45,7,8,8,9,5,8,6,7,6,8,4,6,6,7,5,7,4,6,8,9,7,8,6,7,6,7,7,8,7,8,8,9,8,9,6,7,7,8,9,10,9,10,4,6,5,7,5,6,4,6,5,7,4,5,5,7,4,5,4,5,6,8,7,8,6,7,6,7,6,8,7,8,7,8,6,7,5,6,5,8,4,7,5,8,5,7,6,8,6,8,5,6,6,7,4,5,4,5,3,4,3,4,4,5,6,7,5,6,5,6,3,4,2,3,4,5,4,5,3,4,5,6,6,7,4,5,4,5,5,6,6,7,6,7
child_513,0,12,U11,forward,high,neutral,average,mild,low,excited,43,57,8,8,9,9,6,6,7,7,9,10,6,5,8,9,9,10,8,9,6,7,6,7,7,8,7,8,6,8,7,7,6,7,7,8,6,7,6,7,6,8,7,8,7,8,6,7,7,7,8,8,8,8,5,5,7,8,8,9,8,9,8,8,7,8,8,9,7,8,8,8,7,8,6,7,6,6,5,5,9,10,7,8,9,10,8,8,8,9,7,8,6,5,8,7,5,5,6,6,4,4,5,6,6,5,7,6,6,5,6,5,5,4,4,4,6,7,5,6,4,4,5,5,7,7,5,5,6,6,7,8,5,5,6,7
child_514,0,13,U12,midfielder,high,neutral,isolated,none,medium,frustrated,63,37,5,6,4,8,3,7,8,9,7,10,3,5,6,8,3,9,2,8,6,7,5,8,4,7,5,8,5,9,4,7,6,8,4,9,4,8,5,6,3,10,3,10,3,8,4,7,3,6,4,7,6,9,2,5,3,6,2,5,2,5,7,9,7,9,5,8,6,8,8,9,5,7,6,7,5,7,5,6,2,10,2,9,3,9,4,7,5,6,5,7,4,5,5,6,3,4,3,4,2,5,2,5,3,4,5,6,5,4,5,4,2,3,2,3,3,5,2,3,2,3,3,4,4,6,2,3,3,4,3,5,4,5,5,6
child_515,0,13,U12,forward,low,good,strong,none,high,neutral,53,64,8,9,9,10,7,8,6,9,5,10,9,10,6,8,4,9,3,8,9,10,8,9,7,8,8,9,7,8,9,10,8,9,9,9,7,8,8,7,8,9,9,10,9,10,8,9,7,8,8,9,9,10,8,9,7,8,7,8,7,9,8,9,6,8,7,9,7,8,6,9,7,9,6,8,5,7,5,7,5,10,6,9,5,8,6,7,7,9,6,8,4,6,8,8,8,9,7,8,6,7,7,8,5,6,8,9,5,6,5,6,4,5,5,6,7,8,6,7,5,6,6,7,8,9,5,6,6,7,9,10,8,9,8,9
child_516,0,11,U12,goalkeeper,low,neutral,strong,mild,low,excited,35,38,9,8,8,7,6,6,7,7,8,9,8,6,10,9,9,8,7,7,6,7,6,7,5,6,5,6,6,8,7,6,6,8,5,8,6,7,5,6,5,7,5,6,8,7,7,7,7,7,9,8,8,8,6,6,8,8,9,8,8,7,7,8,8,8,10,9,8,8,7,7,9,8,8,7,6,5,5,5,9,9,8,7,8,8,7,7,8,8,7,7,5,4,6,5,7,6,7,6,6,5,5,4,5,4,6,5,5,4,5,4,4,3,4,3,6,5,5,4,3,2,5,5,8,7,4,3,6,5,8,7,5,6,7,6
child_517,0,11,U14,midfielder,medium,neutral,strong,none,low,excited,37,52,8,7,5,6,3,4,9,9,7,8,6,5,4,5,9,10,8,9,6,7,6,7,7,8,6,7,7,8,6,6,6,7,8,9,7,6,7,6,8,7,7,8,8,9,7,7,8,8,9,9,9,9,4,5,8,7,8,8,8,8,8,8,7,8,5,5,7,8,8,8,6,5,7,7,6,5,5,5,9,9,8,8,9,9,7,6,7,7,8,8,4,3,5,5,3,2,3,2,2,3,2,2,2,2,3,3,3,3,3,3,2,2,2,2,2,2,2,2,2,2,3,3,6,5,2,2,3,3,5,5,4,4,5,5
child_518,0,13,U14,mixed,medium,good,strong,frequent,medium,excited,33,65,8,9,5,6,4,5,7,8,9,10,7,6,8,9,9,10,9,10,9,9,8,8,8,8,8,8,8,9,9,9,7,8,9,8,8,8,7,7,9,9,9,9,8,9,7,8,7,7,8,9,8,9,6,5,8,9,9,9,9,9,8,8,9,9,8,8,8,9,7,7,9,8,8,8,7,6,6,5,9,10,8,8,9,10,7,7,9,9,8,8,6,5,7,6,5,5,6,5,4,4,4,3,5,4,6,5,5,4,5,4,4,3,3,2,5,5,4,3,3,2,5,6,7,7,4,3,6,5,5,5,6,5,7,6
child_519,0,11,U12,goalkeeper,low,neutral,strong,frequent,low,excited,56,37,8,9,5,6,4,5,6,7,7,8,7,8,9,10,9,9,8,7,6,7,5,7,6,6,7,8,6,8,6,7,7,8,6,7,6,7,5,6,6,8,7,8,9,8,6,7,8,7,8,9,8,9,5,6,7,7,9,8,9,8,7,8,7,9,9,10,6,8,6,7,9,10,5,7,6,7,6,7,8,9,8,7,8,8,7,7,9,8,8,9,6,5,5,4,5,5,6,5,5,5,5,5,4,3,5,4,6,5,5,4,4,3,3,2,5,6,5,4,3,2,5,5,7,6,5,4,5,5,6,6,5,5,6,5
child_520,0,13,U11,mixed,medium,good,average,none,high,excited,50,95,9,8,10,9,8,7,10,10,9,9,9,8,8,9,10,10,10,9,8,8,9,9,9,9,9,9,9,9,8,8,9,8,10,10,9,8,9,8,10,10,10,10,8,8,9,8,9,9,8,8,9,9,8,8,9,9,10,10,10,10,9,9,9,9,8,9,9,9,10,10,8,9,9,9,8,8,8,8,10,10,8,8,10,10,9,9,9,9,9,9,7,6,8,8,9,8,9,8,7,7,8,7,8,7,9,9,8,7,8,7,6,5,6,5,8,8,7,6,5,4,6,5,9,8,7,6,8,7,9,8,10,10,10,10
child_521,0,13,U12,goalkeeper,low,good,isolated,none,medium,excited,38,40,8,9,9,10,7,8,5,7,6,8,9,10,7,8,8,9,7,8,8,9,9,9,8,8,8,9,8,8,7,8,8,8,9,9,8,9,8,8,9,9,9,9,5,7,6,8,6,7,6,8,8,9,7,8,5,7,6,8,6,8,7,8,8,9,7,8,7,8,5,6,7,8,6,7,6,7,5,6,9,10,8,9,9,10,7,8,8,9,8,9,5,6,6,7,9,10,8,9,6,7,7,8,6,6,7,8,6,7,6,6,5,5,5,5,6,7,7,8,5,6,6,7,7,8,5,6,6,7,9,10,8,9,8,9
child_522,0,13,U11,mixed,medium,neutral,average,frequent,high,happy,50,35,7,8,8,9,5,6,6,7,7,8,6,7,8,9,7,9,5,6,6,7,6,8,6,7,7,8,7,8,5,6,6,7,6,7,5,6,5,6,6,7,6,7,6,7,5,6,5,6,6,7,7,8,5,6,6,7,6,7,5,6,7,8,8,9,8,9,7,8,7,8,6,7,6,7,6,7,5,6,6,7,5,6,6,7,6,7,7,8,7,8,5,6,6,7,5,6,5,6,5,6,5,6,5,6,6,7,5,6,5,6,4,5,4,5,6,7,5,6,4,5,5,6,7,8,4,5,5,6,6,7,5,6,5,6
child_523,0,11,U11,midfielder,medium,good,average,mild,high,neutral,63,52,8,9,5,6,4,5,7,8,6,7,5,4,9,9,6,8,5,7,8,9,7,8,6,7,7,8,7,8,6,7,8,8,9,9,6,7,7,7,8,9,9,9,5,6,4,5,4,5,6,7,8,9,5,5,5,6,5,6,6,6,7,8,6,9,9,9,7,8,8,9,6,7,7,8,5,6,5,6,6,8,5,6,6,7,6,7,5,6,6,8,7,5,8,9,5,5,5,5,5,5,4,5,5,5,7,8,6,5,6,5,4,5,3,4,5,6,4,5,3,4,4,5,6,6,3,4,5,6,4,5,5,5,5,5
child_524,0,14,U12,goalkeeper,low,good,strong,none,low,happy,51,55,7,8,8,9,6,7,5,9,7,10,6,5,9,10,6,8,5,9,9,10,8,9,7,8,8,9,8,9,9,7,9,10,9,10,8,8,8,9,9,10,9,10,9,10,8,8,8,8,9,9,9,10,6,5,8,8,7,7,6,6,8,10,7,9,9,10,7,8,6,8,8,9,7,8,6,7,5,6,6,9,7,8,6,9,6,8,7,8,7,8,6,6,5,7,4,4,4,4,3,3,3,2,2,2,5,5,4,4,3,3,2,2,1,1,3,3,2,2,1,1,4,5,6,7,3,4,5,6,5,5,6,7,6,7
child_525,0,11,U12,goalkeeper,low,neutral,average,none,low,happy,49,35,8,9,9,10,7,8,6,7,5,8,9,9,6,8,7,8,5,7,6,7,6,8,5,7,6,8,5,8,6,7,5,7,6,9,5,6,5,6,4,7,4,8,7,8,7,7,6,6,8,8,8,8,7,9,6,7,7,8,7,8,6,8,7,9,6,8,6,8,6,7,6,9,5,8,5,7,5,6,6,8,5,6,6,7,6,6,5,7,6,7,5,5,6,6,9,8,9,8,7,6,8,7,6,5,7,7,6,6,5,5,4,5,4,5,8,8,7,6,5,5,5,6,9,8,5,5,6,7,8,9,7,8,7,8
child_526,0,12,U12,mixed,medium,good,strong,none,high,excited,25,87,8,7,9,9,6,5,7,8,8,9,8,6,9,10,9,9,9,8,8,9,7,8,8,9,8,9,8,9,8,8,9,10,8,9,8,9,8,7,9,10,9,10,9,9,9,8,8,7,9,9,9,9,6,5,8,9,8,8,8,8,9,10,9,10,9,10,8,8,8,9,8,9,8,9,7,7,6,6,9,9,8,8,9,8,8,7,9,9,8,8,6,5,7,6,5,4,5,4,5,4,4,3,5,5,6,5,5,5,5,5,4,3,3,2,4,3,3,2,2,2,4,3,6,5,5,4,5,5,6,5,7,6,7,6
child_527,0,12,U12,midfielder,medium,good,isolated,none,low,happy,40,68,9,10,8,10,7,9,7,8,6,7,5,8,9,10,6,5,5,4,8,10,8,9,7,8,7,9,8,9,8,10,9,10,9,10,6,7,7,8,9,10,9,10,5,9,6,8,6,8,4,6,7,9,6,7,5,7,5,6,6,7,7,9,8,9,9,10,8,9,8,8,9,10,8,9,6,7,5,6,5,6,6,6,5,6,7,8,7,8,6,7,6,5,4,4,7,8,8,9,5,7,7,8,5,5,6,7,6,5,5,5,5,4,4,4,6,7,5,5,4,4,5,6,8,9,5,5,7,7,7,8,6,6,6,6
child_528,0,12,U12,mixed,high,good,isolated,none,high,neutral,61,71,8,9,7,10,5,8,6,8,8,10,4,6,7,9,7,10,6,9,8,10,7,9,9,10,8,9,8,10,8,10,7,9,7,8,8,9,7,8,8,10,9,10,4,8,6,7,5,8,6,8,8,9,5,6,6,8,5,7,6,8,8,10,7,9,8,9,7,8,7,9,6,8,6,7,7,9,6,7,7,10,6,9,7,10,7,9,8,10,7,9,6,5,8,9,5,6,5,6,5,7,4,6,5,6,8,9,7,6,6,5,4,5,3,4,4,5,5,6,4,5,5,6,5,6,4,5,4,6,6,8,8,9,8,9
child_529,0,11,U12,forward,medium,neutral,average,mild,low,frustrated,59,25,5,6,7,9,6,7,5,7,6,8,5,8,4,5,3,7,2,6,5,7,5,7,4,6,5,7,5,8,5,7,6,8,4,7,4,6,5,5,3,8,3,8,6,7,5,6,4,6,6,8,7,7,5,7,4,5,5,6,3,6,5,8,6,8,4,5,6,8,6,7,5,7,5,7,6,6,5,5,2,8,3,7,3,7,5,6,5,6,5,7,4,5,3,6,6,7,6,7,5,6,4,5,5,4,5,6,5,5,5,5,4,4,3,4,6,6,4,5,3,4,5,5,7,8,4,4,5,6,6,8,5,6,5,6
child_530,0,11,U14,defender,medium,neutral,average,none,high,excited,46,67,8,9,9,10,7,8,6,7,8,9,9,10,8,8,9,10,8,9,7,8,7,8,8,9,7,8,7,8,7,8,8,9,8,9,7,8,6,7,6,7,7,8,8,9,8,9,7,8,8,9,9,10,9,9,8,9,9,10,9,10,7,8,8,9,7,8,8,9,6,7,7,8,7,8,6,7,6,7,9,10,8,9,9,10,7,8,8,9,9,10,6,7,8,9,8,9,9,10,7,8,8,9,6,7,8,9,6,7,6,7,5,6,6,7,7,8,6,7,5,6,6,7,8,9,5,6,7,8,8,9,7,8,8,9
child_531,0,14,U12,defender,medium,good,average,mild,medium,anxious,54,45,5,6,4,5,3,4,8,9,7,9,4,5,6,8,6,10,5,9,8,9,7,8,6,7,6,8,7,9,5,7,8,9,7,8,6,8,7,8,8,9,8,9,5,6,4,5,4,6,5,7,6,8,3,4,5,6,4,5,4,5,6,8,7,9,6,8,5,7,8,9,6,7,5,6,5,7,5,6,6,9,5,8,5,8,5,7,6,8,5,7,4,5,3,4,3,4,2,3,2,4,2,3,2,3,3,4,3,4,2,3,2,3,1,2,2,3,2,3,1,2,3,4,4,5,2,3,1,2,2,3,3,4,4,5
child_532,0,12,U14,midfielder,medium,good,average,none,low,neutral,45,44,8,9,7,8,6,7,5,6,6,7,8,9,9,10,5,8,4,6,8,8,7,7,7,8,7,8,7,8,8,8,6,7,7,9,6,7,6,7,8,8,8,8,7,8,6,7,6,6,7,8,8,9,7,8,7,8,6,7,5,6,5,7,6,7,8,9,5,7,6,8,7,9,6,7,5,6,4,5,5,7,4,6,6,8,5,6,6,7,6,8,4,5,5,6,7,9,7,8,6,7,6,8,5,6,7,8,5,5,5,5,5,4,4,4,6,7,7,8,3,3,4,5,6,7,4,5,5,6,7,9,8,8,7,8
child_533,0,14,U11,mixed,low,neutral,strong,none,high,excited,32,86,9,10,10,10,8,7,7,8,6,9,9,10,7,8,9,8,8,7,7,7,7,8,8,8,7,7,8,9,7,8,8,7,8,9,8,8,6,6,9,8,9,8,9,9,8,8,9,8,9,9,9,9,8,8,9,9,9,8,9,9,8,8,7,8,8,9,8,8,8,8,7,9,6,7,6,7,6,7,9,10,8,8,9,9,7,6,8,9,8,8,7,6,9,7,9,9,9,9,8,7,8,8,7,6,8,7,7,6,7,6,5,4,6,5,8,9,7,6,4,3,6,5,9,9,5,4,8,8,10,10,7,6,9,8
child_534,0,12,U11,mixed,medium,neutral,strong,frequent,medium,happy,54,40,8,9,9,10,7,8,6,7,6,8,9,10,7,8,6,7,5,6,5,6,6,7,5,6,6,7,5,6,6,6,7,7,4,5,5,6,5,5,4,5,3,5,8,9,7,8,6,7,8,9,9,9,8,8,7,7,8,8,7,8,6,7,7,8,8,9,7,8,6,7,7,8,5,6,6,7,5,6,6,8,5,7,6,8,5,6,6,7,6,7,5,6,6,7,9,10,8,9,7,8,8,9,5,6,6,7,5,6,5,6,4,5,3,4,7,8,6,7,4,5,5,6,7,8,5,6,6,7,9,10,6,7,7,8
child_535,0,12,U14,mixed,high,good,strong,none,high,excited,43,96,10,9,8,7,7,6,6,8,9,8,10,9,6,5,9,9,8,8,9,10,8,9,9,9,9,8,8,9,9,10,8,9,9,10,9,8,9,8,10,10,10,10,9,10,9,8,8,7,10,9,10,9,7,6,8,8,10,9,10,9,8,8,8,8,6,5,7,7,8,9,7,8,7,7,6,7,5,6,10,9,9,8,10,9,8,7,9,8,9,8,7,5,8,7,7,6,8,7,6,5,7,6,5,4,8,7,7,5,6,5,4,3,4,3,7,6,5,4,3,3,6,5,8,8,5,4,7,6,8,8,9,9,9,9
child_536,0,11,U12,mixed,low,neutral,average,mild,medium,excited,34,68,9,8,8,9,7,6,9,8,7,8,9,9,6,5,9,9,8,8,7,8,7,8,7,8,8,8,7,8,8,8,6,7,8,9,7,8,7,7,8,9,8,9,8,8,7,7,7,7,8,8,8,8,9,9,8,8,9,9,9,9,8,8,7,8,6,5,7,8,9,9,7,8,7,8,6,6,5,5,9,9,7,7,8,8,7,7,8,8,8,8,7,6,8,7,9,8,9,8,8,7,8,7,6,6,7,7,6,6,5,5,6,5,5,4,8,7,6,5,4,4,7,6,8,8,5,4,7,6,9,9,8,8,9,9
child_537,0,14,U14,goalkeeper,medium,good,strong,none,medium,excited,22,80,9,8,10,10,8,7,7,9,9,10,10,10,8,9,10,10,9,9,8,8,9,9,8,8,9,9,9,9,9,9,8,8,9,9,8,8,9,8,10,10,10,10,9,9,9,8,9,9,10,10,10,10,10,10,9,9,10,10,10,10,9,8,8,9,8,9,9,8,7,8,8,8,7,7,8,8,7,7,10,10,9,9,10,10,8,8,9,9,10,10,8,7,9,8,9,8,10,9,9,8,10,9,8,7,9,8,7,6,7,6,6,5,6,5,9,8,8,7,5,4,6,5,10,10,6,5,9,8,10,10,8,8,9,9
child_538,0,12,U11,forward,low,neutral,average,mild,medium,excited,41,48,9,9,10,10,8,8,6,7,7,8,7,6,9,10,9,9,8,8,6,7,6,7,5,6,6,7,5,7,6,7,5,6,7,8,6,6,5,6,6,6,5,6,6,7,5,6,7,8,7,8,8,9,6,7,7,8,9,9,9,9,6,7,5,6,9,10,5,6,6,7,8,9,6,7,5,6,5,6,9,9,8,8,9,9,5,6,8,8,7,7,6,6,7,7,7,6,8,7,5,6,6,7,6,6,7,7,5,5,5,5,4,4,5,5,8,7,5,5,4,4,6,6,9,8,7,6,5,5,8,8,5,5,5,5
child_539,0,12,U13,midfielder,medium,bad,average,mild,high,excited,43,53,8,10,9,10,7,8,6,8,7,8,8,9,7,9,8,10,8,9,2,10,2,9,3,8,3,9,3,9,3,8,4,8,2,9,3,9,3,8,1,10,1,10,6,9,6,8,5,7,7,9,7,9,8,9,6,8,7,8,8,9,6,8,7,9,7,8,6,9,6,8,7,9,6,8,5,7,5,7,9,10,8,9,9,10,7,8,8,9,8,9,6,7,8,8,9,10,9,9,7,8,8,9,5,7,6,8,5,7,5,7,4,5,6,7,7,8,6,7,4,5,6,6,8,9,5,6,6,7,9,10,7,8,8,9
child_540,0,14,U12,forward,high,good,strong,mild,medium,frustrated,60,70,6,8,8,9,5,7,7,8,7,9,6,5,9,10,4,8,3,7,8,9,7,8,7,8,7,9,6,8,8,7,8,9,5,8,6,8,7,7,5,9,4,9,7,9,6,7,6,7,8,9,8,9,5,6,6,8,4,7,3,6,6,8,7,9,9,10,7,8,7,8,8,9,5,8,6,7,5,6,3,8,4,8,3,7,6,6,5,7,6,8,4,5,5,6,5,6,6,7,4,5,4,5,5,6,6,7,6,5,5,5,3,4,3,4,5,6,5,5,3,4,5,5,7,8,4,5,5,6,6,7,6,7,7,8
child_541,0,13,U13,forward,medium,neutral,isolated,none,medium,anxious,70,38,7,8,8,9,5,7,8,9,6,8,4,7,7,8,5,6,4,5,6,7,6,7,5,7,5,8,6,8,4,6,7,7,5,8,4,6,6,7,3,8,4,8,3,7,5,7,4,6,5,7,6,8,5,6,4,7,4,6,4,6,6,7,7,8,7,8,5,7,6,8,5,7,5,7,6,7,5,6,4,7,4,6,5,8,5,7,5,7,6,8,5,5,4,6,6,8,7,8,4,6,4,6,5,5,6,7,5,5,5,5,4,4,3,5,5,6,4,5,3,4,5,6,7,8,4,5,5,6,6,8,5,7,6,8
child_542,0,14,U13,mixed,medium,good,average,none,low,frustrated,63,25,6,8,7,9,5,7,4,8,8,9,5,6,6,7,3,9,2,8,7,8,6,7,5,6,6,8,7,8,7,8,8,7,6,9,5,7,6,5,7,8,8,6,5,7,4,6,3,5,5,7,6,8,4,5,5,7,3,5,2,4,5,8,6,9,5,7,6,8,4,6,6,7,5,6,5,8,4,6,3,9,2,8,2,7,5,6,4,8,3,7,4,3,4,5,5,6,5,6,4,5,3,4,5,5,6,6,5,5,4,4,2,3,3,4,5,5,4,3,3,2,5,4,6,7,4,5,3,4,3,6,5,7,6,8
child_543,0,12,U13,goalkeeper,medium,good,strong,none,low,excited,50,60,7,8,6,7,5,6,7,8,8,9,7,7,8,9,9,9,8,8,8,9,8,8,8,8,8,8,7,8,8,8,7,7,8,8,8,8,8,7,9,9,9,9,8,9,8,8,9,8,9,9,9,9,8,7,8,8,9,9,9,9,8,9,8,9,8,9,8,9,8,8,7,7,7,7,7,7,7,7,9,9,8,8,8,8,7,7,9,9,8,8,6,5,6,6,5,5,5,5,6,6,6,5,5,5,7,8,5,5,5,5,5,5,4,4,5,5,5,5,4,4,5,5,6,6,4,4,5,5,6,6,7,7,7,7
child_544,0,14,U11,mixed,medium,good,strong,mild,medium,excited,31,100,9,9,10,10,7,8,8,8,9,9,9,8,8,9,10,9,9,8,9,9,8,9,9,9,9,9,10,10,9,9,9,10,9,9,8,8,9,9,9,9,10,10,10,10,9,8,9,8,10,9,10,10,8,7,9,8,10,9,10,9,9,10,9,10,8,9,9,9,9,9,8,8,9,9,8,7,7,6,10,10,9,9,9,9,8,8,9,9,9,9,8,7,8,8,7,6,7,6,6,5,6,5,6,5,7,7,7,6,7,6,5,4,5,4,6,5,6,5,5,4,6,5,8,8,5,4,6,6,9,9,8,8,9,9
child_545,0,13,U13,goalkeeper,medium,good,average,mild,high,neutral,51,71,7,8,8,9,6,7,7,8,8,9,6,5,9,10,7,8,7,8,8,9,8,9,7,8,8,9,7,8,6,5,8,9,8,9,7,8,7,8,8,9,9,10,6,6,5,6,6,6,7,7,8,8,5,5,6,7,6,7,5,6,8,9,8,9,9,10,6,7,7,8,8,9,7,8,7,8,6,6,8,9,6,7,7,8,8,9,7,8,7,8,5,5,8,8,5,5,5,5,5,5,6,6,6,6,7,8,6,6,6,6,5,5,5,5,6,6,5,5,5,5,6,7,7,8,6,6,5,5,7,8,7,8,7,8
child_546,0,12,U13,forward,high,neutral,isolated,none,low,neutral,47,24,7,8,6,7,5,6,8,9,7,9,5,6,5,6,7,9,6,8,6,8,5,7,5,8,6,8,7,9,5,7,7,9,6,7,5,8,6,7,5,9,6,8,4,6,5,7,5,7,4,7,5,8,6,7,5,8,5,7,4,6,7,9,7,9,5,6,6,8,7,9,5,6,6,7,6,8,6,8,6,9,5,8,6,9,5,7,6,8,5,9,6,5,4,6,5,7,5,7,4,6,4,6,5,6,5,6,5,5,5,5,4,5,4,5,5,6,5,5,4,5,5,6,6,7,4,5,5,6,5,7,5,7,5,7
child_547,0,13,U14,midfielder,medium,neutral,isolated,none,high,frustrated,61,35,4,6,5,6,3,5,6,7,8,9,3,5,7,8,3,8,2,7,6,7,5,7,4,6,5,7,6,8,5,6,7,8,4,8,5,7,6,7,3,9,4,8,4,6,5,7,3,6,4,7,5,8,3,5,4,7,2,6,1,5,7,9,8,9,6,8,7,8,8,9,7,7,5,6,7,8,6,7,2,9,3,8,3,8,6,7,6,8,5,7,4,5,3,6,2,4,3,5,2,4,1,3,3,4,5,6,4,5,2,3,1,2,1,2,2,3,3,4,2,3,3,4,5,6,2,3,3,4,2,5,5,6,4,5
child_548,0,14,U13,mixed,low,good,strong,mild,low,frustrated,68,16,5,8,7,9,6,7,4,8,3,9,7,8,8,10,2,8,2,7,8,9,7,8,6,7,6,8,5,9,7,8,7,8,5,9,4,7,6,7,5,9,5,10,8,9,7,8,6,8,7,9,8,9,6,7,7,8,6,7,5,8,5,8,6,9,8,10,5,8,5,9,8,9,5,8,4,7,3,6,2,9,3,8,2,7,5,8,4,8,3,7,6,6,5,6,6,7,5,6,4,6,3,5,5,5,6,7,4,5,4,5,3,4,3,3,6,8,5,6,3,4,4,5,7,8,4,5,5,6,4,5,6,7,5,6
child_549,0,14,U11,mixed,medium,neutral,strong,mild,medium,happy,56,68,8,9,9,10,6,7,7,8,6,8,7,7,5,6,6,7,5,6,6,7,6,7,6,7,6,8,6,8,5,7,6,7,7,8,5,7,6,6,6,7,7,8,8,9,7,8,8,8,9,10,8,9,7,7,7,8,7,8,8,9,7,8,7,8,6,6,6,7,7,8,5,6,6,7,5,6,5,6,7,8,6,7,7,8,6,7,7,8,6,7,5,5,7,8,6,7,6,7,5,6,5,5,5,6,6,6,5,5,5,5,5,5,4,4,6,7,5,5,4,5,5,5,6,6,4,5,5,5,7,8,6,6,6,7
child_550,0,11,U13,mixed,medium,good,average,none,low,neutral,50,48,7,8,6,7,5,6,6,7,8,9,5,5,7,8,6,8,5,6,8,8,7,7,6,7,7,8,6,7,8,9,7,8,6,7,6,7,7,6,6,7,7,8,6,7,5,6,5,6,6,7,7,8,5,6,5,6,5,6,6,7,7,8,7,8,6,7,6,7,6,7,7,8,6,7,5,6,5,6,6,8,5,7,5,6,6,7,6,8,6,7,5,6,5,6,4,5,4,5,4,5,4,5,4,5,5,6,5,6,5,6,4,5,4,5,5,6,4,5,4,5,5,6,5,6,5,5,6,7,5,6,6,7,6,7
child_551,0,11,U12,goalkeeper,high,good,average,none,high,excited,47,89,9,8,7,6,6,5,5,7,9,10,7,6,8,8,9,10,9,9,8,9,8,8,9,9,8,8,9,10,8,8,9,9,7,8,8,8,8,7,9,9,9,9,7,7,6,6,7,7,8,8,9,9,6,5,8,8,9,9,9,9,9,10,9,9,8,8,9,9,8,8,7,8,6,7,7,8,6,7,9,10,7,7,8,9,8,8,9,10,8,9,6,5,7,7,6,5,5,5,6,6,5,5,6,6,7,7,6,6,5,5,4,4,5,5,6,6,5,5,4,4,5,5,6,6,4,4,5,5,7,7,8,8,8,8
child_552,0,12,U14,mixed,high,neutral,strong,mild,high,excited,38,58,8,9,7,8,6,7,5,6,9,10,7,6,9,10,8,9,8,8,6,7,6,7,7,8,7,8,6,7,5,5,6,7,5,6,7,8,6,7,5,6,5,6,8,9,7,8,7,7,8,9,8,9,6,6,7,8,9,10,9,10,5,6,5,6,9,10,5,6,6,7,8,9,6,7,5,6,4,5,9,10,8,9,9,10,6,7,8,9,7,8,6,6,7,8,7,8,7,8,6,6,5,5,5,5,7,8,6,7,5,5,4,5,3,4,7,8,5,6,4,5,6,6,7,8,4,5,6,6,8,9,5,6,5,6
child_553,0,12,U11,midfielder,medium,neutral,average,none,low,neutral,64,33,6,8,8,9,7,7,7,9,6,10,7,8,6,8,5,9,4,8,5,7,5,7,5,7,5,8,5,9,5,6,6,8,4,9,6,7,5,6,3,9,3,9,6,8,5,7,5,8,6,9,6,9,7,8,5,7,4,8,5,8,6,9,6,9,5,8,6,8,6,7,5,8,6,7,5,8,5,7,4,9,5,9,4,9,6,7,6,8,5,8,6,5,5,6,7,8,6,8,5,6,5,7,5,4,5,7,6,5,5,4,4,3,5,4,6,5,5,6,4,3,5,6,7,8,4,3,5,7,7,8,6,7,7,8
child_554,0,11,U12,mixed,medium,bad,strong,mild,high,excited,38,77,9,8,10,9,7,6,8,8,9,9,8,7,8,8,10,10,9,9,4,10,3,9,4,8,5,9,5,9,4,10,5,8,2,9,4,7,3,8,1,10,1,10,9,9,8,8,9,9,9,9,10,10,8,7,9,9,10,10,10,10,8,8,8,9,9,9,8,8,7,8,8,7,7,7,6,7,6,6,10,10,9,9,10,10,8,8,9,9,8,8,7,6,8,8,7,6,8,7,6,5,5,4,6,5,6,5,5,5,5,5,4,4,3,3,7,6,6,5,4,4,5,5,9,8,5,4,7,7,8,7,6,5,7,6
child_555,0,13,U13,defender,medium,good,average,mild,high,excited,39,48,9,10,8,9,5,6,6,7,7,8,5,6,8,9,9,10,8,9,8,9,8,8,7,7,7,8,6,8,8,9,8,9,8,9,7,8,8,8,8,9,8,9,6,7,5,6,6,7,6,7,8,9,4,5,6,7,7,8,7,8,7,8,7,9,8,9,7,8,6,7,6,7,6,7,5,6,5,6,9,10,8,9,8,9,6,7,7,8,7,8,5,6,6,7,4,5,4,5,3,4,3,4,3,4,6,7,5,6,5,6,4,5,3,4,4,5,3,4,3,4,5,6,6,7,5,6,4,5,3,4,6,7,6,7
child_556,0,11,U14,mixed,medium,good,strong,none,low,frustrated,73,40,5,8,8,9,6,7,5,8,6,9,6,7,8,9,3,8,3,7,7,8,7,8,6,7,6,8,6,9,8,8,7,7,7,8,5,7,6,7,5,9,5,9,8,8,7,7,5,7,8,8,8,8,6,6,6,7,7,8,4,7,6,8,7,8,8,9,6,8,7,8,8,9,6,7,5,7,5,7,3,8,3,9,4,8,7,7,6,8,6,7,5,5,5,6,5,6,5,6,5,5,5,5,5,5,6,6,5,5,5,5,5,4,4,4,4,5,5,5,4,4,5,5,6,6,4,5,5,6,6,6,7,6,7,6
child_557,0,12,U11,forward,low,good,strong,none,high,frustrated,91,61,8,9,9,8,6,7,7,8,5,9,8,8,6,8,3,8,2,7,7,8,8,8,6,7,7,8,6,8,7,7,8,8,9,9,5,7,7,7,6,9,7,9,8,9,6,7,5,7,8,9,8,9,7,8,6,8,8,9,7,8,6,8,7,9,7,8,6,9,8,8,5,7,6,7,5,7,5,6,3,9,4,8,3,9,6,8,7,7,6,8,5,6,7,7,8,8,7,8,6,7,6,7,7,6,8,8,7,5,6,5,4,5,5,5,8,7,6,6,4,5,5,6,8,8,6,6,5,7,8,8,7,8,8,8
child_558,0,12,U12,mixed,high,good,isolated,none,medium,neutral,49,54,6,8,7,9,5,7,4,8,8,9,3,5,6,7,7,8,5,6,8,9,7,8,8,8,7,8,8,9,7,8,8,7,9,8,8,7,7,6,9,10,9,10,5,7,4,6,5,7,4,6,7,7,3,5,5,6,4,5,5,6,7,8,8,9,6,7,7,8,6,7,5,6,5,6,6,7,5,6,7,8,5,7,6,7,7,6,8,9,6,7,5,4,5,6,4,5,3,4,3,5,4,5,4,5,5,6,4,5,4,5,3,4,3,4,5,6,4,5,2,3,4,5,6,8,3,4,5,5,6,7,4,5,5,6
child_559,0,14,U13,forward,medium,neutral,strong,none,high,frustrated,56,42,7,8,9,9,6,7,4,8,5,9,8,8,5,6,3,7,2,6,5,6,5,7,5,8,5,8,6,9,6,7,5,9,5,8,4,7,5,6,4,8,4,9,8,8,6,7,7,8,8,9,8,9,7,8,6,7,6,8,5,7,6,8,7,9,5,6,7,9,4,8,5,7,4,8,5,6,5,6,3,9,2,7,3,8,5,7,6,8,5,8,4,5,6,7,7,8,7,8,6,7,7,8,5,6,6,7,5,5,5,5,4,5,5,6,6,7,5,6,4,5,6,7,6,8,5,5,5,6,7,8,6,7,7,8
child_560,0,12,U11,mixed,medium,good,average,none,medium,excited,49,61,8,8,9,10,7,8,8,9,8,9,7,6,8,8,9,10,8,9,9,9,8,8,8,7,8,8,7,9,9,8,8,7,9,8,8,8,8,7,9,9,9,9,8,8,8,7,8,7,8,9,9,8,7,6,8,8,8,8,9,8,8,9,8,9,9,8,7,8,8,9,7,8,7,7,7,7,6,6,9,10,8,8,8,9,8,7,9,9,8,8,7,6,8,7,7,6,7,6,6,5,6,5,6,5,7,6,6,5,6,5,5,4,5,4,5,4,5,4,4,3,6,5,8,9,5,4,6,5,8,7,8,8,8,8
child_561,0,13,U13,midfielder,high,neutral,strong,mild,medium,excited,42,89,9,9,8,8,7,6,7,8,8,7,9,8,8,8,9,8,8,7,7,8,7,8,6,8,7,8,7,9,7,8,7,8,8,9,7,8,7,7,6,9,8,9,9,9,8,8,8,8,9,9,9,9,7,7,8,8,9,8,9,9,8,8,8,9,8,8,8,8,9,9,7,8,7,8,7,7,7,7,9,9,8,8,9,9,8,7,8,8,8,8,7,6,6,5,6,6,6,5,6,5,6,5,6,5,6,6,6,5,6,5,5,5,5,5,7,7,6,5,5,5,7,6,8,7,5,4,7,6,8,7,7,7,8,7
child_562,0,12,U13,defender,medium,neutral,average,none,high,excited,29,71,9,10,7,6,6,5,8,8,7,9,8,7,9,8,10,9,10,8,7,8,7,8,8,9,8,9,7,9,8,8,6,7,8,9,7,8,7,7,7,8,8,9,7,8,7,8,8,7,8,8,9,8,6,6,7,7,9,8,9,8,8,9,8,9,9,9,7,8,8,8,9,8,7,7,6,6,5,5,10,9,9,8,9,9,6,7,8,8,8,7,6,6,8,7,7,6,7,6,6,5,5,4,6,6,7,7,6,5,5,4,4,3,4,3,6,6,5,4,3,2,5,5,7,6,4,3,6,6,7,8,7,7,8,8
child_563,0,14,U12,forward,medium,neutral,isolated,mild,low,excited,35,32,8,9,9,10,7,8,6,7,7,9,8,9,7,8,9,10,8,9,6,8,6,7,6,8,5,8,5,9,4,7,6,7,5,8,7,8,5,6,5,9,7,8,4,8,5,7,5,7,5,8,6,8,7,9,5,8,7,8,8,9,7,8,6,9,7,8,6,8,7,8,6,8,5,7,5,6,4,5,9,10,8,9,8,9,6,7,7,8,8,9,5,5,6,7,9,10,8,9,6,6,7,8,5,5,6,7,4,5,4,5,4,5,5,6,7,8,5,6,4,5,5,6,8,9,4,5,7,8,8,9,6,7,7,8
child_564,0,13,U11,defender,medium,good,strong,none,medium,excited,39,77,9,8,10,10,8,7,6,9,8,8,9,7,8,9,10,10,9,8,9,9,8,8,9,9,8,8,9,9,9,9,9,8,9,9,8,8,9,8,10,9,10,9,10,9,9,8,10,9,10,9,10,9,8,7,9,8,10,8,10,8,8,9,9,10,8,9,8,9,8,8,8,9,8,9,7,7,7,7,10,10,9,9,10,9,8,7,9,8,9,8,8,6,9,8,9,7,9,7,8,6,7,6,7,5,8,7,6,5,6,5,5,4,5,3,8,8,6,5,5,4,7,6,9,7,6,5,6,5,10,10,9,8,10,9
child_565,0,11,U13,defender,high,good,average,none,low,excited,53,47,8,9,6,7,5,6,7,8,9,10,6,7,7,8,9,10,8,9,8,9,8,8,7,8,7,8,7,8,8,7,8,8,9,9,7,7,8,8,9,9,9,9,7,8,6,7,5,6,6,7,8,9,5,6,6,7,7,8,8,8,8,9,9,10,7,8,8,9,7,8,8,9,6,7,7,8,6,7,9,10,8,9,9,10,7,8,8,9,8,9,6,7,5,6,5,6,4,5,5,6,4,5,3,4,5,6,3,4,3,4,4,5,3,4,4,5,5,6,2,3,6,7,7,8,4,5,5,6,6,7,5,6,6,7
child_566,0,13,U13,mixed,low,neutral,isolated,none,high,excited,30,33,8,9,9,10,6,7,7,8,8,9,5,5,8,8,9,10,9,10,6,7,7,8,7,8,6,7,7,8,5,6,6,7,6,7,7,8,5,6,5,6,5,6,5,6,4,5,6,7,5,6,7,8,4,5,5,6,6,7,6,7,7,8,7,8,8,9,7,8,6,7,7,8,6,7,5,6,5,6,9,10,8,9,9,10,6,7,8,9,7,8,6,5,8,9,7,8,7,8,5,6,5,6,6,7,7,8,5,6,5,6,4,5,3,4,5,6,4,5,3,4,5,6,6,7,4,5,4,5,6,7,7,8,7,8
child_567,0,12,U12,midfielder,medium,good,average,none,medium,frustrated,77,71,7,8,8,9,6,7,9,10,7,9,6,5,8,9,4,7,3,5,8,9,7,8,7,8,8,9,8,9,6,7,7,8,6,7,5,6,7,8,8,9,9,10,6,8,7,8,5,6,6,7,7,8,5,6,6,7,5,6,4,5,7,8,7,9,8,9,6,8,9,10,7,8,6,7,7,8,6,7,3,8,4,7,3,5,6,7,6,8,5,7,6,5,5,6,5,6,4,5,5,6,4,5,5,6,7,8,6,7,6,7,5,6,4,5,5,6,4,5,3,4,4,5,6,7,5,6,4,5,5,6,7,8,6,7
child_568,0,13,U13,midfielder,high,good,average,none,low,excited,41,54,8,9,7,8,6,7,5,8,7,9,6,5,8,8,9,8,8,7,9,9,8,8,8,7,8,7,8,9,9,9,8,8,8,9,9,8,9,8,9,9,9,9,6,7,6,6,5,7,6,8,8,9,5,5,6,7,7,8,7,8,7,8,7,9,8,8,7,8,8,9,6,7,5,6,6,7,5,6,9,10,8,8,8,8,7,8,8,9,7,8,5,5,6,6,6,5,5,5,4,4,4,3,5,4,7,7,6,5,5,4,3,2,2,2,3,3,4,4,2,2,5,6,7,7,4,5,4,5,5,6,8,9,7,8
child_569,0,11,U13,forward,low,good,strong,mild,high,excited,26,87,9,9,10,10,8,7,7,8,8,9,9,8,8,8,9,10,9,9,9,9,8,9,8,8,9,8,9,9,8,8,9,9,9,8,8,7,9,8,9,9,9,9,9,8,7,7,8,8,9,9,9,9,8,8,9,9,9,9,10,9,8,8,7,8,8,8,7,8,8,8,8,8,8,7,7,6,6,5,9,10,8,9,9,9,8,8,9,9,8,8,7,6,10,9,8,7,9,8,7,6,8,7,7,6,8,7,7,6,7,6,6,5,5,4,8,7,6,5,5,4,7,6,9,8,6,5,7,6,9,8,8,7,9,8
child_570,0,13,U12,defender,medium,good,strong,mild,high,happy,54,100,9,8,10,9,8,7,9,8,8,9,10,9,7,8,7,9,6,8,9,9,8,8,9,9,8,9,9,10,10,9,9,9,8,8,8,7,9,8,9,8,10,9,9,9,8,8,8,8,9,9,10,10,10,9,9,8,10,9,10,9,9,9,9,10,8,8,9,9,9,9,8,8,8,7,8,8,7,7,8,9,7,8,8,9,9,8,8,9,8,9,7,7,10,8,10,9,10,9,8,8,9,8,7,6,9,8,7,6,6,5,5,4,6,5,8,7,7,6,5,4,6,5,9,8,5,4,7,6,10,9,9,8,10,9
child_571,0,13,U13,goalkeeper,medium,neutral,isolated,none,low,neutral,48,15,6,8,8,9,5,7,7,8,6,7,4,6,5,8,6,8,5,7,6,6,6,6,6,7,6,7,5,8,5,7,6,7,7,8,5,6,5,6,5,8,6,7,4,6,5,7,5,6,4,7,7,7,4,5,5,6,6,6,5,7,5,7,6,8,5,8,5,7,6,6,5,7,5,7,4,6,4,5,5,8,5,7,5,8,5,6,6,7,5,7,5,6,4,6,4,5,4,5,4,5,3,4,3,4,5,5,5,5,5,5,4,4,3,4,3,5,4,5,3,4,4,4,6,6,4,5,3,4,5,6,6,6,5,6
child_572,0,11,U14,mixed,low,good,strong,mild,high,excited,54,86,9,10,10,10,8,9,7,8,8,9,10,10,9,8,9,10,9,9,8,9,9,9,8,8,8,9,9,10,8,9,8,8,9,9,9,9,8,8,9,9,9,9,9,9,8,8,8,8,9,10,9,10,10,10,8,8,9,9,10,10,7,9,8,9,9,8,8,9,8,9,8,9,7,8,7,8,6,7,10,10,8,9,9,10,8,8,9,9,8,9,7,6,9,9,10,10,10,10,8,8,9,9,8,7,9,9,7,6,7,6,5,5,8,7,9,9,8,7,6,5,7,6,9,9,6,5,8,8,10,10,9,9,10,10
child_573,0,14,U13,midfielder,medium,neutral,strong,mild,high,excited,45,78,8,7,9,8,7,6,6,7,8,9,9,8,9,10,9,10,8,9,6,7,6,8,7,8,7,8,7,8,6,7,7,9,7,9,6,8,6,7,6,8,7,9,8,8,7,7,7,8,9,9,9,10,8,9,8,8,9,9,9,9,8,9,8,9,9,10,8,9,7,8,9,10,6,7,7,8,6,7,9,10,8,8,9,10,7,8,9,9,8,9,6,5,7,7,8,9,9,9,7,8,8,9,6,6,7,7,6,5,6,5,5,4,6,5,8,9,7,6,5,4,7,6,8,8,5,4,6,7,9,10,7,8,8,9
child_574,0,13,U11,forward,low,neutral,strong,none,medium,excited,42,47,9,8,10,10,8,7,6,9,7,8,9,10,7,8,8,9,7,8,6,7,6,8,7,8,7,8,6,9,6,8,8,8,7,9,7,8,6,7,8,8,9,9,9,10,8,9,7,8,9,10,9,10,9,9,8,8,9,9,9,10,8,9,7,9,7,8,7,9,6,8,8,9,7,8,7,7,6,6,9,10,8,9,8,9,6,7,8,9,9,10,7,6,8,8,9,10,9,10,8,7,8,8,6,5,7,8,7,6,6,5,5,4,6,5,9,8,7,7,5,4,7,6,9,8,5,5,8,7,9,10,7,8,9,10
child_575,0,11,U13,mixed,medium,good,average,none,low,neutral,50,63,8,9,7,8,6,7,9,9,6,8,5,6,9,10,5,7,4,6,8,9,7,8,6,7,7,8,6,9,7,8,6,8,7,8,5,7,6,7,9,10,9,10,6,7,5,6,5,7,6,8,7,8,4,6,6,7,5,6,4,5,7,9,6,9,9,10,7,8,8,9,9,10,5,6,6,7,5,6,6,7,5,6,5,7,6,8,5,6,6,7,4,5,3,4,5,6,5,6,4,5,5,6,6,7,7,8,6,7,5,6,4,5,3,4,6,7,5,6,3,4,4,5,6,7,5,6,5,7,7,8,7,8,8,9
child_576,0,11,U11,defender,medium,good,strong,none,high,excited,52,90,9,8,10,10,8,7,8,8,9,9,10,10,8,8,10,10,9,9,9,8,9,9,10,9,9,9,9,9,10,9,9,8,10,9,10,9,9,8,10,9,10,9,10,9,9,8,9,8,10,10,10,9,10,9,9,8,10,9,10,9,9,8,8,8,8,8,9,8,9,8,9,8,9,8,8,8,7,7,10,10,8,9,10,9,9,8,10,9,10,9,8,7,9,8,10,10,10,9,8,7,9,8,7,6,9,8,7,6,7,6,6,5,8,7,9,8,7,6,5,5,8,7,10,9,7,6,9,8,10,9,9,8,10,9
child_577,0,13,U13,goalkeeper,high,good,average,none,high,neutral,49,97,9,10,6,6,5,5,9,9,8,9,5,5,10,10,7,8,6,7,8,9,7,8,8,8,8,8,8,9,7,7,9,9,9,9,7,8,8,8,8,9,9,10,7,8,6,7,5,6,6,7,7,8,4,5,6,7,5,6,4,5,9,9,8,9,10,10,8,8,9,9,10,10,9,9,7,8,6,7,7,8,6,7,6,7,8,9,7,8,7,8,5,6,7,7,4,4,3,4,2,3,3,4,3,3,6,7,5,5,5,5,2,3,2,2,3,3,3,3,1,2,4,5,5,6,4,5,2,3,5,5,6,6,6,6
child_578,0,13,U12,forward,low,neutral,isolated,frequent,medium,excited,47,0,8,9,7,10,5,9,4,8,6,9,4,7,9,10,8,9,7,8,6,7,5,8,5,7,4,8,6,9,3,6,5,7,3,9,4,7,5,6,3,9,3,9,4,8,5,7,4,8,3,7,7,8,4,6,4,8,3,7,3,8,6,9,5,9,9,10,6,8,5,7,7,9,5,8,5,7,5,6,9,10,8,9,7,8,6,7,7,8,7,9,5,6,4,7,6,7,5,6,4,5,3,4,5,6,5,6,6,5,5,5,3,4,2,3,6,7,4,6,2,3,5,6,7,8,5,6,4,5,5,6,6,7,6,7
child_579,0,12,U11,goalkeeper,high,bad,average,frequent,medium,excited,45,22,6,7,5,8,4,6,6,7,9,10,5,5,8,9,9,10,9,10,2,8,2,7,3,8,3,8,4,8,2,6,4,7,2,8,4,7,3,6,1,9,1,9,5,6,4,6,4,5,5,6,5,6,4,5,4,6,5,6,5,6,7,9,7,8,8,9,5,7,8,9,6,7,7,8,6,7,6,7,10,10,8,9,9,10,7,8,8,9,7,8,6,5,5,7,4,5,4,5,3,6,3,5,4,5,4,6,5,6,5,6,4,5,3,4,4,5,3,4,2,3,4,4,6,6,3,4,4,5,4,5,6,7,6,7
child_580,0,12,U14,forward,medium,good,average,none,high,neutral,49,63,8,9,7,8,6,7,7,8,7,9,8,9,7,8,6,8,5,7,8,9,7,8,8,8,7,8,8,9,7,8,7,8,8,9,7,8,7,8,6,8,8,9,7,8,7,8,6,7,6,8,8,8,7,8,6,8,5,7,6,8,7,9,7,9,7,8,7,9,8,9,7,8,6,8,6,7,5,7,6,9,5,8,5,8,7,8,6,8,6,9,6,7,7,8,7,8,6,7,6,8,5,8,5,7,7,8,6,7,5,6,5,5,4,5,6,7,5,6,4,5,6,6,7,7,5,5,6,6,7,8,6,8,6,7
child_581,0,13,U12,goalkeeper,medium,good,strong,none,low,excited,25,73,8,9,9,10,6,7,8,9,7,8,9,8,5,6,9,10,9,9,8,9,8,9,7,8,7,8,8,9,8,9,8,8,9,9,8,9,8,8,9,9,9,9,9,10,9,9,8,8,9,9,9,9,8,7,8,8,9,9,9,9,8,7,7,8,6,6,7,7,8,8,7,7,7,6,6,7,5,6,9,10,8,9,9,9,7,7,8,8,8,8,6,5,7,7,6,5,6,5,5,4,4,4,5,4,6,5,5,4,5,4,4,3,3,2,6,5,4,4,3,3,5,5,8,8,5,4,6,5,8,9,7,8,8,9
child_582,0,13,U11,forward,high,neutral,average,mild,medium,happy,41,55,9,9,10,10,8,8,6,7,7,8,9,9,8,8,7,8,6,7,6,7,7,7,7,8,7,8,6,7,6,7,7,8,7,8,5,6,6,7,7,8,8,9,7,8,6,7,6,7,7,8,8,9,9,9,7,8,8,8,8,9,7,8,7,9,8,8,6,7,6,7,7,8,6,7,5,6,5,6,7,8,5,6,7,8,6,7,7,8,6,7,6,5,7,8,8,9,8,9,7,7,9,9,6,5,7,8,5,5,5,5,6,6,7,8,8,9,6,6,5,5,6,7,9,9,6,6,8,8,9,9,7,8,8,8
child_583,0,13,U14,forward,medium,good,strong,mild,low,excited,26,73,9,10,8,9,7,7,6,8,8,9,8,7,10,10,9,9,8,8,9,9,9,9,8,8,8,9,8,9,9,8,8,7,9,8,8,8,9,8,9,9,9,10,9,8,7,7,8,8,9,9,9,9,8,7,9,8,9,8,9,8,8,9,8,9,10,10,8,8,7,8,9,9,8,8,7,7,7,7,10,10,9,8,9,9,8,8,9,9,9,9,7,6,8,7,7,6,7,6,6,5,7,6,6,5,7,6,5,4,5,4,5,4,5,3,6,5,5,4,5,4,6,5,7,6,5,4,6,5,7,7,8,9,8,9
child_584,0,12,U14,goalkeeper,low,good,strong,mild,low,excited,57,42,8,6,6,7,5,5,5,8,7,9,4,3,7,8,9,10,9,9,9,8,8,7,7,8,8,8,8,9,8,7,9,8,9,7,8,7,9,8,9,10,9,10,9,9,8,8,7,7,9,9,9,9,4,3,8,8,8,9,8,7,8,8,7,9,8,8,7,7,7,8,7,8,6,7,7,6,6,5,9,9,8,8,9,9,8,7,8,8,8,8,6,5,5,6,4,3,4,3,3,2,2,1,5,4,6,5,5,4,5,4,3,2,2,1,4,3,3,2,2,1,5,4,6,5,3,2,4,3,6,5,7,8,7,8
child_585,0,11,U14,defender,low,good,strong,frequent,high,neutral,53,66,8,9,9,10,7,8,6,7,7,8,9,9,7,8,5,6,5,6,9,9,8,9,7,8,8,8,7,8,8,8,8,8,9,9,7,7,8,8,9,9,9,9,9,9,6,7,7,8,8,9,9,9,8,8,7,8,8,9,8,9,7,8,7,9,6,8,7,8,6,7,7,8,6,7,6,7,5,6,5,6,5,6,6,7,5,6,7,8,6,7,5,6,5,6,8,8,8,8,6,7,7,8,5,5,6,7,5,5,5,5,4,4,5,5,7,7,6,6,5,5,6,6,7,8,5,5,6,7,7,8,8,8,8,8
child_586,0,14,U11,goalkeeper,medium,neutral,strong,mild,low,excited,11,68,9,9,8,10,6,7,8,8,7,9,8,7,7,8,9,8,8,7,6,7,7,8,7,7,7,8,6,8,8,8,6,7,7,9,7,8,7,6,7,8,8,7,9,9,8,8,8,9,8,9,9,9,7,6,8,8,9,9,9,9,7,8,7,7,8,8,7,8,8,8,6,7,6,7,6,7,5,6,9,9,8,8,9,8,7,6,8,7,8,9,6,5,8,6,7,5,8,5,5,4,5,3,5,4,5,6,6,6,5,5,4,3,4,2,6,6,5,4,4,3,5,4,8,8,5,4,6,5,7,6,6,6,7,7
child_587,0,13,U13,forward,medium,neutral,strong,none,high,neutral,52,68,8,7,9,9,6,5,7,8,7,8,8,6,6,7,7,9,6,8,7,8,7,8,6,7,6,8,7,9,7,8,8,9,7,8,6,7,7,7,7,9,7,8,8,9,7,6,8,7,9,8,9,8,6,6,8,8,8,7,8,7,8,9,8,8,7,7,8,8,7,7,7,8,6,6,7,8,6,7,6,8,6,7,7,8,7,7,8,8,7,8,6,5,9,8,8,7,8,7,7,6,5,5,6,4,8,7,6,4,6,4,5,3,4,3,6,5,5,4,4,3,5,5,8,7,5,4,6,5,7,8,8,9,8,8
child_588,0,13,U13,midfielder,high,good,strong,none,high,frustrated,72,79,7,8,8,8,6,7,5,6,6,9,8,9,8,10,3,8,2,7,8,8,7,8,7,8,7,9,6,9,8,8,8,7,5,9,6,8,7,7,6,9,6,9,8,8,7,7,5,7,8,9,9,8,7,8,6,8,6,8,4,7,7,8,8,9,9,10,8,9,6,8,9,9,8,8,7,7,6,6,2,8,2,7,3,8,6,8,5,7,6,9,6,5,7,6,7,7,7,8,6,6,6,7,5,5,8,8,5,4,5,4,6,5,6,6,7,7,6,6,5,5,6,6,8,8,5,5,7,6,7,7,6,7,7,8
child_589,0,12,U14,forward,medium,neutral,average,mild,high,frustrated,90,24,4,7,6,8,4,6,5,7,7,9,5,6,3,5,3,8,2,7,5,7,5,7,4,6,4,7,4,8,5,7,5,8,3,9,4,6,5,7,2,9,2,9,5,7,4,6,3,5,5,8,6,9,4,5,4,7,3,5,2,6,5,8,6,8,3,5,6,8,7,8,5,6,5,7,6,8,5,7,2,9,3,8,3,8,5,6,6,8,5,7,5,6,5,7,4,6,4,6,3,5,3,5,4,5,5,6,4,5,4,5,3,4,2,4,4,6,3,5,2,4,4,5,4,6,3,4,3,5,4,6,5,7,5,7
child_590,0,14,U13,goalkeeper,high,good,average,none,medium,neutral,46,71,8,8,9,10,7,8,6,9,9,10,8,9,7,8,9,10,8,9,8,8,8,9,8,9,8,9,7,8,9,10,9,10,8,9,7,8,8,9,9,10,9,10,7,8,6,7,6,7,7,8,9,10,8,9,7,8,8,9,8,9,9,10,9,10,7,8,8,9,7,8,8,9,7,8,7,8,6,7,8,10,7,8,8,9,8,9,9,10,8,9,6,7,7,8,7,8,7,8,6,7,8,9,6,7,8,9,5,6,5,6,5,6,6,7,7,8,6,7,5,6,6,7,7,8,5,6,6,7,8,9,7,8,7,8
child_591,0,11,U13,defender,high,neutral,strong,none,low,excited,55,85,9,8,8,6,7,5,10,9,9,10,8,7,9,9,10,10,10,9,6,7,5,6,7,8,6,8,7,9,6,7,7,8,8,9,7,8,6,7,6,8,5,8,9,9,8,8,8,7,9,9,9,9,8,7,8,8,9,8,10,9,9,9,8,9,9,9,8,8,9,9,8,7,7,6,7,7,6,6,10,10,9,8,10,9,8,7,9,9,8,7,7,5,6,4,5,4,6,5,6,5,5,4,5,4,6,6,6,5,5,4,4,3,3,2,5,5,5,5,3,3,6,5,8,7,4,3,5,5,9,9,8,8,7,7
child_592,0,12,U11,midfielder,medium,neutral,strong,mild,medium,frustrated,59,29,5,8,8,9,6,7,5,7,6,8,7,8,4,6,3,7,2,5,5,6,5,7,4,6,5,6,5,7,5,5,6,7,3,7,4,5,4,6,3,7,2,8,8,9,7,8,6,7,8,8,7,7,8,9,6,7,7,7,5,6,4,6,5,7,4,5,5,6,6,8,5,7,5,7,5,6,4,5,3,8,2,7,3,8,5,6,4,7,5,6,3,4,6,7,6,8,7,8,5,6,5,7,4,5,5,6,6,6,5,5,3,4,3,4,5,6,4,5,2,3,4,5,7,8,4,5,3,4,5,6,5,6,6,7
child_593,0,14,U12,forward,low,neutral,average,mild,medium,neutral,58,63,7,8,8,9,6,7,8,9,7,8,6,7,9,10,6,8,5,7,6,7,6,8,6,8,7,8,7,9,6,7,6,7,5,8,6,7,6,7,5,8,5,8,6,7,5,7,5,6,7,8,8,9,5,6,6,7,6,7,6,6,7,8,7,9,9,10,7,8,8,9,8,9,6,7,6,7,5,6,5,6,6,7,5,7,6,7,6,7,7,8,5,6,6,7,6,7,6,7,5,6,6,7,5,6,6,7,5,6,5,6,4,5,3,4,6,7,4,5,3,4,5,6,6,7,5,6,4,5,7,8,6,7,6,7
child_594,0,11,U14,goalkeeper,low,good,average,none,medium,excited,58,75,8,9,7,6,6,5,7,8,8,9,7,6,8,8,9,10,9,10,9,9,8,8,9,9,8,8,8,9,8,8,8,8,9,9,8,8,8,7,9,9,9,9,7,7,7,6,7,6,8,8,8,8,6,5,7,6,8,8,9,8,8,9,9,9,8,8,8,8,8,7,8,8,8,8,8,7,7,6,9,10,8,8,9,9,8,8,9,9,8,8,7,5,8,6,6,5,6,5,5,4,5,4,6,5,7,6,6,5,6,5,5,4,5,4,7,6,6,5,5,4,6,5,7,6,5,4,6,5,7,6,6,5,7,6
child_595,0,13,U12,goalkeeper,low,good,average,none,medium,happy,41,71,9,9,8,8,7,6,6,7,6,8,9,9,5,5,6,7,5,6,8,9,8,8,8,7,7,8,7,8,8,8,7,7,9,8,7,7,8,8,9,9,9,9,8,8,7,7,6,6,7,7,8,8,9,8,7,6,8,7,8,8,7,8,7,8,5,5,7,8,8,8,6,7,6,7,5,6,5,6,7,8,6,7,6,7,8,8,7,7,7,7,6,5,7,6,9,8,9,8,6,6,7,7,5,5,8,8,5,5,5,5,4,4,3,3,6,6,5,5,3,3,5,5,7,8,4,4,6,6,8,9,7,8,8,9
child_596,0,14,U13,defender,medium,bad,average,mild,high,excited,36,67,9,8,5,6,4,5,8,7,8,9,6,5,7,8,9,9,9,8,2,9,3,9,2,8,3,8,2,9,3,8,4,6,3,10,2,8,2,7,1,9,1,9,6,7,5,6,4,5,5,6,7,8,4,5,5,7,6,7,7,8,6,6,7,7,8,8,6,7,7,6,6,5,6,5,4,5,3,4,9,9,7,8,8,9,5,6,7,8,6,7,5,3,5,4,4,5,5,5,3,4,2,3,5,4,6,5,5,4,5,4,2,2,2,3,4,5,3,2,2,1,5,6,6,7,4,3,5,4,6,7,5,6,5,6
child_597,0,11,U13,midfielder,low,neutral,strong,none,medium,excited,49,54,9,10,10,10,8,8,6,7,7,8,8,9,7,8,9,10,8,9,7,8,7,8,7,8,6,7,7,8,8,9,6,7,8,9,7,8,7,8,8,9,8,9,9,10,8,9,9,10,9,10,10,10,8,8,8,9,9,10,9,10,7,8,6,8,7,9,7,9,6,7,7,8,6,7,6,7,5,6,9,10,8,9,9,10,8,9,8,9,8,8,6,5,7,8,7,7,8,8,5,6,7,7,6,5,8,8,7,6,7,6,5,4,5,5,6,7,5,5,4,3,5,5,9,9,5,4,6,7,8,9,7,8,8,9
child_598,0,14,U14,midfielder,high,neutral,average,none,high,neutral,47,55,8,9,6,7,5,6,4,7,7,8,5,5,6,7,5,8,4,6,6,7,5,6,6,7,6,8,5,7,6,7,7,8,7,8,5,6,5,6,5,7,6,7,7,8,6,7,5,6,6,7,7,8,5,6,6,7,5,6,6,7,7,8,7,8,6,7,7,8,5,7,6,7,6,7,6,7,5,6,5,8,5,7,5,7,6,8,5,6,5,7,4,5,5,6,4,5,4,5,4,5,5,5,5,6,5,6,5,6,5,6,4,5,4,5,5,6,4,5,4,5,5,6,6,7,4,5,5,6,6,7,5,6,5,6
child_599,0,13,U13,defender,low,good,average,none,medium,excited,42,90,9,8,10,10,9,8,8,9,8,9,10,9,8,7,10,10,9,8,9,9,9,9,9,8,8,9,8,9,9,8,9,8,10,10,9,8,9,8,10,10,10,10,9,9,8,8,9,8,9,9,10,10,10,9,9,8,10,9,10,9,8,9,8,9,8,8,9,9,9,8,8,8,8,8,8,7,8,7,10,10,9,9,10,10,8,8,9,9,10,10,7,6,8,7,10,9,10,9,8,8,9,8,7,6,8,7,7,6,7,6,6,5,7,6,9,9,8,7,5,4,7,6,9,8,6,5,8,7,9,9,8,7,9,8
child_600,0,13,U14,goalkeeper,high,neutral,average,frequent,medium,excited,43,49,8,9,7,6,5,5,6,7,9,9,6,5,8,7,9,10,9,10,6,7,6,7,7,8,6,7,7,8,5,6,7,8,8,9,7,8,6,6,7,8,6,7,5,6,4,5,5,6,6,7,7,7,5,5,6,7,8,8,8,9,7,8,7,8,8,8,6,7,8,9,8,9,7,8,6,7,6,7,9,10,8,9,9,10,6,7,8,9,7,8,5,5,7,6,5,5,5,5,4,5,5,5,6,6,6,6,6,6,5,5,4,4,3,3,5,5,6,6,4,4,6,5,8,7,5,5,6,6,7,7,5,5,6,6
child_601,0,12,U13,forward,medium,neutral,average,none,high,excited,26,100,9,10,10,10,8,7,10,9,8,9,8,7,7,6,10,10,10,9,7,7,7,8,8,8,8,8,8,9,8,7,8,8,9,8,9,9,7,6,8,7,8,8,8,8,7,6,8,7,9,8,9,9,7,6,8,7,9,8,9,8,9,10,9,9,6,5,8,8,9,9,8,7,9,8,8,8,7,7,10,10,9,8,10,9,8,8,9,9,8,8,7,6,10,10,7,6,8,7,6,5,5,4,6,5,8,7,6,5,6,5,4,3,5,4,7,6,5,4,3,2,7,6,8,7,5,4,5,5,9,8,8,8,9,9
child_602,0,14,U13,midfielder,high,good,strong,none,low,frustrated,92,64,5,7,8,9,6,8,9,9,7,10,6,5,8,8,4,10,4,9,7,8,8,8,6,9,6,8,7,9,8,6,7,8,6,9,7,8,8,7,5,10,5,9,8,9,6,8,5,7,8,9,7,8,4,5,6,7,6,6,6,7,7,8,8,9,7,9,7,8,8,9,7,7,6,8,6,6,5,5,4,10,4,9,5,10,6,6,5,8,5,7,5,6,7,5,5,5,6,5,4,6,5,5,6,4,7,5,7,4,6,3,4,2,3,3,5,5,4,4,4,2,5,4,6,8,4,4,5,6,5,7,5,5,6,6
child_603,0,13,U13,mixed,low,bad,strong,frequent,low,excited,25,26,7,8,9,10,5,7,6,9,7,8,6,7,6,8,8,9,7,8,2,9,3,8,3,7,4,8,4,9,3,8,4,9,2,9,3,7,3,8,2,9,2,9,8,9,7,8,7,8,9,10,9,9,5,6,8,8,9,8,9,8,6,9,6,10,6,8,6,8,7,8,7,8,6,9,6,8,5,7,8,9,7,8,8,9,7,8,8,8,8,8,6,7,5,6,4,6,4,6,3,5,3,5,4,5,4,6,5,6,5,5,3,4,3,5,5,6,4,5,3,4,4,5,7,8,5,5,6,6,5,6,6,7,6,7
child_604,0,14,U14,mixed,medium,bad,isolated,none,low,excited,11,18,9,9,4,5,3,4,7,8,8,9,3,4,8,7,9,10,9,10,2,9,2,8,2,8,3,7,2,8,1,7,4,6,3,8,3,7,3,5,2,9,2,9,2,7,3,5,4,6,2,6,5,7,2,5,3,7,3,6,2,6,8,8,6,8,7,8,6,7,7,8,7,8,6,7,6,7,5,6,10,10,9,9,9,9,7,8,8,9,8,9,6,5,4,6,3,4,3,4,2,3,2,3,5,5,4,5,5,5,5,5,4,4,2,3,3,4,2,3,2,3,3,4,6,7,3,4,3,4,3,5,2,5,2,5
child_605,0,13,U14,defender,medium,neutral,strong,frequent,high,excited,43,51,8,9,6,5,5,4,7,8,9,9,9,10,10,10,9,8,8,7,6,7,6,7,5,6,7,8,7,8,5,6,8,9,5,6,6,7,7,7,4,8,5,9,8,9,7,8,6,7,9,10,9,9,8,9,8,8,9,8,9,8,9,10,8,9,10,10,8,9,7,8,9,9,8,8,7,8,7,8,9,10,7,7,8,8,6,7,8,9,7,8,5,5,7,6,8,7,8,7,6,6,7,7,5,5,6,6,6,5,5,5,4,4,5,5,7,6,5,5,4,4,6,6,8,8,5,5,6,6,8,8,6,7,7,7
child_606,0,13,U13,midfielder,low,good,average,none,medium,happy,54,59,8,9,9,10,6,7,7,8,5,6,7,7,8,9,5,5,4,4,8,9,7,8,7,8,8,8,7,8,6,7,8,8,9,9,7,8,8,8,9,9,9,9,7,8,6,7,5,6,6,7,7,8,5,6,6,7,6,7,6,7,7,8,7,9,8,9,7,8,8,9,7,8,6,7,5,6,4,5,5,6,6,6,5,6,6,7,6,7,5,6,6,5,7,7,8,8,7,7,5,5,4,4,5,5,6,7,5,5,5,5,4,4,3,3,6,7,5,6,3,3,5,6,6,6,4,4,5,5,8,9,7,7,7,7
child_607,0,12,U11,defender,low,good,average,none,low,excited,19,75,9,9,10,10,8,7,8,9,7,8,7,6,8,8,9,10,8,9,9,8,9,8,9,8,8,8,9,9,9,8,8,7,9,8,9,9,9,8,9,8,9,8,8,8,8,7,7,7,8,8,9,9,7,6,8,7,9,8,9,8,8,9,7,8,8,8,7,8,8,9,7,7,8,8,7,6,6,6,9,10,8,9,9,9,8,7,8,9,9,9,6,5,9,8,8,7,8,6,6,6,6,5,5,4,7,7,6,5,5,4,4,3,5,4,6,5,5,4,3,2,5,5,8,7,4,4,6,5,9,8,8,7,8,7
child_608,0,13,U12,forward,medium,neutral,average,none,low,excited,35,65,8,7,6,9,5,6,9,9,7,8,5,4,8,8,9,10,9,9,6,7,5,6,7,8,6,8,7,9,6,5,5,7,6,8,5,6,5,7,5,7,5,6,7,8,6,7,6,7,7,9,7,8,4,3,6,6,7,7,7,6,8,9,7,9,8,8,7,7,9,10,7,8,8,8,7,7,6,6,9,10,8,9,9,9,7,7,8,9,8,8,5,4,6,6,4,3,4,3,3,2,3,2,4,3,5,5,5,4,5,4,3,2,2,2,3,2,2,1,2,1,3,2,6,7,3,3,3,3,3,3,5,5,5,5
child_609,0,14,U11,forward,high,neutral,isolated,mild,low,excited,21,38,8,8,9,9,7,8,5,7,8,9,6,8,9,10,9,9,8,8,6,7,5,7,6,7,6,8,5,9,5,7,7,8,5,9,6,8,7,7,4,8,4,8,5,8,5,7,4,7,5,8,6,8,7,9,5,7,7,8,8,9,7,8,8,9,9,10,8,9,5,7,8,9,6,8,6,7,5,6,9,10,6,7,8,9,7,7,8,9,8,8,5,6,4,5,6,7,7,8,6,7,5,6,5,5,6,6,4,4,4,4,5,5,4,4,6,7,5,5,4,5,5,5,7,8,4,4,6,7,8,9,5,6,6,7
child_610,0,14,U14,forward,low,neutral,strong,mild,medium,neutral,44,38,6,8,9,9,7,8,5,7,6,8,8,9,5,7,4,6,3,5,5,6,6,7,4,6,5,7,5,7,6,6,6,7,4,5,5,6,6,6,5,6,7,8,9,9,6,7,7,8,8,8,9,9,8,8,7,7,8,8,7,8,5,7,6,8,5,8,5,7,5,6,6,7,5,6,5,6,4,5,3,6,5,7,4,6,5,6,6,7,5,7,6,5,7,7,8,9,8,9,6,6,7,8,5,5,6,7,4,5,5,5,4,5,3,4,8,8,5,6,4,5,5,6,7,8,4,5,5,7,9,9,6,7,7,8
child_611,0,13,U12,goalkeeper,medium,good,strong,none,medium,neutral,61,76,8,9,9,10,7,8,8,8,7,9,9,9,6,7,6,7,5,6,8,9,8,8,7,8,7,9,7,9,8,9,8,8,8,8,7,8,7,7,7,8,8,9,9,9,8,8,8,8,9,9,9,9,9,10,8,8,8,9,8,9,7,8,8,9,7,8,8,9,8,8,7,8,7,8,6,7,6,7,6,8,5,7,6,8,7,8,7,8,7,8,5,6,6,7,8,9,8,9,7,8,8,8,6,7,8,9,6,7,6,7,5,6,5,6,6,7,5,6,5,6,6,7,7,8,5,6,6,7,8,9,7,8,8,9
child_612,0,12,U13,goalkeeper,medium,neutral,average,mild,low,frustrated,82,7,6,8,7,9,6,7,5,9,8,10,7,8,9,9,4,10,3,9,5,7,6,8,5,8,6,8,5,9,5,8,6,9,4,9,5,8,5,7,3,10,2,10,6,8,5,7,4,8,5,9,7,9,8,8,6,9,5,8,4,8,7,8,8,9,9,10,7,9,6,8,8,8,5,8,6,7,5,6,3,10,2,8,4,10,6,9,5,9,5,8,6,6,4,7,7,7,7,7,5,6,6,6,6,5,5,5,5,4,4,4,3,3,2,3,7,6,6,5,3,3,6,5,7,6,5,5,5,6,6,7,5,6,6,7
child_613,0,13,U11,defender,medium,good,average,none,high,excited,23,90,9,10,10,10,7,8,8,9,8,9,8,8,8,9,9,10,9,10,9,10,9,9,8,9,8,9,8,9,9,10,9,9,9,10,8,9,8,8,9,10,9,10,8,9,8,8,8,9,8,9,9,9,7,7,8,8,9,9,9,10,8,9,9,10,8,9,8,9,9,10,9,9,8,8,7,8,7,8,9,10,9,9,9,10,8,9,9,10,9,9,7,6,10,9,8,7,8,8,8,8,7,6,7,6,8,7,7,6,7,6,6,5,6,5,8,8,6,5,5,4,6,5,9,10,6,5,7,6,9,9,8,8,9,9
child_614,0,12,U11,midfielder,low,good,average,none,low,neutral,52,70,8,9,9,10,7,8,9,10,6,8,7,8,9,10,5,7,4,6,8,9,7,8,6,7,8,9,7,8,8,9,7,8,8,9,6,7,7,8,8,9,8,9,7,8,6,7,5,6,6,7,8,9,5,6,6,7,7,8,6,7,7,8,8,9,9,10,7,8,8,9,9,10,6,7,6,7,5,6,5,7,4,5,5,6,6,7,7,8,6,7,5,6,5,6,8,9,7,8,6,7,6,7,5,6,7,8,6,7,5,6,4,5,3,4,8,9,7,8,3,4,6,7,8,9,5,6,4,5,7,8,7,8,8,9
child_615,0,11,U11,mixed,low,neutral,strong,mild,low,excited,32,52,9,8,10,10,8,9,5,7,6,8,9,9,10,10,9,8,7,7,6,7,6,7,6,8,6,8,6,9,7,8,7,8,6,8,6,7,6,7,7,9,7,9,9,9,8,8,8,8,9,9,9,9,10,10,8,8,9,9,9,9,7,8,8,9,9,10,8,9,5,7,9,9,6,8,7,8,6,7,8,9,7,8,8,9,7,8,7,8,8,9,5,6,5,7,10,9,10,9,7,7,8,8,6,6,7,7,5,6,5,6,4,5,5,6,8,8,6,7,4,5,7,7,9,9,6,7,8,8,10,10,7,7,9,9
child_616,0,14,U14,midfielder,high,good,isolated,mild,low,happy,42,60,9,9,6,7,5,6,7,8,8,9,4,5,8,8,6,7,5,6,8,8,7,7,8,9,8,8,7,8,8,9,6,7,7,8,7,8,7,7,8,8,9,9,4,5,5,6,4,5,5,6,8,9,5,6,6,7,5,6,5,6,6,7,8,9,8,9,7,8,6,7,7,8,6,7,5,6,5,6,7,8,6,7,7,8,6,7,7,8,6,7,5,6,4,5,6,7,6,7,5,6,5,6,6,7,7,7,6,7,6,7,4,5,5,6,6,7,5,6,4,5,6,7,7,8,4,5,5,6,6,7,7,8,6,7
child_617,0,14,U13,mixed,low,good,average,mild,high,excited,19,99,9,8,10,9,8,7,8,8,8,9,9,8,7,7,10,10,9,9,9,9,9,8,9,8,9,8,8,9,9,8,8,9,9,8,8,8,9,8,9,9,9,9,7,7,6,6,7,6,8,8,8,9,8,8,8,8,9,9,10,9,9,9,8,9,7,8,9,9,8,8,8,8,8,7,7,7,7,7,10,10,9,8,10,9,8,8,9,9,9,8,7,7,9,8,9,8,9,8,8,8,9,8,7,6,9,8,6,5,6,5,5,4,6,5,8,8,7,7,5,4,6,5,9,8,5,4,7,6,10,10,9,9,9,8
child_618,0,13,U12,mixed,high,good,strong,none,medium,frustrated,52,90,8,10,7,8,6,7,9,9,8,10,9,10,7,8,5,9,4,8,8,9,8,8,7,9,7,9,8,10,8,9,7,8,7,8,6,9,8,8,5,9,6,9,8,9,8,8,7,8,8,9,9,9,8,9,7,8,7,8,6,8,7,9,8,10,7,9,8,9,9,10,7,8,6,8,7,8,6,7,4,9,3,8,5,9,6,8,7,9,6,8,5,6,6,7,8,9,7,8,6,7,6,7,5,6,6,7,5,5,5,5,4,4,4,5,7,8,5,6,4,4,5,5,7,8,4,5,6,7,8,9,7,8,8,9
child_619,0,13,U12,forward,low,neutral,strong,none,medium,neutral,61,26,6,7,9,10,7,6,5,6,5,8,7,6,5,7,4,9,3,8,6,7,6,6,5,8,5,7,6,8,6,7,5,6,7,8,4,5,5,5,4,9,6,8,9,9,7,7,7,7,8,9,8,8,5,6,6,7,6,7,5,6,5,8,5,7,4,6,5,7,4,7,5,6,6,7,4,5,3,5,3,9,4,6,4,7,5,6,6,7,5,6,4,5,6,8,5,6,5,6,4,5,3,4,5,5,6,6,4,4,4,4,3,3,3,3,5,5,3,4,2,2,4,4,6,7,3,4,5,6,7,8,6,7,7,8
child_620,0,12,U11,goalkeeper,medium,good,average,mild,high,frustrated,52,54,6,8,4,5,3,4,6,7,8,9,5,6,7,8,3,8,2,7,8,9,7,8,6,7,6,8,7,9,7,8,8,9,4,9,5,7,6,7,5,9,3,10,4,7,5,6,3,6,5,6,6,7,4,5,5,7,3,6,2,5,5,8,6,8,7,8,6,7,5,7,6,8,5,7,4,6,4,6,2,9,3,8,2,8,5,7,6,8,5,7,5,5,4,6,4,5,5,6,3,5,2,4,5,5,6,7,5,5,4,5,3,4,2,3,5,6,3,4,2,3,4,5,3,4,4,5,3,4,4,5,5,6,6,7
child_621,0,11,U12,forward,medium,neutral,average,none,low,neutral,53,39,8,10,9,10,7,8,6,9,5,7,8,9,7,8,6,8,5,7,6,7,5,6,5,7,6,7,5,8,6,7,6,8,6,8,5,6,5,7,5,9,5,9,7,8,7,8,6,7,7,9,8,9,8,9,6,7,7,8,7,8,6,8,7,9,7,8,7,9,6,8,6,7,5,6,5,6,5,6,6,8,5,7,6,7,6,8,6,7,6,8,5,5,5,6,8,9,8,9,7,8,7,8,5,5,5,6,5,5,5,5,4,4,5,6,8,9,6,7,4,4,5,6,8,9,5,5,6,7,9,10,6,6,7,8
child_622,0,13,U13,mixed,low,neutral,isolated,none,high,anxious,55,33,8,9,7,9,6,8,5,7,6,8,4,6,9,10,5,6,4,5,6,7,5,6,5,6,6,7,5,7,5,7,5,6,6,8,6,7,6,6,6,8,6,8,4,7,3,5,5,6,3,6,6,8,4,5,5,6,5,7,4,5,6,8,6,9,9,10,6,8,5,7,8,9,5,7,5,6,4,5,4,5,4,5,5,6,5,6,5,6,5,6,5,5,6,7,4,5,3,4,3,4,3,4,5,6,6,7,5,6,5,6,4,5,3,4,4,5,3,4,2,3,4,5,6,7,5,6,5,6,3,4,4,5,4,5
child_623,0,11,U13,forward,high,neutral,average,none,low,excited,25,52,8,9,9,10,6,7,7,8,8,9,7,6,8,9,9,10,9,10,6,6,7,7,7,8,6,7,5,7,6,6,7,7,6,8,7,7,5,6,6,7,6,7,7,7,7,7,6,6,7,8,8,8,6,6,7,7,8,8,8,9,7,8,8,9,8,9,7,8,7,8,7,8,7,8,6,6,5,5,9,10,8,9,9,10,7,7,8,9,8,8,6,6,7,7,5,5,6,6,5,5,6,6,5,5,7,7,5,5,5,5,4,4,3,3,6,6,4,4,3,3,5,5,6,6,4,4,5,5,7,7,6,6,7,7
child_624,0,12,U11,mixed,medium,neutral,strong,mild,low,frustrated,63,21,5,8,7,8,4,6,6,8,7,9,8,8,5,6,3,8,2,7,5,6,5,6,4,7,6,7,5,8,5,6,7,7,4,9,5,7,5,6,3,9,4,9,8,8,6,7,5,7,7,8,8,7,6,8,5,7,4,7,3,8,6,9,6,9,5,6,6,8,5,7,6,7,5,8,7,8,6,7,3,8,2,7,4,8,5,7,5,6,6,7,4,5,2,6,6,7,5,6,6,7,5,6,5,5,6,7,5,6,5,5,4,4,3,4,6,7,5,6,4,4,5,5,6,7,4,4,5,6,6,8,5,7,6,8
child_625,0,11,U12,goalkeeper,high,neutral,average,none,low,anxious,62,45,7,9,8,9,7,7,6,8,5,8,8,10,5,6,6,7,5,6,6,7,6,8,5,7,6,7,6,8,5,8,6,7,5,8,5,6,5,6,5,8,5,8,7,8,6,8,6,7,7,8,8,9,6,9,7,8,7,8,7,8,6,9,6,8,5,6,6,8,6,8,5,6,5,6,5,6,5,6,6,7,5,6,6,8,5,7,6,8,6,8,5,5,5,6,7,8,6,7,5,6,5,6,5,5,6,7,5,5,5,5,5,5,5,5,6,6,6,6,4,4,5,5,6,7,5,5,6,6,7,7,6,7,6,7
child_626,0,11,U14,goalkeeper,medium,neutral,average,none,high,excited,27,75,8,8,9,9,7,6,9,8,8,10,7,5,8,7,9,10,9,9,7,8,7,7,8,9,8,8,8,9,7,6,8,8,8,8,7,8,7,7,8,8,8,9,7,8,8,7,8,7,8,8,9,9,7,6,8,8,9,9,9,9,8,9,8,9,8,7,8,8,9,8,7,6,8,7,8,8,7,7,9,10,8,9,9,10,8,9,9,10,8,9,7,6,8,7,6,5,7,6,6,5,5,4,6,5,7,6,5,5,5,5,4,3,4,3,5,4,5,5,3,2,6,5,8,7,5,4,6,5,7,6,7,7,8,8
child_627,0,13,U13,defender,low,good,average,none,low,frustrated,59,27,4,7,5,6,4,5,6,7,8,9,5,6,7,8,3,8,2,7,8,9,7,8,5,7,6,8,6,9,7,8,7,8,6,9,5,8,6,7,8,9,7,9,6,7,5,6,4,7,5,7,7,8,4,6,5,8,3,6,2,5,5,7,6,8,7,8,5,7,6,7,6,8,5,6,6,7,5,6,3,9,4,8,3,9,5,7,4,8,3,8,5,5,4,6,4,5,4,5,3,4,3,4,5,6,5,6,6,5,6,5,4,3,3,2,5,4,4,3,3,2,4,5,5,6,3,4,4,5,4,5,6,5,5,5
child_628,0,11,U14,midfielder,low,good,isolated,none,low,excited,35,72,8,9,7,8,5,7,9,9,8,8,4,6,8,8,9,10,9,9,9,10,9,9,8,8,9,8,8,9,9,9,9,9,9,10,8,8,9,9,9,9,9,10,6,8,5,7,6,8,5,7,7,8,4,6,5,7,7,8,7,8,8,9,9,10,8,9,8,9,8,9,8,9,9,9,8,8,7,7,9,10,8,9,9,10,8,8,9,9,8,8,5,6,6,7,5,6,5,6,5,6,6,7,5,5,5,5,6,6,5,5,5,5,4,5,6,6,4,5,4,5,5,6,6,7,5,6,4,5,7,8,7,8,7,8
child_629,0,13,U14,midfielder,medium,good,strong,none,medium,excited,23,58,8,9,9,10,7,6,6,8,8,9,9,8,7,8,9,10,8,9,9,9,8,9,8,9,7,8,8,9,9,8,8,9,9,8,8,9,8,8,9,9,9,9,9,9,9,8,8,7,9,9,9,8,7,6,8,8,9,9,9,10,8,9,8,9,8,8,8,9,7,8,7,8,8,9,7,8,7,7,9,10,8,8,9,9,8,8,9,9,9,9,7,6,8,8,7,7,8,7,6,6,7,6,6,6,8,8,7,6,6,6,5,5,5,5,8,7,6,5,5,4,6,5,7,7,5,4,6,5,7,7,7,7,7,7
child_630,0,13,U14,forward,medium,good,strong,none,low,excited,46,49,8,9,7,7,6,5,5,8,7,9,9,6,8,8,9,9,8,9,9,9,8,8,8,7,8,8,8,9,9,9,9,8,9,8,9,8,9,8,9,9,9,9,9,9,8,7,9,6,9,9,9,9,6,5,8,8,8,8,8,8,9,9,9,9,8,8,9,9,8,8,8,8,8,8,8,8,7,7,9,10,8,8,9,9,8,7,9,9,9,8,6,5,8,7,5,5,5,5,4,4,4,3,5,4,6,5,5,4,5,4,3,2,3,2,4,3,3,3,2,1,6,6,7,7,5,5,6,6,7,6,8,7,8,7
child_631,0,12,U14,goalkeeper,medium,good,average,none,high,excited,38,69,9,8,6,5,5,4,7,6,8,9,8,7,9,8,10,10,9,10,8,9,8,8,9,9,8,8,9,9,7,7,9,9,9,8,8,9,8,8,9,9,9,9,7,8,8,7,8,7,9,9,8,9,8,8,9,8,10,9,10,10,8,9,9,9,9,8,8,9,7,8,9,8,8,8,7,7,7,7,10,10,9,9,10,10,8,9,9,9,8,8,6,5,9,8,7,6,7,6,6,5,6,5,5,4,8,7,6,5,6,5,4,3,3,2,4,3,5,4,3,2,5,4,7,6,4,3,5,4,9,9,8,8,8,8
child_632,0,12,U11,forward,high,good,strong,mild,medium,excited,39,98,9,8,7,6,5,5,8,9,9,10,7,5,8,9,10,10,10,10,8,8,8,8,9,9,9,9,8,9,8,7,8,9,9,9,8,8,8,8,9,9,9,9,9,8,7,6,8,7,9,8,9,9,6,5,8,8,10,9,10,10,9,9,9,10,8,9,8,9,9,8,7,7,7,7,8,8,7,7,10,10,8,9,10,10,8,7,9,9,9,8,6,5,8,7,7,6,7,6,5,5,6,5,7,6,8,7,6,5,6,5,5,4,4,4,7,6,5,4,3,3,6,5,8,8,5,4,6,5,8,8,7,6,8,7
child_633,0,14,U11,midfielder,medium,bad,strong,none,high,happy,51,40,7,8,6,5,4,3,5,9,6,9,7,5,5,6,5,8,5,7,2,10,2,10,2,8,3,9,3,9,3,9,5,7,2,9,3,8,2,10,2,10,2,10,8,9,8,8,7,7,8,8,9,9,5,4,6,8,7,8,6,7,7,8,7,10,5,6,6,8,7,9,6,7,7,8,6,7,5,6,5,8,6,7,6,9,6,6,5,8,7,9,4,3,5,4,4,2,4,2,3,2,3,1,3,2,3,2,4,2,3,1,2,1,2,1,3,2,2,1,1,1,2,1,4,4,2,2,2,1,3,2,6,7,7,8
child_634,0,12,U11,midfielder,high,neutral,strong,none,medium,neutral,56,96,8,9,9,10,7,8,9,9,8,8,9,10,7,8,8,9,7,7,6,7,6,8,6,8,7,8,6,8,5,6,5,7,6,7,5,7,5,6,5,6,5,7,8,9,8,9,8,8,9,9,9,9,8,9,7,8,8,9,9,10,8,9,8,8,7,8,8,9,9,9,7,8,8,9,7,7,6,7,8,9,7,8,8,9,6,7,8,8,7,8,6,5,6,6,9,9,8,8,7,7,8,8,6,5,7,8,6,5,6,5,5,4,6,5,8,9,6,5,5,4,7,6,9,9,5,4,7,6,8,9,7,8,8,9
child_635,0,12,U14,midfielder,medium,good,average,frequent,medium,happy,55,51,8,9,9,10,6,7,7,8,7,9,7,8,5,6,7,8,6,7,8,10,8,9,7,8,7,8,8,9,8,9,8,9,9,10,8,9,8,8,8,9,9,10,6,8,6,7,5,6,7,8,8,9,6,7,6,7,5,6,6,7,8,9,7,8,5,6,8,9,7,8,6,7,6,7,7,8,6,7,7,9,6,7,7,8,6,7,7,8,8,9,5,6,6,7,6,7,6,7,5,6,5,6,5,6,8,9,6,7,6,7,5,6,4,5,5,6,4,5,4,5,5,6,7,8,4,5,5,6,5,6,6,7,6,7
child_636,0,12,U13,mixed,medium,neutral,average,none,medium,frustrated,70,27,5,8,7,9,6,7,4,6,8,9,5,6,6,8,3,9,2,8,5,7,4,7,4,7,5,7,5,8,6,7,6,8,5,8,4,6,5,7,2,9,3,8,6,8,6,7,5,7,5,8,6,8,5,7,4,7,5,6,3,7,5,7,5,9,6,8,6,8,4,7,5,6,5,7,4,6,3,6,2,9,3,8,3,9,5,7,4,8,4,7,5,6,6,6,5,6,5,6,4,7,3,6,5,6,5,7,6,5,5,5,4,4,3,5,5,6,5,4,4,4,3,5,7,7,5,5,4,6,4,7,6,6,5,6
child_637,0,11,U13,mixed,high,good,average,frequent,high,excited,56,80,9,10,10,10,8,9,7,8,9,9,10,10,10,10,10,10,9,8,8,9,8,9,9,9,9,9,8,8,8,9,9,8,9,8,9,8,9,8,9,8,9,8,7,8,6,8,8,9,7,9,9,9,9,10,8,8,9,9,9,9,8,9,9,10,10,10,9,9,8,8,9,9,8,8,7,8,6,7,10,10,8,8,9,9,8,8,9,9,9,9,7,6,9,8,10,10,10,10,8,8,9,9,7,7,8,8,7,6,6,6,5,5,4,4,9,9,8,8,6,5,8,7,9,9,5,5,8,8,10,10,9,9,9,9
child_638,0,13,U13,midfielder,high,good,average,none,high,excited,32,100,9,8,8,7,7,6,9,9,10,10,8,8,9,9,10,10,10,9,9,9,8,9,10,10,9,9,9,9,10,9,10,10,9,8,10,10,9,9,10,10,10,10,8,8,7,7,8,7,8,8,10,10,9,8,8,8,9,9,10,10,9,9,10,10,9,9,10,10,9,9,8,8,9,9,8,8,7,7,10,10,9,9,10,10,8,8,10,10,9,9,7,6,8,8,8,8,9,8,8,7,9,8,7,6,9,9,6,5,6,5,5,4,4,3,7,6,5,4,3,2,5,5,7,6,4,3,6,5,10,10,8,8,9,9
child_639,0,13,U13,forward,medium,neutral,average,none,high,excited,55,63,8,9,7,8,6,7,7,8,9,9,8,9,7,8,9,10,8,9,6,7,6,8,7,8,7,8,7,9,6,7,8,9,8,9,7,8,6,7,5,8,7,9,7,8,7,7,6,6,8,9,8,9,8,9,7,8,8,9,9,10,9,10,7,9,7,8,8,9,8,9,8,8,7,8,6,7,6,7,9,10,7,8,8,9,8,9,9,10,9,10,7,6,8,9,7,8,8,9,7,8,8,9,7,7,8,9,6,6,6,6,5,5,4,5,7,8,6,6,5,5,7,8,9,9,6,6,7,8,9,10,7,8,8,9
child_640,0,13,U12,forward,low,good,strong,none,high,excited,38,70,9,8,6,7,5,6,4,5,7,8,8,5,10,9,9,8,8,7,9,8,8,8,8,7,9,7,9,8,9,8,8,7,8,8,9,7,9,8,10,9,10,9,9,8,8,7,8,6,9,8,10,9,4,3,8,7,8,7,9,6,7,6,7,7,10,9,7,6,6,5,9,8,7,6,5,4,5,4,10,9,8,7,9,8,6,5,8,7,9,8,5,4,7,6,3,2,3,2,2,1,2,1,2,1,2,1,2,1,2,1,1,1,1,1,3,2,2,1,1,1,3,2,4,3,3,2,2,1,3,2,5,4,6,5
child_641,0,12,U14,forward,low,good,isolated,none,medium,neutral,54,31,7,8,6,9,5,7,6,8,7,9,5,6,6,8,6,9,5,8,8,9,7,8,7,8,7,8,8,9,8,9,8,9,9,9,7,8,8,8,9,9,9,9,4,7,6,7,5,7,5,6,6,8,5,7,4,7,5,7,5,7,6,8,7,9,6,8,7,8,6,7,7,8,6,7,6,7,6,7,6,9,5,7,6,8,6,8,7,9,6,8,5,6,4,7,4,6,5,7,5,6,4,5,4,5,4,6,5,5,5,5,4,4,3,5,5,7,3,5,3,4,6,5,7,8,4,5,5,6,4,6,5,6,5,6
child_642,0,13,U14,midfielder,high,good,average,none,medium,frustrated,71,47,5,7,8,9,6,7,4,8,8,9,7,8,6,8,3,10,2,9,9,9,8,8,7,7,7,8,8,9,8,9,7,8,6,8,7,8,8,8,8,9,9,10,6,8,5,7,5,7,6,8,7,8,8,9,5,7,5,7,4,8,8,9,7,9,6,8,7,8,6,9,8,9,6,7,7,8,5,7,3,10,4,9,3,10,6,8,5,8,4,9,7,5,6,7,5,8,6,8,6,7,4,6,5,5,6,6,6,5,5,5,4,4,3,4,5,6,4,4,3,3,4,5,8,8,4,4,5,5,6,8,5,7,6,8
child_643,0,14,U14,mixed,medium,neutral,average,none,medium,frustrated,77,7,5,6,8,9,7,8,4,7,6,8,6,7,9,9,4,7,3,6,5,6,5,6,4,5,5,6,6,8,5,6,5,5,5,8,4,6,5,6,4,7,5,6,6,7,6,7,5,6,7,8,6,7,7,8,5,6,5,6,4,6,6,8,5,8,8,9,5,7,6,7,7,8,4,5,5,6,4,5,3,8,4,6,3,7,5,6,5,7,5,7,6,5,6,5,5,6,7,8,6,6,5,6,5,5,5,6,6,5,5,5,4,4,3,5,6,6,5,6,3,4,4,5,6,8,4,5,4,7,5,6,5,6,5,6
child_644,0,13,U11,mixed,medium,good,average,none,high,excited,27,70,9,10,10,10,8,9,7,8,7,9,10,10,9,9,10,10,9,9,9,8,8,8,9,9,8,9,8,9,9,8,8,8,9,8,8,9,8,8,9,9,9,8,8,8,9,9,9,8,9,9,10,9,10,9,8,8,10,9,10,9,7,8,8,9,9,9,8,8,8,8,8,9,7,8,7,7,6,6,10,10,9,9,9,9,8,8,9,9,8,8,7,7,10,10,9,10,10,10,8,9,9,9,7,6,9,9,8,7,8,7,6,5,7,6,9,9,6,5,5,4,7,6,9,9,5,4,8,8,10,10,8,8,9,9
child_645,0,12,U11,defender,medium,good,average,mild,high,neutral,52,85,8,9,9,10,7,8,8,9,7,8,9,9,8,8,7,6,6,5,8,9,8,8,7,8,7,8,8,9,7,8,8,7,9,9,8,7,8,8,9,9,9,9,7,8,6,7,6,7,7,8,8,9,9,10,7,8,8,8,8,7,6,7,7,8,8,9,7,8,8,9,7,8,6,7,6,6,6,6,6,7,7,6,7,7,7,6,8,9,8,8,6,5,8,8,9,9,9,9,7,7,8,8,7,6,8,8,7,6,7,6,6,5,6,6,9,8,7,7,5,4,7,7,8,8,6,5,8,8,9,9,8,8,9,9
child_646,0,13,U11,goalkeeper,medium,neutral,average,none,medium,excited,36,71,9,8,10,9,8,7,7,6,8,9,8,7,10,10,9,9,9,8,7,7,6,6,7,8,7,8,6,7,7,7,6,6,8,9,7,7,7,6,8,9,9,9,8,8,7,7,8,7,9,8,9,8,7,6,8,8,9,9,9,9,7,7,6,8,10,10,7,7,6,6,8,9,6,7,6,5,5,5,9,10,8,8,9,9,6,6,8,9,9,9,7,5,8,7,8,8,9,8,6,5,5,4,6,5,8,7,5,5,5,5,4,4,3,3,6,6,6,6,4,3,7,6,9,9,6,5,7,6,8,8,8,8,9,9
child_647,0,11,U11,midfielder,medium,good,average,mild,high,excited,30,72,9,8,10,10,9,8,8,8,8,9,10,9,8,9,9,8,9,7,8,9,8,9,9,9,9,9,9,8,9,8,8,8,8,9,9,7,8,8,9,9,9,9,8,8,7,7,8,8,8,9,9,8,10,8,9,8,10,8,10,9,8,8,9,9,8,9,8,9,9,8,8,8,8,7,7,7,6,6,10,10,9,8,10,9,8,7,9,8,9,8,7,6,10,10,9,7,10,8,8,7,9,8,7,6,9,8,7,6,7,6,6,5,8,7,9,8,7,6,6,5,8,7,9,9,7,6,9,8,10,9,9,7,10,9
child_648,0,14,U14,goalkeeper,low,neutral,average,none,medium,excited,28,54,9,8,8,9,7,8,6,7,7,8,8,9,10,9,9,10,8,9,6,7,6,7,5,6,6,7,5,6,6,7,5,6,7,8,5,6,6,7,6,7,6,7,7,8,8,9,8,8,8,9,9,9,9,9,8,8,9,9,9,9,5,7,6,8,8,9,5,6,6,7,9,8,8,8,5,6,5,6,9,10,8,9,8,9,6,7,7,8,7,8,6,6,8,8,9,9,8,8,7,7,9,9,6,6,7,7,6,6,6,6,5,5,6,6,8,8,7,7,6,5,7,6,8,7,6,5,8,9,9,10,7,8,8,9
child_649,0,14,U11,mixed,medium,neutral,average,mild,high,happy,56,80,8,9,9,10,7,8,7,8,8,9,9,10,8,9,7,8,6,7,6,7,6,7,7,8,7,8,7,8,6,7,7,8,6,7,6,7,6,7,6,7,7,8,6,7,7,8,6,7,7,8,8,9,8,9,7,8,8,9,8,9,8,9,7,8,8,9,8,9,7,8,7,8,7,8,7,8,6,7,7,8,6,7,7,8,7,8,7,8,6,7,6,6,8,9,8,9,8,9,7,8,8,9,6,6,7,8,6,6,6,6,5,5,5,5,6,6,5,5,5,5,6,7,8,9,6,7,7,8,9,10,7,8,8,9
child_650,0,13,U11,goalkeeper,low,good,average,none,low,excited,42,67,8,7,9,9,7,8,9,8,7,9,8,6,9,10,10,9,9,8,9,8,8,8,9,9,8,9,8,9,8,7,7,7,9,9,8,8,8,7,9,8,9,9,7,6,6,6,7,6,7,8,8,7,6,6,7,8,8,7,8,7,8,9,8,9,9,10,8,8,9,8,9,10,8,7,7,6,7,6,10,10,8,8,9,9,8,7,9,9,9,8,6,5,7,6,8,7,9,8,7,6,7,5,6,5,7,7,6,5,6,5,5,4,4,3,7,6,5,4,4,3,6,5,8,8,5,4,7,6,8,7,7,6,7,6
child_651,0,14,U12,midfielder,low,bad,isolated,mild,medium,excited,43,22,8,9,7,9,5,8,6,7,8,8,6,7,7,8,9,9,8,9,2,9,3,9,2,8,3,8,3,8,2,8,4,7,2,9,3,8,2,7,2,9,2,9,3,8,5,8,4,8,3,8,7,9,5,7,4,8,5,7,4,7,7,9,7,9,6,8,7,8,6,8,7,8,7,8,6,7,5,6,9,9,8,8,8,8,7,7,8,8,7,7,5,6,5,7,6,8,7,8,6,8,6,7,4,6,4,7,3,6,3,6,3,5,3,5,5,6,5,6,3,5,4,6,6,7,5,6,5,6,7,8,6,8,6,8
child_652,0,14,U13,goalkeeper,medium,neutral,isolated,none,low,happy,45,27,8,9,9,10,6,8,7,8,7,9,5,9,8,8,6,10,5,9,6,8,5,8,7,9,6,8,6,9,5,9,7,8,6,9,5,8,6,7,5,8,5,9,5,8,6,7,4,8,5,9,7,8,3,7,6,8,5,8,4,8,6,9,7,9,7,8,6,9,7,8,5,8,6,8,5,7,5,7,6,10,5,9,5,9,5,8,6,9,6,9,5,7,5,8,8,9,8,9,5,7,7,8,5,6,7,8,5,6,5,6,4,5,3,4,6,7,4,5,4,5,5,6,7,8,4,5,3,5,7,8,5,6,6,7
child_653,0,11,U11,midfielder,medium,neutral,average,none,high,excited,25,69,9,10,10,10,8,8,7,9,6,8,9,10,10,10,8,9,7,8,6,8,7,8,7,9,6,9,7,9,6,8,7,8,8,9,6,8,7,8,7,9,8,9,8,9,7,8,8,8,9,10,9,9,10,10,8,9,10,10,10,10,7,8,8,9,10,10,9,9,7,8,8,9,7,8,6,7,5,6,9,10,8,9,9,10,7,8,9,10,8,9,6,7,8,9,9,10,9,10,8,8,10,10,7,8,8,9,7,7,6,6,5,5,6,6,8,9,7,8,5,5,7,7,9,10,6,7,8,9,10,10,9,9,9,9
child_654,0,14,U12,defender,medium,good,isolated,none,high,happy,41,100,9,8,10,10,8,9,10,10,8,9,9,9,8,8,9,10,7,9,9,9,9,9,9,9,8,9,8,9,8,8,10,10,10,10,9,9,9,9,10,10,10,10,7,8,6,7,7,8,6,8,10,10,9,9,8,9,8,9,8,8,10,10,9,9,8,9,9,9,10,10,9,9,9,9,8,8,7,8,8,9,7,8,8,9,9,9,9,9,8,9,6,6,7,8,10,10,10,10,9,9,9,9,8,7,9,9,7,6,7,6,6,5,6,5,8,8,7,7,5,4,6,5,8,8,6,5,7,6,10,10,10,10,10,10
child_655,0,13,U13,defender,medium,good,average,none,low,excited,27,65,8,7,9,8,7,6,8,9,9,10,7,5,9,10,9,10,8,9,8,9,8,9,8,8,8,8,8,9,7,7,8,7,9,8,8,7,8,7,9,10,9,10,7,8,6,7,7,8,7,8,8,9,6,5,7,8,8,9,8,9,8,8,9,9,10,10,8,9,8,8,9,10,8,9,7,6,7,6,9,10,8,9,9,10,7,7,8,9,8,8,6,5,8,8,6,5,7,6,5,4,6,5,5,4,7,6,5,4,5,4,4,3,5,4,6,5,4,3,4,3,5,5,9,10,5,4,6,5,7,6,8,7,8,7
child_656,0,13,U14,mixed,medium,good,strong,none,medium,anxious,54,52,6,9,8,8,5,7,4,8,7,8,9,9,6,8,5,7,4,6,7,8,7,8,6,7,7,7,6,8,8,9,7,9,8,8,7,7,7,8,8,8,8,9,9,9,7,8,8,7,9,9,9,9,8,8,7,8,8,7,8,8,6,8,7,9,6,8,7,8,5,7,6,8,6,7,7,8,6,7,5,8,5,8,6,7,7,8,7,8,7,8,6,5,6,7,5,6,5,6,6,6,5,5,6,5,7,8,6,5,6,5,5,4,5,4,7,6,6,5,5,4,4,5,5,7,4,4,5,5,6,7,6,7,6,7
child_657,0,11,U13,forward,medium,neutral,isolated,none,medium,happy,37,25,8,9,9,10,7,8,7,8,6,7,8,9,6,8,5,6,4,5,6,7,6,7,5,7,5,7,5,7,6,7,5,6,5,7,5,6,5,6,5,6,5,6,4,7,5,6,4,5,5,6,6,7,6,8,5,6,5,6,4,5,6,7,7,8,6,8,6,8,6,7,7,8,6,7,6,7,5,6,5,6,4,5,5,6,5,6,6,7,5,6,5,6,4,5,7,8,7,8,5,6,6,7,5,6,5,6,4,5,4,5,5,6,4,5,6,7,5,6,4,5,5,6,7,8,4,5,5,6,6,7,6,7,7,8
child_658,0,11,U13,midfielder,medium,good,strong,mild,medium,excited,34,100,9,8,10,10,8,9,8,8,9,10,10,10,10,10,10,9,9,8,9,8,8,8,9,9,9,9,8,8,9,8,8,8,10,8,9,9,8,8,10,9,10,9,10,9,9,8,10,9,10,10,10,9,10,10,9,8,10,10,10,10,9,9,9,9,10,10,9,9,8,8,10,9,9,8,8,8,7,7,10,10,9,8,9,9,8,8,10,9,9,9,7,7,9,8,10,9,10,9,8,8,9,9,8,7,9,8,7,6,7,6,6,5,7,6,9,8,7,6,6,5,8,7,10,10,7,6,9,9,10,10,9,9,10,10
child_659,0,12,U13,midfielder,medium,neutral,isolated,none,low,frustrated,61,21,5,8,6,9,4,7,5,8,7,9,3,6,8,9,4,8,3,6,6,8,5,7,5,8,5,8,5,9,4,7,6,9,6,9,5,8,5,7,4,9,4,9,4,8,3,7,4,7,4,8,5,9,3,6,4,7,3,6,3,7,6,8,7,9,8,9,6,8,6,7,5,9,4,7,5,7,4,6,3,9,4,8,3,8,5,7,4,7,4,8,2,5,3,6,4,7,3,6,3,6,2,5,4,5,5,6,5,5,4,4,3,4,2,3,4,5,4,5,2,3,3,4,6,7,3,4,4,5,3,7,4,7,4,7
child_660,0,13,U14,forward,low,bad,average,none,high,excited,30,61,8,7,7,6,5,5,9,8,8,9,6,5,7,7,9,10,9,9,2,8,2,7,2,8,3,9,3,8,2,6,4,7,4,8,3,6,3,7,2,9,2,9,6,6,6,6,5,5,5,6,5,5,4,5,5,6,6,7,7,6,7,7,6,8,7,8,5,5,8,8,7,6,6,6,5,6,5,6,9,10,8,8,9,9,7,7,8,8,9,9,6,5,7,6,4,4,5,5,3,4,3,4,4,4,6,6,5,5,5,5,4,4,3,3,5,5,3,3,2,2,4,4,6,5,3,3,3,3,5,5,5,5,6,6
child_661,0,13,U14,midfielder,high,neutral,strong,none,medium,neutral,50,63,8,9,9,8,7,6,7,7,8,8,9,9,8,7,7,8,6,6,6,7,6,7,7,8,7,8,7,9,6,7,7,8,8,9,6,7,6,7,7,9,7,9,9,9,8,8,8,7,9,9,9,8,8,7,8,8,8,7,8,8,8,9,8,9,7,8,8,9,7,8,7,8,7,8,6,7,6,7,7,8,6,7,7,8,6,7,7,8,7,8,5,5,6,7,8,7,8,7,6,6,7,6,5,5,7,7,6,6,5,5,4,4,5,5,7,8,6,5,4,4,5,5,7,8,5,5,6,7,9,8,6,6,7,7
child_662,0,11,U13,defender,medium,good,isolated,none,medium,excited,38,86,9,10,8,10,7,9,10,10,9,8,8,9,8,8,10,9,9,8,8,9,8,9,9,9,9,9,9,10,9,9,8,10,9,10,9,8,8,8,9,10,9,10,6,8,7,8,6,8,8,9,9,10,8,9,7,8,8,8,9,9,9,10,8,9,8,9,9,10,10,10,8,8,8,8,8,7,7,6,10,10,9,9,10,10,9,9,10,10,9,9,7,6,8,7,9,8,9,8,8,8,9,8,6,5,8,7,6,5,5,4,5,4,7,6,6,6,7,6,5,4,7,7,8,9,6,5,8,7,9,9,10,9,10,10
child_663,0,11,U14,mixed,medium,neutral,average,mild,medium,neutral,46,41,7,9,8,10,6,8,5,9,6,8,7,9,5,8,4,7,3,6,6,7,5,8,5,7,5,7,6,8,5,7,5,6,4,7,5,6,4,6,3,9,2,8,6,7,4,7,5,8,5,8,6,8,7,9,5,7,6,8,5,8,5,7,6,9,5,9,6,8,5,8,5,7,4,8,5,6,5,6,4,8,5,8,4,8,5,7,5,8,6,9,5,6,7,8,6,8,7,8,6,7,5,6,5,5,6,7,5,6,5,5,4,4,3,5,5,7,4,6,3,5,5,6,6,7,4,5,5,6,5,8,6,8,7,8
child_664,0,13,U14,midfielder,low,good,strong,none,high,excited,38,94,10,10,10,10,8,7,9,9,8,8,10,10,7,6,9,9,9,8,9,10,9,9,8,8,8,8,9,10,9,9,9,9,9,10,8,9,9,8,10,10,10,10,10,10,9,9,10,9,10,10,10,10,8,7,9,9,10,10,10,10,9,8,8,9,7,6,9,9,9,9,8,7,9,8,8,7,7,6,10,10,9,9,9,8,8,8,9,9,8,8,7,6,10,10,9,8,10,9,8,7,7,6,8,7,9,9,7,6,7,6,6,5,5,4,9,9,8,7,4,3,8,7,10,10,5,4,6,5,10,9,9,8,10,10
child_665,0,13,U11,mixed,medium,neutral,strong,mild,high,neutral,61,58,6,8,8,9,5,6,7,8,7,9,6,7,7,8,6,8,5,7,6,7,5,7,6,7,6,8,5,8,7,9,6,7,7,8,6,7,5,6,5,6,6,7,8,9,7,8,6,7,8,9,7,8,6,7,7,8,6,7,7,8,6,9,7,9,6,8,6,8,7,9,6,7,5,6,6,7,5,6,6,9,5,8,6,8,6,7,7,8,6,8,5,6,6,7,5,6,5,6,5,6,5,6,5,6,5,6,5,6,5,6,4,5,4,5,5,6,4,5,3,4,4,5,6,7,4,5,5,6,6,7,5,6,6,7
child_666,0,14,U14,midfielder,high,neutral,average,mild,medium,frustrated,57,66,6,8,7,9,5,7,7,9,8,8,5,6,9,10,4,6,3,5,6,7,6,7,6,7,5,8,5,8,6,7,5,6,7,8,5,6,5,5,4,8,4,8,5,6,4,5,4,5,6,7,6,7,5,5,6,7,5,6,4,5,5,7,5,6,9,10,6,6,6,7,7,8,5,6,5,5,4,4,3,6,3,5,3,6,5,5,5,6,4,5,4,4,5,6,5,6,5,6,5,5,5,5,5,4,6,5,5,4,5,4,4,3,4,4,5,6,5,5,4,3,4,4,5,6,3,3,4,4,6,7,5,6,5,6
child_667,0,11,U13,forward,low,good,average,none,high,excited,35,77,9,8,10,9,8,7,7,8,8,9,7,6,9,8,9,10,8,9,8,9,8,9,8,8,9,8,9,9,8,8,8,8,9,9,8,7,8,7,9,10,9,10,7,7,6,6,7,6,7,8,9,8,8,7,7,7,8,8,9,8,8,8,9,9,8,9,8,8,9,8,7,8,7,8,6,7,6,7,9,10,8,9,8,9,7,6,9,9,8,9,6,6,9,8,8,7,9,7,6,5,7,6,6,5,9,8,6,5,6,5,5,4,6,5,7,6,6,5,5,4,6,5,9,7,5,4,6,5,9,8,7,7,8,8
child_668,0,11,U13,forward,medium,neutral,average,mild,high,neutral,63,29,8,9,4,5,3,4,6,8,7,9,5,6,5,7,6,9,5,8,6,7,5,7,4,6,6,8,5,8,4,7,7,8,7,8,6,7,5,7,5,8,6,8,4,5,3,5,5,6,6,7,6,7,3,4,4,5,4,6,3,5,7,9,7,9,5,7,6,7,6,8,4,6,5,6,6,8,5,7,6,9,5,8,5,8,6,7,5,8,5,8,4,5,5,7,3,4,3,4,2,3,2,3,3,4,4,5,4,5,4,5,3,4,2,3,2,3,2,3,2,3,3,4,5,6,2,3,3,4,3,4,4,5,4,5
child_669,0,12,U11,defender,low,neutral,average,none,high,happy,40,62,8,9,9,10,7,8,5,6,6,8,7,8,9,10,6,9,5,8,7,7,6,7,7,8,7,8,8,9,7,8,6,7,8,9,6,7,6,7,8,9,8,9,8,8,7,7,8,8,6,7,9,9,7,7,6,7,7,7,6,7,7,8,7,9,9,10,6,7,5,6,7,8,6,7,6,7,5,6,5,7,5,6,6,8,6,7,7,8,6,7,5,6,7,8,8,7,7,8,6,7,5,6,6,7,7,8,5,6,5,6,4,5,5,6,8,8,6,7,4,5,6,6,8,9,4,5,5,6,6,7,7,8,7,8
child_670,0,11,U13,mixed,low,good,strong,none,high,neutral,44,100,9,9,10,10,8,7,10,10,7,8,9,8,8,8,7,8,6,7,8,9,9,9,8,9,8,8,8,9,9,9,8,9,9,9,7,8,8,7,9,10,9,10,9,9,9,8,8,8,10,10,9,9,7,6,9,8,10,9,10,10,8,8,7,9,8,9,8,8,9,9,7,8,7,8,6,7,6,7,6,7,5,6,6,7,8,8,8,9,7,8,7,6,9,9,8,7,8,7,7,7,8,8,8,7,9,9,7,6,7,6,6,5,5,5,7,7,6,6,4,3,7,6,8,7,6,5,7,8,9,9,8,7,9,8
child_671,0,11,U11,defender,high,neutral,strong,none,low,excited,22,65,9,10,10,10,8,7,7,8,8,9,9,8,9,9,10,10,9,9,7,8,7,8,8,9,7,8,8,9,6,7,6,7,8,9,8,9,7,8,7,8,8,9,10,10,9,8,9,8,10,10,10,10,8,7,9,8,10,9,10,9,8,9,9,10,9,9,8,9,9,10,8,8,7,7,7,8,6,7,10,10,9,9,9,9,8,8,9,9,8,8,7,6,8,8,8,7,9,8,7,7,6,6,5,5,6,6,5,5,5,5,4,4,3,3,6,7,7,6,4,4,6,5,8,8,6,5,7,6,9,9,8,8,9,9
child_672,0,11,U12,defender,medium,good,average,mild,high,excited,35,69,9,8,10,10,8,8,6,7,7,9,9,9,8,8,9,9,8,8,8,9,8,8,9,9,7,8,7,8,8,8,7,7,9,8,7,8,8,7,9,9,9,9,7,8,6,7,6,7,7,8,7,8,9,9,7,8,8,9,9,9,6,6,7,7,8,9,7,7,7,8,8,8,7,7,6,6,5,5,9,9,8,8,9,9,7,6,8,8,8,8,7,6,8,7,9,9,9,9,8,7,9,8,7,7,8,8,7,6,6,5,5,5,7,6,8,8,7,7,5,5,6,6,8,9,6,6,7,7,9,9,7,7,8,8
child_673,0,14,U14,forward,medium,neutral,strong,none,medium,excited,43,43,7,8,8,9,5,6,4,7,8,9,5,6,7,8,9,9,8,8,6,7,6,6,5,6,7,8,6,7,6,6,6,7,7,8,7,8,6,6,5,7,6,7,8,9,7,8,8,8,9,9,9,9,5,5,8,8,8,8,7,7,7,8,8,9,8,8,7,8,6,7,7,8,5,6,6,7,6,7,9,10,8,8,9,9,7,7,8,8,8,9,6,5,7,7,4,5,4,5,4,4,3,4,4,5,5,6,4,4,4,4,3,3,3,4,3,4,4,5,2,3,5,6,7,8,3,4,3,4,5,6,5,6,5,6
child_674,0,11,U12,defender,high,neutral,isolated,none,high,excited,45,54,8,9,9,10,7,8,6,7,8,9,7,9,8,8,9,10,9,9,6,8,6,7,7,8,7,8,6,9,5,8,7,8,8,9,7,8,7,8,6,9,7,9,5,7,6,8,6,7,7,8,8,9,8,9,7,8,9,9,9,9,7,8,8,9,8,9,8,9,7,8,6,8,5,7,7,8,6,7,9,10,7,8,9,10,7,8,8,9,8,9,6,5,8,8,8,9,9,9,7,7,6,5,7,6,7,7,6,6,6,6,5,4,6,5,7,6,5,5,5,4,5,5,8,8,5,4,6,5,8,9,7,8,7,8
child_675,0,14,U13,forward,medium,neutral,isolated,frequent,medium,neutral,49,0,7,9,6,10,4,8,6,8,5,10,5,9,4,6,5,10,4,9,6,8,5,8,4,7,5,7,5,8,4,8,5,8,4,9,5,8,5,7,4,10,5,9,3,8,4,7,3,8,4,9,5,8,6,9,4,8,3,9,3,8,6,9,5,8,4,6,5,8,6,9,5,7,6,8,5,7,4,7,5,10,5,9,5,10,4,7,6,8,5,9,5,6,5,7,7,8,7,8,4,7,5,9,5,6,6,8,5,6,5,6,4,5,4,5,6,7,5,6,3,5,5,6,6,7,4,5,4,8,5,9,5,6,5,7
child_676,0,12,U13,defender,medium,good,average,none,low,neutral,53,35,6,8,5,6,5,5,6,7,6,8,6,7,6,7,5,9,4,8,8,9,7,8,7,7,7,8,7,8,8,9,7,6,8,9,7,7,8,7,8,9,8,9,6,8,5,7,5,6,6,8,7,9,5,6,5,7,5,6,5,6,6,8,6,7,6,7,6,7,6,8,5,7,6,6,5,6,5,6,5,8,4,7,5,8,5,7,5,8,6,8,5,4,5,6,6,5,5,5,4,4,4,5,4,4,5,6,5,4,4,4,4,3,3,3,5,6,4,5,3,3,5,6,5,5,4,4,4,5,5,7,6,6,6,6
child_677,0,13,U14,goalkeeper,medium,good,average,none,medium,happy,54,57,8,8,9,9,7,6,5,7,6,8,8,7,7,8,5,9,5,8,9,9,8,8,7,6,7,7,8,9,8,8,7,7,8,9,6,8,8,7,9,10,9,10,7,8,6,7,8,8,7,8,9,9,6,6,7,7,8,8,8,8,7,8,7,7,8,8,7,8,5,6,7,8,6,6,5,6,5,6,6,8,5,7,7,8,6,7,6,8,7,8,6,5,5,7,8,7,8,7,7,6,7,6,5,4,7,7,5,4,5,4,4,3,5,4,6,5,6,5,4,3,5,5,8,8,6,6,7,7,8,8,7,7,8,8
child_678,0,14,U12,goalkeeper,low,good,average,mild,medium,excited,35,82,9,8,8,9,7,7,8,8,8,9,9,9,8,9,9,9,9,8,8,9,8,9,8,8,8,8,8,9,7,8,9,8,8,8,8,9,8,8,9,9,9,9,7,8,6,7,7,7,8,9,9,9,9,9,8,8,9,9,9,9,8,9,8,9,8,9,8,9,8,9,8,8,7,7,7,8,7,7,9,10,8,9,9,10,9,9,9,10,9,9,8,7,7,6,9,8,9,8,8,8,8,8,7,6,8,8,7,6,7,6,6,5,6,5,8,8,7,7,5,4,8,7,8,8,5,4,8,8,9,9,8,8,8,9
child_679,0,12,U14,forward,high,good,average,none,medium,excited,40,88,9,10,8,8,7,7,6,9,8,9,10,10,8,9,9,10,8,9,9,9,9,8,9,8,9,8,8,9,9,8,8,7,8,8,9,8,9,8,9,8,9,8,8,9,7,7,8,8,8,9,9,10,9,9,8,8,9,9,9,9,8,9,9,9,8,9,8,9,7,8,8,8,7,7,7,8,6,7,10,10,9,9,9,9,8,8,9,9,9,8,7,7,8,7,8,8,8,8,7,7,9,9,7,6,9,8,7,6,7,6,6,5,6,5,8,8,6,5,5,5,7,6,8,7,5,4,7,6,10,10,9,9,8,8
child_680,0,12,U14,forward,medium,good,average,none,high,neutral,54,48,8,9,8,8,7,7,5,6,4,7,9,9,6,8,5,7,4,6,8,9,7,8,6,7,7,8,6,8,8,9,7,6,8,9,6,7,8,8,7,9,9,10,7,8,7,8,6,7,7,8,8,9,7,8,6,7,7,7,7,8,5,6,6,7,7,8,6,8,5,7,8,9,6,7,5,6,4,5,5,6,5,5,6,7,6,6,5,6,6,7,5,4,6,7,7,8,6,7,6,5,7,8,7,6,8,8,5,6,5,5,4,3,5,4,7,8,6,7,4,5,6,6,8,9,5,5,7,8,8,9,6,7,7,8
child_681,0,14,U12,midfielder,medium,good,average,mild,high,excited,40,84,9,10,10,10,8,9,7,8,8,9,9,10,10,10,9,9,8,8,8,9,8,9,9,9,8,9,9,10,8,9,8,9,9,10,9,8,8,9,9,10,9,10,7,8,7,8,8,8,8,9,9,9,9,10,8,9,9,10,9,10,8,9,9,10,10,10,9,9,8,9,9,10,8,9,7,8,6,7,10,10,9,9,10,10,8,9,9,9,9,9,7,6,8,8,9,10,9,10,8,8,9,10,7,6,8,8,7,6,6,6,6,5,7,6,9,10,8,8,5,4,6,6,8,9,5,5,7,8,10,10,9,9,9,9
child_682,0,12,U12,goalkeeper,medium,good,average,mild,medium,excited,29,93,10,10,10,10,9,8,10,9,8,9,10,10,9,9,9,10,8,9,9,10,9,10,9,9,8,8,8,9,9,9,9,8,10,10,8,9,8,8,10,10,10,10,8,9,7,8,8,9,9,10,9,10,10,10,9,9,10,10,10,10,8,9,8,9,9,9,8,9,9,10,8,9,9,9,7,8,6,7,10,10,9,9,10,10,8,8,9,9,9,9,8,7,9,8,10,10,10,10,9,8,10,10,7,6,9,8,8,7,7,6,5,5,6,5,9,9,7,6,4,4,8,7,9,9,6,5,7,6,10,10,9,8,10,10
child_683,0,14,U14,forward,low,good,strong,none,low,anxious,64,47,7,8,8,9,6,7,7,8,6,7,9,9,7,8,5,6,4,5,8,9,7,8,6,7,7,8,7,8,8,9,8,8,7,8,6,7,7,7,7,8,8,9,9,9,8,8,6,7,9,9,9,9,8,8,7,8,6,7,7,8,6,7,7,8,8,8,7,8,6,7,7,8,6,7,5,6,5,6,4,6,5,6,4,5,6,7,5,6,6,7,4,5,6,6,7,8,8,8,6,7,5,6,5,6,6,7,5,6,5,6,4,5,3,4,6,7,5,6,4,5,5,6,7,8,4,5,5,6,7,8,6,7,7,8
child_684,0,11,U12,goalkeeper,medium,good,average,none,high,excited,34,87,9,8,10,10,7,6,8,9,9,10,8,7,6,5,9,10,9,9,8,9,8,9,8,9,9,9,9,10,8,8,9,10,9,10,8,8,9,9,8,9,9,10,7,8,8,9,8,8,8,9,9,10,6,6,7,7,9,8,9,9,9,10,8,9,5,4,8,9,8,8,7,8,6,6,8,9,7,7,10,10,9,9,9,9,8,9,9,10,9,9,8,7,9,8,7,5,8,6,6,5,7,6,6,5,8,7,6,5,6,5,5,4,4,3,7,6,5,4,3,2,6,5,8,7,4,3,7,6,9,10,9,9,9,9
child_685,0,13,U13,midfielder,medium,good,strong,frequent,low,anxious,63,46,8,10,7,6,5,5,9,8,7,9,6,5,8,7,5,9,4,7,8,9,7,8,6,7,7,9,6,9,8,10,7,8,8,9,6,7,7,6,8,9,9,10,7,9,6,7,4,8,7,8,7,9,5,5,6,7,5,6,4,5,8,9,7,9,8,8,7,9,8,10,6,7,7,8,6,6,5,5,5,10,4,8,5,9,6,7,6,9,7,8,5,4,6,5,5,5,5,5,4,4,3,4,4,4,5,5,5,5,5,5,4,4,3,3,4,5,3,3,3,3,5,4,7,6,4,3,5,4,6,7,5,6,5,6
child_686,0,11,U11,goalkeeper,low,neutral,strong,none,high,anxious,63,29,8,10,9,10,7,8,4,6,5,8,9,10,6,7,4,7,3,5,6,7,5,6,6,7,5,6,5,7,6,7,5,6,4,6,5,6,5,6,3,8,4,8,8,9,7,8,6,8,8,9,7,8,9,9,6,7,7,8,8,9,4,5,4,6,6,8,5,7,4,5,5,6,5,6,4,5,3,4,5,8,4,7,4,7,5,6,6,7,5,7,5,6,6,7,8,9,8,9,5,6,7,8,5,5,6,7,4,5,4,5,3,4,4,5,7,8,5,6,3,4,4,5,6,7,4,5,5,6,8,9,6,7,7,8
child_687,0,11,U13,goalkeeper,high,good,average,mild,high,excited,26,100,9,10,10,10,8,9,10,9,8,8,9,10,8,9,10,10,9,8,9,10,8,9,9,10,9,9,8,9,9,10,9,9,9,10,9,8,9,8,9,10,9,10,8,10,7,9,8,9,8,10,9,10,9,9,8,9,9,10,9,10,8,9,9,10,8,9,9,10,9,10,8,9,8,9,8,9,8,8,10,10,8,9,9,10,9,8,10,10,9,9,7,6,8,8,9,10,9,10,8,8,9,9,8,7,9,10,8,7,8,7,6,5,7,6,9,10,7,6,5,4,7,6,10,10,6,5,8,9,9,10,8,7,9,8
child_688,0,13,U11,forward,high,neutral,strong,mild,medium,neutral,57,69,7,8,8,9,6,7,6,8,7,9,5,6,8,10,7,9,5,8,6,7,6,8,5,7,6,8,6,9,7,8,6,7,7,9,5,8,6,7,5,9,5,8,8,9,6,7,6,8,8,9,7,9,6,7,6,7,7,8,6,7,7,8,8,9,8,10,7,8,6,8,7,9,7,8,6,7,5,6,5,9,5,8,6,9,5,7,6,8,6,7,5,6,6,7,5,6,5,6,6,7,4,5,4,5,5,6,6,7,5,6,4,5,4,5,6,7,5,6,3,4,5,6,7,8,4,5,5,6,6,7,5,6,6,7
child_689,0,14,U11,defender,medium,good,strong,none,medium,excited,38,93,9,8,10,10,7,6,8,9,8,8,10,9,6,5,9,9,9,8,9,9,9,8,9,8,8,8,9,9,9,9,8,8,9,9,8,8,9,8,9,9,9,9,10,10,10,9,9,8,10,10,10,9,8,7,9,8,9,8,10,9,8,9,9,9,6,5,8,8,9,9,8,8,9,8,7,7,7,7,10,9,9,8,9,8,8,7,9,9,8,8,7,6,8,7,8,7,8,7,7,6,6,5,6,5,8,7,6,5,6,5,5,4,4,4,7,6,5,4,4,4,5,4,9,9,5,4,6,5,8,7,9,8,9,8
child_690,0,12,U11,defender,medium,good,isolated,none,low,happy,32,41,8,9,6,7,5,6,7,8,7,9,4,5,8,8,6,9,5,8,8,9,7,8,7,8,7,8,8,9,7,8,8,9,9,9,8,9,8,7,8,9,8,9,5,7,4,6,5,7,4,6,8,8,5,6,5,7,5,6,4,5,8,9,7,9,8,8,7,8,8,9,7,8,7,8,8,8,7,8,6,9,5,8,6,9,7,8,6,8,6,7,5,5,4,6,4,5,4,5,3,4,2,3,2,3,3,4,2,3,2,3,2,3,1,2,3,4,2,3,1,2,3,4,4,5,3,4,4,5,3,4,5,6,5,6
child_691,0,13,U14,midfielder,low,good,strong,none,high,excited,38,100,8,7,7,6,6,5,8,8,9,9,6,5,7,8,10,9,9,8,9,9,8,7,8,8,8,8,9,9,9,8,8,7,9,9,8,8,9,8,9,9,10,9,9,9,8,8,9,8,9,8,9,9,6,5,8,7,9,8,9,8,9,9,8,9,7,8,8,8,8,7,7,6,8,8,7,7,6,6,10,9,9,8,9,8,8,7,9,9,8,8,6,5,7,6,5,4,5,4,4,4,4,3,4,4,5,5,5,5,5,5,3,2,2,2,3,2,3,2,2,1,5,4,6,5,4,3,3,2,6,5,8,8,7,6
child_692,0,12,U11,defender,medium,neutral,average,none,high,excited,49,61,9,8,8,7,7,6,7,8,8,9,9,9,8,9,9,10,9,10,6,7,7,8,7,8,7,8,7,8,6,7,7,8,6,8,7,7,6,7,7,8,7,8,8,8,8,7,8,7,9,8,9,8,9,8,8,7,9,8,9,9,8,9,7,8,8,9,8,9,7,8,7,8,7,7,6,7,6,7,9,10,8,9,9,9,7,7,8,8,8,8,7,6,8,7,8,8,9,8,7,8,8,8,6,5,7,6,6,5,6,5,5,4,4,3,6,5,7,6,5,4,6,5,8,7,5,4,7,6,8,9,7,8,8,9
child_693,0,11,U14,defender,low,neutral,isolated,mild,low,excited,39,53,8,9,7,8,5,7,9,10,6,9,5,6,7,8,9,10,8,9,6,7,6,7,5,6,5,6,7,8,4,5,6,7,7,8,5,6,6,7,5,7,6,7,4,5,6,6,5,5,4,5,6,7,4,5,5,6,5,6,5,6,7,8,7,8,6,7,7,8,7,8,6,7,5,6,5,6,5,6,9,10,8,9,9,10,7,8,8,9,8,9,5,6,6,7,5,6,5,6,4,5,4,5,4,5,5,6,4,5,4,5,3,4,3,4,4,5,4,5,3,4,5,6,6,7,4,5,4,5,5,6,6,7,6,7
child_694,0,13,U11,midfielder,high,good,strong,mild,high,happy,36,95,9,9,8,8,7,7,6,6,8,9,10,10,8,8,7,9,6,8,8,9,7,8,9,8,8,8,8,9,9,8,8,8,9,9,7,8,8,8,9,9,9,9,9,9,8,8,7,8,9,9,10,10,9,9,8,8,9,9,10,10,7,8,8,9,9,9,7,8,8,9,8,8,7,7,6,7,5,6,7,8,6,7,7,8,6,7,8,9,7,8,6,5,9,8,10,10,9,9,7,8,8,9,6,5,9,9,7,7,6,6,5,5,4,4,9,9,8,8,5,5,6,6,8,8,5,5,7,6,10,10,9,9,9,9
child_695,0,13,U13,goalkeeper,medium,good,strong,mild,high,frustrated,83,69,7,8,6,7,5,6,7,9,8,10,6,5,7,8,4,9,3,8,8,9,7,8,6,7,7,8,8,9,8,7,8,9,6,8,6,7,7,8,8,9,8,9,7,8,6,7,5,6,7,8,8,9,5,6,6,7,5,6,4,5,7,9,8,9,7,8,7,8,8,9,7,8,7,8,7,8,6,7,3,9,4,8,4,8,5,7,6,8,7,9,6,5,5,6,4,5,4,5,4,6,3,4,4,5,4,5,5,5,5,5,3,4,2,3,3,4,3,3,2,3,5,6,7,7,3,4,4,5,6,7,7,8,7,8
child_696,0,12,U14,defender,medium,neutral,average,none,high,frustrated,66,38,4,7,5,6,4,5,6,8,5,9,5,6,6,7,3,9,2,8,5,7,4,7,4,8,4,8,5,8,4,7,5,7,6,6,4,7,5,6,3,8,3,8,6,8,5,7,4,6,5,7,7,8,4,5,6,8,5,7,4,6,6,8,6,9,5,8,6,8,6,8,5,7,5,7,5,7,5,7,3,9,3,8,2,9,5,7,4,8,5,8,5,4,4,5,4,5,4,5,5,6,3,5,6,5,5,6,5,4,4,4,2,3,3,4,4,5,3,4,2,3,3,5,6,6,3,4,5,5,4,6,5,6,5,6
child_697,0,12,U14,goalkeeper,medium,good,average,none,high,frustrated,73,59,6,8,8,9,5,7,7,9,5,8,7,8,5,6,4,9,3,8,7,9,7,8,6,8,6,8,7,9,8,8,7,9,8,9,6,7,7,7,7,8,8,9,6,8,5,7,5,8,6,9,7,9,8,9,6,8,5,7,4,8,6,9,8,10,5,6,8,9,7,9,6,7,5,8,7,8,6,7,3,9,4,8,3,9,6,8,5,8,6,8,5,7,7,8,6,8,5,7,6,7,5,6,6,7,7,8,5,6,5,6,4,5,5,6,6,7,5,6,3,4,4,5,6,6,4,5,5,6,6,7,6,8,7,8
child_698,0,11,U11,midfielder,medium,good,strong,none,medium,excited,37,80,9,8,10,9,8,7,7,9,9,10,10,9,8,8,10,10,9,9,9,9,9,8,9,8,8,8,9,9,9,9,9,8,10,9,9,9,10,8,10,9,10,9,10,9,9,8,9,7,10,9,9,8,10,10,9,9,10,9,10,10,8,8,9,9,9,8,9,9,8,8,9,9,9,8,8,7,7,6,10,10,9,9,9,8,8,7,9,9,10,10,7,6,8,7,10,9,10,9,9,8,9,8,7,6,9,8,8,7,7,6,6,5,8,7,9,8,7,6,5,4,8,7,9,8,7,6,8,7,10,9,9,8,9,8
child_699,0,11,U12,mixed,medium,bad,average,none,high,neutral,49,43,8,9,9,10,6,7,7,8,5,6,7,7,9,10,5,6,4,5,2,8,3,7,2,6,3,6,2,7,4,8,5,6,3,9,2,5,3,5,1,10,1,10,6,8,7,7,6,6,7,8,7,8,6,5,5,6,5,6,5,6,5,6,4,5,8,9,4,6,6,7,8,9,7,6,4,5,3,4,5,7,4,6,5,6,5,6,6,7,5,6,6,5,7,7,5,6,5,6,6,5,5,5,4,5,6,5,5,5,4,4,3,3,4,4,6,7,5,5,3,4,4,4,7,8,5,6,4,5,6,7,5,5,5,5
child_700,0,13,U14,midfielder,medium,good,average,mild,low,excited,10,71,8,9,7,8,6,7,7,8,8,9,7,7,8,8,9,9,8,9,9,9,8,8,8,8,8,9,8,9,7,8,8,9,9,9,9,8,8,7,9,9,9,9,6,7,5,7,5,6,6,7,8,8,5,6,6,7,7,8,7,8,8,9,8,9,8,8,8,9,7,8,7,8,8,8,7,8,6,7,9,9,8,8,9,9,8,8,8,8,8,8,7,7,6,7,5,6,5,6,6,7,5,6,6,6,7,8,6,7,6,6,5,5,5,6,6,6,5,5,4,5,6,6,7,8,5,6,6,7,7,8,6,7,6,7
child_701,0,14,U11,defender,medium,good,strong,none,high,excited,22,84,9,10,8,9,6,5,5,8,7,9,5,4,10,10,9,8,8,7,9,9,8,8,8,7,9,9,8,9,9,8,9,8,9,7,9,8,9,8,10,10,10,10,9,8,8,8,8,7,9,9,10,10,5,4,7,8,8,7,8,6,9,9,8,8,10,10,8,8,7,7,9,10,8,7,7,6,6,5,10,10,9,8,8,8,7,6,8,7,9,9,8,6,9,8,6,3,5,3,4,2,3,2,5,3,6,5,5,3,4,3,2,1,2,1,2,1,2,1,1,1,4,2,6,5,3,2,2,1,6,6,9,8,8,7
child_702,0,12,U12,forward,low,neutral,average,none,low,excited,37,71,8,9,9,8,7,6,9,9,8,8,9,9,7,7,9,9,8,8,6,7,7,8,7,8,6,8,7,8,6,7,7,8,8,9,7,7,7,7,8,9,8,9,8,9,7,8,8,8,8,9,9,9,8,8,7,8,8,9,9,9,8,9,7,8,8,8,8,8,8,9,7,8,8,9,7,7,7,7,9,10,8,9,9,10,7,8,8,9,8,8,7,6,8,7,9,8,9,8,7,6,7,6,6,5,8,7,5,4,5,4,6,5,6,5,8,8,7,6,5,5,7,6,9,8,6,5,7,6,9,8,7,6,8,7
child_703,0,11,U13,midfielder,medium,good,strong,frequent,low,excited,23,70,9,10,10,10,8,9,10,9,8,10,9,10,9,8,10,10,10,9,8,9,9,10,9,10,9,9,9,10,8,9,8,9,9,9,9,8,8,7,8,9,8,9,9,10,7,8,8,9,9,10,9,10,10,9,8,9,10,10,10,10,8,9,9,10,9,8,9,10,10,9,9,9,8,8,8,7,7,6,10,10,9,9,10,10,8,8,9,9,8,9,7,6,9,8,10,9,10,9,8,7,9,8,7,6,8,8,7,6,7,6,6,5,7,6,8,9,6,5,5,5,6,7,9,10,5,5,8,8,9,10,8,9,8,9
child_704,0,13,U11,forward,medium,bad,isolated,none,low,excited,35,11,8,9,5,7,4,6,6,8,7,9,4,5,7,8,9,10,8,9,2,10,2,10,2,9,2,9,2,10,2,10,3,8,3,9,3,7,2,9,2,10,2,10,3,8,4,7,3,8,2,7,5,7,6,8,3,8,3,9,4,9,6,8,7,9,7,8,6,8,5,8,6,7,5,7,5,6,4,6,9,10,8,9,8,10,6,7,7,8,6,7,5,6,3,8,7,9,6,9,4,6,5,6,5,5,5,5,5,5,5,5,4,4,4,4,5,6,6,6,4,4,4,5,5,7,4,5,6,7,4,6,5,6,5,7
child_705,0,13,U12,mixed,medium,good,strong,none,low,happy,43,79,9,10,7,6,5,4,8,7,6,8,10,9,8,9,7,6,5,5,9,10,8,9,8,7,9,8,7,9,9,10,8,7,9,8,8,7,8,8,9,10,9,10,9,10,8,8,7,7,9,10,9,10,10,9,8,7,9,8,9,9,8,7,7,9,8,9,9,8,9,8,8,9,7,8,6,7,6,6,7,8,6,6,7,8,8,7,7,7,8,8,6,5,5,4,9,10,9,9,8,7,7,6,6,5,9,8,6,5,6,5,5,4,4,3,8,9,7,6,4,3,5,4,8,7,6,5,7,6,9,10,8,9,9,10
child_706,0,12,U12,goalkeeper,medium,good,isolated,none,high,excited,39,58,8,7,3,4,2,3,9,8,8,9,2,4,3,6,9,10,9,8,9,8,8,8,8,7,9,9,9,8,9,9,8,8,8,9,9,8,8,7,9,8,9,9,4,5,4,5,5,6,3,5,6,8,2,3,3,5,5,6,6,7,9,10,9,9,3,5,8,8,9,10,7,6,7,8,8,7,7,6,9,10,9,8,9,9,8,7,8,8,8,8,5,3,7,4,2,3,2,3,1,2,1,2,2,2,2,3,3,4,3,4,1,2,1,2,1,2,1,2,1,2,3,4,2,3,1,2,2,3,2,3,8,8,9,8
child_707,0,12,U11,midfielder,medium,good,average,mild,high,excited,23,80,9,10,7,8,6,7,8,9,8,8,7,6,9,9,9,9,9,9,8,8,8,8,8,8,8,8,8,9,7,7,7,7,8,9,9,8,8,7,8,8,9,9,6,7,6,7,6,6,7,8,8,8,6,6,7,8,8,8,9,8,7,8,8,8,9,9,8,8,7,7,7,8,6,6,6,7,6,7,9,9,8,8,9,9,7,7,8,8,8,8,6,5,9,8,7,6,7,6,6,5,5,5,6,6,7,7,7,6,7,6,5,4,5,5,6,6,6,6,5,4,6,5,7,8,6,5,6,6,7,8,8,8,8,8
child_708,0,11,U12,midfielder,high,neutral,average,none,medium,frustrated,60,59,5,7,8,9,4,6,8,8,7,9,6,5,3,5,3,8,2,7,6,7,5,6,4,6,5,7,6,7,5,6,6,7,5,7,6,6,5,6,5,7,6,7,5,6,6,7,4,6,6,7,7,7,4,5,5,6,3,4,2,4,6,8,6,9,3,5,6,7,8,8,5,6,7,6,6,7,6,6,3,8,4,7,4,7,5,6,6,6,5,7,4,4,6,5,5,5,5,5,4,5,4,4,5,5,5,6,5,5,5,5,4,4,3,3,6,6,5,4,4,4,5,5,6,6,4,5,5,5,7,7,6,7,7,7
child_709,0,12,U14,goalkeeper,low,good,strong,none,medium,excited,22,83,8,8,9,9,7,7,9,8,8,8,9,8,8,7,10,10,9,9,9,9,8,8,9,9,8,8,8,8,9,9,8,7,9,8,9,8,8,7,8,7,9,9,9,9,9,8,8,7,9,9,9,8,8,7,8,8,9,8,9,8,8,7,7,6,8,8,7,7,9,8,7,6,8,7,6,5,5,4,10,10,9,9,9,8,7,6,9,8,8,7,6,5,8,7,8,7,8,7,6,5,7,6,5,4,8,7,5,4,4,3,5,4,4,3,6,5,5,4,4,3,7,6,8,7,5,4,6,5,8,8,7,6,9,8
child_710,0,13,U12,defender,medium,neutral,strong,mild,medium,excited,42,65,9,10,10,10,8,8,6,7,7,8,9,9,8,9,9,9,8,8,6,7,6,7,7,8,7,8,6,8,7,8,6,7,7,7,6,8,6,7,7,8,7,8,9,9,8,8,9,9,10,10,9,9,8,8,9,9,9,9,10,10,7,8,7,8,8,9,8,9,7,8,9,9,8,8,7,7,6,7,9,9,8,8,9,9,7,7,9,9,8,8,6,5,8,8,7,7,8,8,7,7,6,5,5,5,8,8,7,7,6,5,5,4,6,5,7,7,5,5,4,3,6,5,8,8,5,4,6,6,9,9,7,8,8,8
child_711,0,13,U14,forward,low,neutral,average,none,medium,excited,58,42,8,9,7,8,6,6,7,7,7,8,6,5,9,10,9,9,8,7,6,8,6,8,6,7,7,8,6,8,6,7,7,8,8,8,7,8,6,7,6,8,7,8,7,8,6,7,7,6,6,8,8,9,5,4,6,7,7,8,8,8,7,8,8,9,9,10,7,8,7,8,9,9,7,8,6,6,6,6,9,9,8,7,8,8,7,7,7,8,8,8,5,4,6,7,5,5,6,5,5,5,5,5,5,4,6,5,5,4,5,4,4,3,4,3,5,6,5,5,4,3,5,5,6,6,4,4,5,5,6,6,6,6,6,6
child_712,0,13,U14,defender,medium,good,average,none,medium,excited,45,91,9,9,10,10,8,8,9,9,7,8,10,10,8,9,9,9,9,8,8,8,8,8,9,9,9,9,8,9,8,8,8,9,9,9,8,8,8,8,9,9,9,9,8,9,8,8,7,8,9,9,9,9,10,10,8,8,9,9,10,9,8,8,9,9,8,9,9,9,9,9,8,9,8,8,8,8,7,7,10,10,9,9,10,9,8,8,9,9,9,8,7,6,8,8,9,9,10,9,8,7,9,9,7,6,9,9,7,6,6,5,5,4,6,5,9,8,8,8,4,3,7,6,10,10,6,5,8,7,10,10,9,8,10,10
child_713,0,11,U12,goalkeeper,medium,neutral,isolated,none,medium,neutral,63,9,8,9,6,8,7,7,6,8,7,9,5,9,9,10,6,9,5,8,6,7,5,8,5,7,6,8,5,8,5,6,6,7,4,8,5,7,5,7,3,8,3,9,4,9,5,8,4,6,5,7,6,8,5,8,5,8,4,7,4,6,7,8,8,9,9,10,6,9,7,8,7,9,6,8,6,7,5,6,5,9,4,8,5,9,6,7,6,8,7,8,5,5,6,7,7,8,7,8,5,6,5,6,5,5,6,6,5,5,4,4,3,3,3,4,5,6,6,6,3,3,4,5,6,7,5,5,5,6,6,7,6,6,6,6
child_714,0,13,U13,forward,low,good,average,none,high,excited,44,86,9,8,10,10,8,9,7,8,8,9,9,9,10,10,10,10,9,9,8,9,9,9,9,9,8,8,8,8,8,7,9,8,9,8,8,9,8,7,9,8,9,8,7,8,8,8,8,7,8,9,9,9,9,10,8,9,9,9,10,10,8,9,8,9,10,10,8,9,7,8,8,9,7,8,6,7,5,6,10,10,8,9,9,10,8,7,9,9,8,8,7,6,9,9,9,9,10,10,8,8,9,9,7,6,8,8,7,6,6,5,5,4,8,7,9,9,8,8,5,4,6,5,9,9,6,5,7,7,10,10,9,9,10,10
child_715,0,11,U11,midfielder,high,good,average,none,low,excited,44,59,9,9,10,10,8,8,7,8,9,9,9,9,8,8,10,10,9,9,8,9,8,8,9,9,8,8,8,9,8,8,7,8,9,9,8,9,8,8,9,9,9,9,7,8,7,8,7,7,8,9,9,9,10,10,8,8,9,9,10,10,8,9,8,9,9,9,8,8,8,9,8,8,8,8,7,7,7,7,9,10,8,9,8,9,7,8,8,8,8,8,6,6,7,7,9,9,9,9,8,8,9,9,6,6,7,7,7,7,6,6,5,5,6,6,9,9,8,8,4,4,6,6,9,9,5,5,8,8,10,10,8,8,9,9
child_716,0,13,U13,mixed,low,neutral,average,mild,high,anxious,63,31,6,7,5,6,4,5,5,8,4,9,5,6,5,7,5,8,4,8,5,6,5,7,4,6,5,7,5,8,4,6,5,7,5,8,5,7,5,6,4,9,4,8,5,6,4,7,4,5,5,7,5,7,4,6,5,7,4,6,4,5,5,7,5,8,5,7,5,8,5,7,5,6,5,6,5,8,5,8,4,9,4,8,5,8,5,7,5,8,5,7,5,5,5,6,4,5,4,5,4,6,4,5,5,5,5,6,5,5,5,5,4,4,4,4,5,5,4,4,3,3,4,5,5,6,4,4,4,5,4,6,5,6,5,6
child_717,0,14,U14,defender,low,good,strong,none,low,excited,43,67,9,8,10,10,8,7,7,8,8,9,10,9,9,8,10,10,9,9,8,9,9,8,8,9,9,8,8,9,9,9,8,8,9,8,9,9,8,7,9,8,9,9,10,10,9,8,10,9,10,10,9,8,10,9,9,8,10,9,10,10,8,9,8,9,9,8,9,8,9,9,8,8,8,8,7,7,6,6,10,10,9,8,10,10,8,8,9,9,9,9,7,6,9,8,10,9,10,9,8,8,9,8,7,6,9,8,7,6,7,6,6,5,5,4,8,7,6,5,5,4,7,6,10,9,5,4,7,6,10,9,9,8,9,8
child_718,0,13,U13,midfielder,medium,good,strong,none,medium,neutral,46,51,6,7,8,9,5,6,4,8,7,9,7,6,6,7,5,10,4,9,8,8,7,8,6,7,6,8,5,9,8,8,7,9,8,8,5,6,6,7,8,9,9,10,8,9,7,8,6,7,7,8,9,9,5,6,8,7,7,8,6,7,7,9,8,10,7,8,6,7,5,8,6,8,5,8,6,7,5,6,5,9,6,8,4,9,7,8,6,8,5,7,6,5,4,6,5,6,4,5,3,5,2,4,5,5,6,6,4,5,4,4,3,3,3,3,5,6,5,5,3,2,4,4,6,7,3,3,4,4,5,6,7,8,6,8
child_719,0,11,U13,defender,medium,good,average,none,high,frustrated,66,42,5,7,8,9,6,8,6,7,7,9,5,6,4,5,3,8,2,7,8,9,8,9,7,8,7,8,7,9,7,8,8,7,6,9,4,6,7,8,9,10,9,10,6,7,5,6,3,5,6,7,7,8,4,5,6,7,5,6,4,5,7,8,6,9,4,5,7,8,6,7,5,6,6,7,7,8,5,6,3,9,4,7,2,8,6,7,5,8,4,7,5,4,6,5,5,5,4,5,4,5,3,4,5,4,8,9,5,4,5,4,3,2,2,3,4,4,3,3,2,2,5,5,6,7,4,4,3,3,6,6,7,8,8,9
child_720,0,11,U13,midfielder,high,neutral,average,none,high,happy,40,88,9,8,7,7,6,6,8,9,8,9,7,6,10,10,8,9,7,8,6,7,7,8,7,8,7,8,8,9,6,7,7,8,8,9,6,7,7,6,7,8,8,9,7,8,8,7,8,7,8,8,9,8,6,5,7,7,7,7,8,8,9,9,8,9,10,10,8,9,8,8,9,8,8,8,7,7,6,6,8,9,7,7,8,9,7,7,8,8,9,9,5,4,6,6,6,5,7,6,5,5,6,5,5,4,7,7,5,4,5,4,4,3,3,2,6,5,5,4,3,2,6,5,7,6,4,3,5,5,8,8,6,6,7,7
child_721,0,12,U14,goalkeeper,high,neutral,isolated,mild,medium,frustrated,69,31,6,8,5,7,4,7,3,9,8,9,4,8,7,8,3,9,2,8,5,6,5,7,4,7,6,8,5,9,4,7,6,8,3,9,4,7,5,7,2,9,2,9,3,8,3,7,2,6,4,9,5,8,4,8,3,7,2,7,1,7,6,8,7,9,6,8,6,8,5,9,7,8,5,7,7,9,6,7,2,9,3,8,2,9,6,8,5,9,4,8,4,6,5,7,3,7,4,6,3,6,4,6,5,5,5,6,6,5,5,5,3,4,3,5,4,6,3,5,2,3,2,4,5,7,3,5,4,6,3,6,6,7,5,6
child_722,0,11,U11,defender,medium,good,average,none,low,excited,44,53,8,9,7,7,6,6,8,8,8,9,6,5,8,8,9,9,8,7,9,9,8,8,8,8,9,9,9,9,8,8,9,9,8,8,8,8,8,8,9,9,9,9,7,7,6,6,7,6,7,7,8,8,5,5,7,7,8,8,8,8,8,9,9,9,8,7,8,8,8,8,7,7,6,6,7,7,7,6,9,9,8,7,8,8,7,7,8,8,8,8,6,5,7,6,5,5,5,5,4,4,4,4,5,5,6,6,5,5,5,5,4,4,3,3,4,4,4,4,3,3,5,5,6,6,4,4,5,5,6,6,7,7,7,7
child_723,0,14,U13,forward,low,good,strong,none,high,frustrated,77,61,6,8,7,6,5,5,6,7,7,9,6,5,6,7,3,8,3,7,8,9,7,8,6,8,6,8,7,9,8,9,7,8,8,9,6,8,7,7,8,9,8,9,8,8,7,8,5,7,7,8,8,9,6,6,7,8,6,7,4,6,6,7,7,9,6,7,6,8,5,7,6,8,5,6,6,7,5,6,3,8,4,8,3,7,6,7,6,7,5,7,5,4,6,5,5,5,5,5,4,4,4,4,5,4,6,5,5,4,5,4,4,3,3,3,6,5,5,4,4,3,4,3,5,5,4,4,4,3,3,4,5,5,5,5
child_724,0,12,U11,mixed,medium,bad,strong,none,medium,happy,54,49,8,9,10,10,9,8,7,8,6,7,9,9,8,9,6,7,5,6,3,9,3,8,3,8,4,7,4,8,3,9,5,8,2,9,4,7,3,8,2,9,2,9,9,9,8,8,9,9,9,10,9,9,8,8,9,9,10,10,10,10,7,8,6,8,8,9,6,8,5,7,7,8,6,7,6,7,5,6,5,6,4,5,5,6,5,6,6,7,6,7,5,5,8,8,9,9,9,9,7,8,8,9,5,6,6,7,5,6,5,6,4,5,5,6,8,9,7,8,5,6,6,6,9,9,6,6,7,7,9,10,7,7,8,9
child_725,0,11,U12,midfielder,medium,good,strong,none,high,happy,50,100,9,10,8,9,7,6,8,8,7,8,9,9,7,8,6,9,5,6,8,9,8,9,9,9,8,8,7,9,9,10,8,8,9,10,6,7,8,7,9,10,9,10,9,10,8,8,8,7,9,9,9,9,7,6,8,8,9,9,9,9,8,9,7,8,7,8,8,9,8,8,7,8,6,7,6,7,5,6,7,9,6,7,7,8,7,8,8,9,7,8,6,5,9,8,8,8,8,7,6,5,6,5,7,6,8,8,8,7,7,6,5,4,6,5,9,8,7,6,5,4,6,5,7,6,5,4,6,5,9,9,8,8,9,9
child_726,0,14,U13,forward,low,good,average,none,low,excited,53,67,9,10,7,7,6,6,8,9,7,8,7,5,8,9,9,10,8,8,8,9,8,8,7,8,8,8,9,9,8,8,8,9,8,9,8,7,8,7,9,9,9,9,7,8,7,7,6,6,8,8,8,9,6,5,7,7,8,8,8,8,8,9,7,9,8,9,8,8,7,7,8,8,7,7,6,6,5,5,9,9,8,8,9,9,8,8,8,8,8,8,6,5,7,6,6,5,5,5,4,4,4,4,5,5,6,6,5,5,5,5,4,4,4,4,5,5,5,5,3,3,5,5,7,6,4,4,6,5,5,6,7,6,6,6
child_727,0,11,U14,mixed,low,good,strong,none,medium,frustrated,76,44,6,8,8,9,5,7,7,8,8,9,7,6,5,8,4,9,3,7,8,9,7,8,6,7,7,9,7,9,8,9,6,8,7,9,6,8,6,7,5,9,5,9,8,9,7,8,6,8,8,9,8,9,5,6,7,8,6,7,6,7,7,8,7,8,5,8,6,7,7,8,6,7,5,8,6,7,5,6,3,9,4,8,4,8,6,7,5,6,5,7,5,5,7,7,6,5,6,5,5,6,5,6,5,4,6,7,5,4,4,4,4,4,3,3,5,5,4,3,4,3,5,4,7,6,4,4,5,5,6,8,7,8,7,8
child_728,0,11,U11,defender,low,good,strong,mild,medium,frustrated,59,68,6,8,7,7,5,5,6,7,8,9,7,7,6,8,4,8,3,7,8,9,7,8,6,8,7,8,7,9,8,9,7,8,6,9,5,6,7,6,7,9,8,10,8,9,6,7,5,8,7,9,9,9,5,6,6,8,5,7,4,6,6,9,7,9,6,8,7,8,6,9,5,8,7,8,6,7,5,6,3,10,4,9,5,8,6,7,5,8,6,9,4,6,7,8,5,6,4,5,4,6,5,6,6,7,7,8,6,6,5,5,4,5,3,4,5,6,4,5,3,4,5,5,7,7,4,5,4,5,6,7,7,8,6,7
child_729,0,12,U11,forward,high,neutral,isolated,none,low,frustrated,68,14,5,7,6,9,4,8,3,7,7,9,4,6,7,8,3,10,2,9,6,7,5,8,4,7,5,8,5,9,5,7,6,8,7,9,4,8,6,7,2,10,2,10,3,9,3,8,3,7,2,8,5,9,4,8,4,8,3,8,2,8,5,9,6,8,7,9,5,8,4,9,6,7,6,7,5,6,5,6,2,10,3,8,3,9,5,8,4,9,5,8,5,6,4,6,6,8,5,8,3,7,2,6,3,5,4,6,4,5,4,5,3,4,2,3,5,6,4,5,3,4,4,5,5,9,3,4,3,6,4,8,3,5,4,6
child_730,0,12,U12,mixed,high,good,average,none,high,excited,42,80,8,7,7,6,6,5,7,8,9,9,7,6,6,5,9,9,8,8,9,9,8,8,9,9,8,8,9,9,8,8,9,9,9,9,8,7,8,7,9,9,9,9,7,7,8,7,8,8,8,7,9,9,7,6,8,7,9,8,8,7,9,9,8,9,6,5,9,9,8,8,7,7,8,8,7,6,7,6,10,10,8,8,9,9,7,7,9,9,9,9,7,6,8,7,6,5,7,6,5,4,6,5,5,4,8,7,5,4,5,4,4,3,3,2,5,4,4,3,3,2,5,4,6,5,4,3,6,5,7,6,8,7,8,7
child_731,0,12,U12,midfielder,low,neutral,strong,none,high,excited,29,66,9,8,10,10,8,8,6,7,7,9,10,9,8,8,9,10,8,9,7,7,6,7,7,8,7,7,6,8,7,8,6,7,7,7,7,8,6,7,6,8,7,8,9,9,9,9,9,9,9,10,10,10,10,9,9,8,10,9,10,9,6,7,6,8,8,9,7,8,7,8,7,8,6,7,6,7,6,7,9,10,8,9,9,9,6,7,8,8,7,8,6,6,9,8,10,9,10,9,7,7,9,8,6,6,8,8,7,6,7,6,5,5,6,5,8,8,7,7,5,5,8,8,9,9,6,6,7,7,10,9,8,8,9,9
child_732,0,13,U13,midfielder,low,neutral,isolated,none,low,excited,36,33,7,8,6,7,5,6,5,9,8,9,4,5,7,8,9,10,8,9,6,7,6,8,5,7,5,7,6,8,4,7,7,8,7,9,5,6,5,6,5,8,5,8,4,6,5,7,4,6,5,7,6,8,4,5,5,7,5,6,4,5,7,8,8,9,6,8,7,8,6,7,5,7,6,8,5,7,5,6,9,10,6,7,8,9,6,7,7,8,6,7,5,6,5,6,4,5,4,5,4,5,4,6,4,5,5,6,5,6,5,6,3,4,3,4,4,5,4,5,3,4,4,5,7,8,3,4,3,5,5,6,5,6,5,6
child_733,0,11,U13,defender,low,good,isolated,none,medium,frustrated,68,41,6,7,5,6,4,5,7,8,8,9,4,5,5,6,3,8,2,7,8,8,7,8,6,7,7,8,8,9,8,9,7,8,6,8,6,7,6,7,7,8,7,8,3,6,4,5,4,5,3,6,6,7,4,5,4,5,4,5,3,6,7,8,6,8,5,5,7,8,7,8,5,5,6,7,7,8,7,8,3,8,3,8,3,7,6,7,6,7,6,7,5,6,5,6,4,5,4,5,3,5,3,5,5,6,6,7,5,6,5,6,4,5,3,4,4,5,3,4,3,4,4,5,5,6,4,5,4,5,4,5,5,6,5,6
child_734,0,14,U11,defender,low,neutral,average,mild,high,frustrated,74,33,5,8,6,9,5,7,3,6,4,8,7,9,5,8,2,7,2,6,5,7,4,6,3,5,4,6,3,6,5,6,5,7,3,8,4,7,5,6,2,8,2,8,4,7,3,6,3,5,5,8,6,8,6,9,5,7,4,6,3,6,4,5,4,6,5,7,4,6,3,5,5,6,4,6,2,5,2,5,2,7,2,7,2,6,3,6,3,6,3,7,4,5,5,8,7,9,6,9,5,7,6,8,5,6,5,6,6,6,5,6,4,5,3,5,5,7,6,7,3,5,5,6,7,8,4,5,5,7,5,9,5,7,6,7
child_735,0,12,U13,midfielder,low,good,average,none,high,happy,55,68,8,9,9,9,7,8,6,7,5,8,9,10,7,8,6,7,5,6,8,9,8,9,8,9,7,8,7,8,8,9,7,8,8,9,7,8,8,9,9,10,9,10,7,8,6,7,7,8,7,8,8,9,8,9,7,8,8,9,8,9,7,8,6,7,7,8,6,7,7,8,7,8,7,8,6,7,5,6,6,7,6,7,7,8,6,7,7,8,7,8,5,6,7,8,8,9,8,9,6,7,7,8,6,7,8,9,5,6,5,6,4,5,3,4,7,8,6,7,4,5,6,7,8,9,5,6,6,7,9,10,8,9,8,9
child_736,0,12,U12,goalkeeper,medium,neutral,average,none,low,frustrated,63,42,6,7,7,8,5,6,8,9,8,9,4,5,5,7,3,8,2,7,6,7,5,6,5,6,6,7,5,6,4,6,6,8,7,8,4,6,5,5,5,6,5,6,6,7,5,6,4,5,6,7,7,8,3,4,5,6,4,5,3,5,6,9,8,9,5,6,7,8,7,8,5,7,6,7,6,8,5,7,3,8,4,8,3,7,6,7,5,7,6,8,3,4,4,5,3,4,3,4,2,3,1,2,2,3,5,6,3,4,3,4,1,2,1,2,2,3,1,2,1,2,3,4,5,6,2,3,2,3,2,3,5,6,6,7
child_737,0,13,U12,mixed,low,good,isolated,none,high,excited,25,79,8,9,7,8,5,6,6,7,8,10,6,7,7,8,9,9,8,9,8,8,9,9,7,8,8,9,8,9,8,8,9,9,9,9,7,8,8,8,9,9,9,9,5,6,6,7,5,6,6,7,7,8,6,7,5,6,6,7,7,8,8,9,8,9,7,8,8,9,8,9,8,9,7,8,7,8,6,7,9,10,7,8,8,9,7,8,8,9,8,9,5,6,6,7,6,7,6,7,5,6,5,6,6,7,7,8,6,7,5,6,4,5,3,4,5,6,5,6,4,5,5,6,6,7,4,5,5,6,6,7,6,7,6,7
child_738,0,14,U14,defender,low,neutral,average,none,high,frustrated,73,49,7,8,5,6,4,5,4,7,6,9,6,7,5,8,3,9,3,8,6,8,6,7,5,8,5,7,5,9,6,8,6,7,7,8,5,7,6,6,5,8,6,9,6,8,5,6,5,6,6,7,7,8,4,6,6,7,5,6,4,5,6,8,5,9,5,8,5,8,6,7,5,9,4,7,5,6,5,6,2,9,3,8,3,8,5,7,5,6,4,7,5,4,6,5,5,6,5,6,5,6,5,7,5,4,6,5,5,4,5,4,5,3,4,3,5,5,5,3,4,2,5,5,6,7,4,4,5,6,6,7,5,6,5,6
child_739,0,13,U12,defender,medium,good,strong,none,low,excited,41,74,9,8,10,9,8,7,7,8,8,9,10,9,9,8,10,10,9,9,8,8,9,9,9,8,8,8,8,9,9,8,8,8,9,9,9,8,8,8,9,9,9,9,9,9,8,8,9,8,10,9,9,9,10,9,9,8,10,9,10,9,8,8,9,9,9,9,8,8,8,8,9,9,8,8,7,7,6,6,10,10,9,8,10,9,8,8,9,9,9,8,7,6,8,7,10,9,10,9,8,8,9,8,6,5,9,8,5,5,5,5,6,5,7,6,8,7,7,6,6,5,7,6,9,8,6,5,9,8,10,9,8,7,9,8
child_740,0,12,U13,mixed,low,good,average,none,low,frustrated,54,55,7,9,6,8,5,7,8,9,4,8,6,7,8,10,3,7,2,6,8,9,7,8,6,8,6,9,7,9,8,8,6,8,5,8,4,7,5,6,4,9,5,9,6,8,5,8,4,7,5,8,6,9,7,9,5,8,6,7,4,8,5,8,7,9,9,10,6,8,8,9,7,9,6,7,5,7,4,6,2,7,3,7,2,6,5,6,4,6,3,7,6,5,5,6,6,8,6,8,5,7,6,8,5,5,5,7,4,5,4,4,3,3,5,4,6,6,5,5,4,4,3,5,6,7,4,6,7,8,6,8,5,6,6,7
child_741,0,14,U11,forward,low,neutral,isolated,none,high,excited,47,62,8,9,7,8,5,6,6,8,7,9,5,6,7,8,9,10,8,9,6,7,6,7,5,8,6,8,7,9,6,7,7,9,6,8,7,8,6,7,7,9,7,9,5,6,4,5,6,7,5,6,8,9,5,6,6,7,6,7,7,8,8,9,7,9,7,8,7,8,8,9,7,8,6,7,6,7,5,6,9,10,8,9,9,10,7,8,8,9,7,8,5,6,6,7,5,6,5,6,4,5,5,6,5,6,5,6,4,5,4,5,4,5,3,4,5,6,4,5,3,4,6,7,6,7,5,6,5,6,7,8,6,7,7,8
child_742,0,11,U14,forward,medium,neutral,average,none,medium,happy,40,83,8,9,7,8,6,6,9,9,7,8,6,6,8,7,7,8,6,7,6,7,7,8,7,8,7,7,7,8,5,6,6,7,7,8,6,7,7,6,8,7,8,8,7,8,8,8,7,7,7,8,8,9,5,6,6,7,6,7,6,7,8,9,8,9,8,8,7,7,7,8,6,7,6,7,5,6,5,6,6,8,7,8,7,8,6,7,7,8,7,8,6,5,7,6,5,5,6,5,5,5,6,5,5,5,7,6,6,5,6,5,4,4,5,5,6,6,4,4,4,4,5,5,7,6,4,4,6,5,7,6,6,6,7,7
child_743,0,13,U13,midfielder,low,good,strong,none,medium,happy,43,82,9,10,8,7,6,5,7,8,6,7,8,7,7,8,5,6,4,5,8,9,8,8,7,8,7,8,8,9,8,9,8,7,7,9,6,6,7,6,8,9,9,10,9,9,8,8,8,8,9,9,9,9,7,6,8,8,8,8,7,8,8,9,7,8,7,8,8,9,8,8,7,8,7,7,6,7,5,6,5,6,5,5,6,7,7,7,6,6,7,7,6,5,7,6,8,7,7,7,5,5,6,5,6,5,7,7,5,5,5,5,5,4,4,3,6,6,5,5,4,4,6,5,8,8,4,4,6,6,8,9,7,7,7,8
child_744,0,14,U12,mixed,high,good,average,none,low,excited,51,77,9,10,7,8,6,7,8,9,9,10,7,8,8,9,10,10,9,8,8,9,7,9,9,10,8,9,9,9,8,8,8,9,9,10,8,9,8,7,9,9,9,10,7,8,6,7,6,7,7,8,9,9,6,6,7,8,8,8,8,8,9,10,9,10,8,9,9,10,8,9,9,10,7,8,7,8,6,7,10,10,8,8,9,9,8,8,9,9,8,8,6,7,7,7,6,6,7,7,6,6,5,5,5,5,8,8,7,7,6,6,4,4,4,4,5,5,5,5,4,4,6,6,7,7,5,5,7,7,6,6,7,7,7,7
child_745,0,11,U12,forward,medium,neutral,strong,frequent,medium,neutral,56,41,6,8,7,7,5,6,6,8,7,9,7,6,8,9,5,8,5,7,6,7,6,7,5,8,6,8,6,9,6,8,7,8,5,8,5,7,5,6,5,9,5,9,7,8,5,7,6,6,8,8,7,8,6,7,6,7,7,7,5,6,7,9,7,9,8,9,7,8,6,8,8,9,6,7,5,6,5,6,6,8,4,7,5,8,6,8,6,7,6,7,5,6,5,6,4,5,4,5,4,6,4,5,5,5,6,7,5,5,5,5,4,4,4,5,4,5,4,5,3,4,5,5,6,6,4,5,5,6,6,7,6,6,6,7
child_746,0,13,U12,midfielder,low,good,strong,mild,high,anxious,68,85,8,8,9,10,7,9,8,8,7,9,9,9,9,10,6,8,5,8,8,9,8,9,7,8,8,9,8,9,9,10,7,9,8,9,8,8,7,8,8,9,9,10,9,10,8,8,7,8,9,10,9,10,9,10,8,9,8,9,8,9,8,9,7,9,9,10,8,9,7,8,8,9,8,9,6,7,5,6,6,8,7,8,6,8,7,8,8,9,7,8,5,6,7,8,9,10,9,10,6,7,8,9,7,8,8,9,6,7,6,7,5,6,4,5,8,9,6,7,5,6,7,8,8,9,5,6,7,8,8,9,9,10,9,10
child_747,0,11,U14,goalkeeper,high,good,strong,none,low,excited,43,84,9,7,10,10,8,6,6,8,9,10,10,9,7,8,10,10,10,9,8,8,9,9,8,7,9,8,9,8,8,7,9,8,9,9,9,8,8,7,10,9,10,9,9,9,9,8,9,7,10,10,10,10,10,9,9,8,10,9,10,9,9,10,9,10,8,8,9,9,8,7,8,9,8,8,8,7,7,6,10,10,9,9,10,10,8,8,9,9,10,10,7,5,8,7,9,8,10,9,8,7,7,5,7,5,9,8,8,6,8,6,6,4,6,4,7,5,6,4,5,3,8,7,9,8,5,4,7,6,10,9,9,8,9,8
child_748,0,11,U11,midfielder,low,neutral,isolated,none,medium,excited,41,44,9,10,5,7,4,6,7,8,8,9,4,6,7,8,9,10,8,9,6,7,6,7,5,6,5,6,6,7,6,7,7,8,7,8,6,7,6,7,5,6,6,7,4,6,4,6,5,7,5,7,6,8,3,5,5,6,5,6,4,5,8,9,7,8,7,8,7,8,8,9,7,8,7,8,6,7,5,6,9,10,8,9,8,9,7,8,7,8,6,7,5,6,6,7,3,5,3,5,4,5,2,4,4,5,5,6,3,4,3,4,2,3,1,2,3,4,2,3,1,2,3,4,5,6,2,3,3,4,3,5,6,7,5,6
child_749,0,12,U14,goalkeeper,high,good,average,none,medium,neutral,46,45,7,8,8,9,6,7,5,7,6,8,8,9,7,8,5,7,4,6,8,9,8,9,7,8,7,8,8,9,7,8,8,9,8,9,7,8,7,8,8,9,8,9,6,7,5,6,6,7,6,7,7,8,8,9,5,7,7,8,6,7,6,8,7,9,7,8,6,8,5,7,7,8,6,7,5,6,5,6,4,6,5,7,5,7,6,7,5,6,6,8,5,6,6,7,7,8,7,8,6,7,6,7,5,6,6,7,5,6,5,6,4,5,5,6,6,7,5,6,4,5,5,6,7,8,5,6,6,7,7,8,6,7,7,8
child_750,0,12,U14,defender,medium,neutral,average,none,high,excited,40,57,8,9,9,10,8,8,7,8,7,9,9,9,9,10,8,9,8,9,6,8,6,8,6,8,6,8,5,9,6,8,5,7,6,8,5,8,5,7,4,9,4,9,7,9,6,8,6,7,7,9,8,8,9,9,7,8,8,9,8,9,6,8,7,8,9,10,7,9,6,8,7,9,6,7,5,6,4,6,9,10,8,8,9,9,6,7,7,8,7,8,6,6,8,7,9,9,9,9,7,8,9,9,6,5,7,6,6,5,5,4,4,3,5,5,8,8,7,7,6,5,5,4,8,9,5,4,7,8,9,10,6,6,7,7
child_751,0,14,U11,midfielder,low,neutral,strong,none,low,excited,34,47,8,8,9,9,7,6,7,8,8,9,8,7,6,4,9,10,8,9,6,7,6,7,7,8,7,8,7,8,6,5,6,6,7,8,7,8,6,6,5,7,6,7,9,8,8,7,9,8,9,9,9,8,8,7,8,8,9,9,9,8,8,8,8,8,6,4,7,7,8,8,7,6,6,5,6,6,5,5,9,10,8,9,9,9,7,8,8,9,8,8,5,4,6,7,7,6,8,7,5,5,5,4,5,5,7,7,5,5,5,5,4,3,4,3,7,6,5,5,3,2,6,5,8,7,4,3,6,5,9,8,6,7,7,8
child_752,0,14,U13,mixed,medium,good,strong,none,high,excited,18,100,10,10,6,5,4,3,10,8,9,9,6,4,8,9,10,10,9,8,9,9,9,8,8,8,9,9,8,9,8,7,9,8,10,10,9,8,8,7,10,10,10,10,9,9,8,7,9,8,9,9,10,9,5,4,7,8,9,8,10,9,10,10,9,9,8,8,8,8,10,10,9,8,10,10,8,7,7,6,10,10,9,8,10,9,8,7,9,8,9,8,7,5,8,7,5,4,5,4,4,3,3,2,6,5,7,6,6,5,5,4,4,3,3,2,4,3,3,2,2,1,5,4,6,5,3,2,3,2,5,4,8,7,8,7
child_753,0,13,U12,defender,medium,good,strong,none,low,neutral,54,61,7,8,6,7,5,5,8,9,7,8,6,5,4,6,7,8,6,7,8,9,8,9,7,8,8,9,7,8,8,8,9,9,8,9,7,8,8,7,8,8,9,9,8,8,7,7,7,7,8,8,9,9,5,6,7,7,6,6,6,6,8,9,8,9,5,6,8,8,9,9,6,6,7,7,8,9,7,8,6,8,7,8,6,7,8,9,7,8,6,8,5,5,5,5,4,5,5,5,5,6,5,6,5,5,6,6,6,6,5,5,4,4,3,3,5,5,4,4,3,3,6,7,7,8,4,4,5,6,5,5,6,6,6,6
child_754,0,13,U11,goalkeeper,high,neutral,isolated,mild,medium,happy,50,39,8,9,5,8,4,7,4,8,6,9,3,6,5,6,5,7,5,6,6,7,6,7,6,8,7,8,6,8,5,7,7,8,5,8,6,7,6,7,6,8,7,9,4,7,4,7,4,6,3,6,5,6,3,5,4,6,3,5,3,5,7,8,6,8,5,6,6,7,7,8,6,6,6,7,6,7,5,6,6,7,5,6,6,7,6,7,5,6,6,6,5,5,4,6,3,5,3,5,3,4,3,4,4,5,5,6,4,5,4,5,3,4,3,4,3,5,3,4,2,3,4,5,6,7,3,4,2,3,5,6,4,6,5,6
child_755,0,11,U11,goalkeeper,high,good,strong,none,high,excited,42,100,9,8,10,9,8,7,10,10,9,10,10,9,7,6,10,10,10,10,9,8,9,8,9,9,9,9,9,9,9,8,9,8,9,8,9,8,8,7,9,8,9,8,10,9,9,8,10,9,10,9,10,9,8,7,9,8,10,9,10,9,9,8,9,9,7,6,9,8,10,10,8,8,9,9,8,7,8,7,10,10,9,9,10,10,9,8,10,9,10,9,8,7,9,8,8,7,8,7,7,6,7,6,6,5,9,8,7,6,7,6,5,4,5,4,7,6,6,5,5,4,6,5,8,7,5,4,6,5,9,8,9,8,9,8
child_756,0,11,U11,goalkeeper,low,good,strong,none,high,excited,52,60,8,9,7,7,6,5,5,6,7,9,8,8,8,8,9,10,9,10,9,9,8,8,9,9,8,8,8,9,9,9,8,7,9,9,8,8,8,7,9,9,9,9,9,9,8,8,8,7,9,9,9,9,7,6,9,9,9,9,9,9,8,8,8,9,8,8,8,7,7,8,8,9,7,7,7,7,7,6,9,10,8,8,9,10,8,8,9,9,9,9,6,5,8,7,7,6,7,6,6,5,5,4,5,4,7,6,5,4,5,4,4,3,3,2,6,5,4,3,3,2,5,4,7,7,4,3,6,5,8,9,9,9,9,9
child_757,0,12,U12,midfielder,medium,good,average,none,high,excited,49,75,8,9,9,10,7,8,7,8,8,9,8,8,7,8,9,10,9,9,8,9,8,9,8,9,8,9,8,9,8,9,7,8,9,10,8,9,8,8,9,10,9,10,7,8,8,9,7,8,8,9,8,9,6,7,8,9,9,10,9,10,7,8,8,9,7,8,8,9,8,9,8,9,7,8,7,8,6,7,9,10,7,8,9,10,8,9,8,9,9,10,6,7,8,9,6,7,7,8,5,6,5,6,6,7,7,8,5,6,5,6,5,6,4,5,6,7,5,6,4,5,6,7,7,8,4,5,5,6,6,7,5,6,5,6
child_758,0,12,U13,mixed,high,good,average,mild,high,excited,40,74,8,7,6,9,5,5,7,8,9,10,6,5,6,5,9,10,8,9,9,9,8,8,7,8,8,9,8,8,7,8,9,9,9,9,8,8,8,7,9,9,9,9,6,7,5,6,6,6,6,7,7,8,4,5,7,7,6,6,7,7,9,9,9,9,6,5,8,7,8,9,5,5,6,6,7,8,7,8,9,10,8,9,9,10,7,6,8,9,7,8,5,4,6,5,4,3,4,3,3,2,3,2,4,3,6,6,5,5,5,5,3,2,2,1,4,3,2,1,2,1,3,3,4,4,2,1,3,2,5,5,6,6,7,7
child_759,0,12,U11,midfielder,medium,neutral,strong,none,medium,frustrated,60,50,6,8,9,9,5,7,8,9,7,9,8,7,7,8,4,8,3,6,5,6,5,6,4,7,6,7,6,7,5,6,6,8,4,8,5,7,5,6,3,8,4,9,9,9,8,8,6,7,9,9,9,9,6,7,5,8,5,7,4,6,7,8,8,9,6,7,7,8,8,9,6,8,6,7,5,7,5,6,3,8,4,7,5,8,6,6,7,8,5,8,4,5,5,6,7,6,6,6,4,5,4,4,5,4,5,5,6,5,5,4,3,3,2,2,5,5,4,4,3,3,4,4,5,5,4,4,3,5,5,6,6,7,7,8
child_760,0,14,U11,mixed,medium,good,average,none,high,excited,20,100,9,8,10,9,8,7,9,9,8,9,9,7,9,8,10,10,9,9,8,9,9,9,8,8,9,9,8,9,9,9,8,8,9,9,8,8,9,9,9,9,9,9,8,8,8,8,9,8,9,9,9,9,7,7,8,8,9,8,10,9,8,9,8,9,9,8,9,9,9,9,8,8,8,7,7,6,7,6,10,10,9,9,9,9,8,7,9,8,9,8,8,7,9,8,8,6,9,6,7,5,7,5,7,5,9,7,8,5,8,5,6,4,6,4,8,6,7,6,5,3,7,5,9,6,6,4,8,6,9,9,8,8,9,8
child_761,0,13,U11,mixed,medium,good,strong,mild,high,excited,24,100,7,8,8,9,5,6,8,9,9,10,6,5,7,8,9,10,9,10,8,9,8,9,8,9,8,8,9,10,7,8,9,10,9,10,8,9,9,10,10,10,10,10,8,9,7,8,7,8,9,10,9,10,6,5,8,9,8,9,8,9,9,10,9,10,7,8,8,9,8,9,7,8,8,9,8,9,7,8,9,10,9,10,9,10,8,9,9,10,8,9,6,5,7,8,5,3,5,3,4,3,4,2,5,3,6,5,5,3,5,3,4,2,3,2,4,2,3,2,3,2,5,3,6,4,4,2,6,5,7,8,8,9,8,9
child_762,0,12,U12,mixed,medium,neutral,average,none,medium,excited,41,60,8,9,7,8,6,7,5,8,9,10,7,6,8,9,9,10,8,9,6,7,7,8,8,9,7,8,7,8,6,7,8,9,8,9,7,8,6,7,9,10,9,10,7,8,8,7,6,6,7,8,8,9,6,7,8,9,8,9,7,8,9,10,8,9,8,9,7,8,7,8,8,9,7,8,7,8,6,7,9,10,8,9,9,10,8,9,7,8,8,9,6,7,5,6,6,5,7,6,6,5,6,5,6,5,7,8,5,5,5,5,4,4,3,3,7,6,5,4,4,3,6,5,7,6,5,4,6,5,8,9,7,8,8,9
child_763,0,11,U14,goalkeeper,medium,neutral,average,frequent,high,neutral,60,23,8,9,9,10,7,8,5,6,6,7,8,9,7,8,5,7,4,6,6,7,6,7,5,6,5,7,6,8,6,7,7,8,5,6,5,7,5,6,4,7,4,7,6,7,5,6,5,6,6,7,7,8,8,9,6,7,5,6,4,5,6,8,7,9,6,8,6,8,5,6,7,8,5,6,6,7,5,6,5,6,5,6,5,6,6,7,6,8,7,8,5,6,6,7,7,8,7,8,5,6,6,7,5,6,7,8,5,6,5,6,5,6,6,7,5,6,6,7,5,6,5,6,7,8,5,6,6,7,6,7,6,7,6,7
child_764,0,11,U12,forward,medium,neutral,isolated,none,low,excited,36,35,9,8,8,9,6,7,7,8,7,6,5,5,8,7,9,9,8,7,6,6,6,7,5,6,7,7,6,6,5,6,7,6,5,7,6,6,6,5,5,6,6,6,4,5,5,6,4,6,5,6,7,7,5,5,6,7,5,6,5,6,7,8,8,9,8,7,7,8,8,7,7,6,7,6,6,5,6,5,9,9,8,8,9,9,7,6,8,7,8,8,5,4,6,5,5,6,5,5,4,4,4,4,5,4,5,5,5,4,5,4,3,3,2,3,6,6,4,4,3,3,6,6,8,7,4,3,5,5,7,7,6,7,7,8
child_765,0,11,U13,midfielder,low,good,strong,none,medium,frustrated,72,54,6,8,8,9,5,6,7,7,5,8,6,7,7,7,4,8,3,7,8,9,7,8,6,7,7,8,6,8,8,9,7,7,5,8,6,8,8,7,9,9,9,9,9,9,7,7,5,6,8,8,8,8,6,6,7,8,7,7,5,6,6,7,7,9,6,7,7,8,7,7,6,8,6,7,5,7,5,6,4,9,3,7,4,8,6,7,6,8,5,7,5,5,5,5,5,6,5,6,4,5,4,5,5,5,6,7,5,5,5,5,4,5,3,4,5,6,4,5,4,4,5,5,7,8,5,5,5,5,4,6,5,6,5,6
child_766,0,13,U12,midfielder,low,good,strong,none,medium,happy,44,90,9,9,9,8,8,7,7,8,7,9,9,9,10,10,7,8,6,7,8,8,9,8,8,7,8,8,9,9,9,9,7,8,8,8,8,9,8,7,9,9,9,9,9,9,8,8,8,8,9,9,9,9,9,9,8,8,9,9,9,9,8,9,8,9,10,10,8,8,7,8,9,9,8,8,7,7,6,6,7,9,7,8,7,9,8,8,9,9,8,8,6,5,8,8,9,8,9,8,8,7,8,7,7,6,8,8,7,6,7,6,6,5,7,6,9,8,8,7,5,4,6,6,8,7,5,5,7,7,9,9,8,8,9,9
child_767,0,14,U14,mixed,medium,good,average,none,high,neutral,61,64,7,8,5,6,4,5,7,9,8,10,5,4,6,7,7,9,6,8,8,9,7,8,6,7,7,8,8,9,6,5,8,9,7,8,7,7,7,6,9,9,9,9,6,6,5,6,4,5,6,7,7,8,5,5,6,7,5,6,4,5,7,8,8,9,6,7,5,5,7,8,6,7,7,8,8,9,7,8,6,9,5,8,6,7,5,6,7,8,6,7,5,4,6,5,4,3,4,3,5,5,4,3,5,4,7,8,6,6,6,6,4,3,3,2,5,5,4,4,3,2,6,5,6,7,4,3,5,4,6,5,7,8,7,8
child_768,0,14,U13,defender,low,good,average,mild,medium,frustrated,72,25,4,5,5,8,3,6,6,7,7,9,4,5,6,8,3,9,2,8,8,9,7,8,5,7,6,7,6,8,5,6,7,8,7,9,6,7,8,8,8,10,8,10,5,6,4,5,3,5,5,6,6,7,3,4,4,6,3,5,2,4,6,8,7,8,6,7,6,7,5,6,7,8,5,6,6,7,5,6,3,9,4,8,3,8,6,8,6,7,5,6,4,5,2,6,3,4,3,4,2,3,1,2,3,4,6,7,5,6,5,6,3,4,2,3,3,5,2,3,1,2,3,4,5,7,2,3,1,2,2,3,4,5,4,5
child_769,0,14,U12,goalkeeper,medium,good,isolated,none,high,excited,34,78,9,8,8,7,7,6,5,7,8,9,9,8,8,8,10,10,9,9,8,8,9,9,8,7,8,8,8,9,9,8,7,8,8,9,9,8,8,7,9,8,9,8,6,7,7,7,7,6,6,8,8,8,8,8,6,7,8,8,9,8,7,8,8,9,8,9,7,8,7,8,8,7,7,8,8,7,7,6,9,10,8,8,9,9,7,8,9,9,9,8,6,5,8,7,9,8,9,8,7,6,8,7,6,5,8,7,6,5,6,5,5,4,5,4,9,8,7,6,5,4,7,6,8,7,6,5,8,7,8,9,7,7,8,8
child_770,0,13,U14,midfielder,low,good,average,mild,low,frustrated,52,45,6,7,5,6,4,5,8,9,7,8,5,6,7,8,3,7,3,6,8,9,7,8,6,7,7,8,7,8,7,8,6,7,8,9,6,7,7,8,6,7,6,8,5,6,4,5,5,6,5,6,6,7,5,6,6,7,5,6,4,5,6,7,7,8,7,8,7,8,8,9,7,8,6,7,6,7,5,6,3,9,4,8,3,9,6,7,5,6,6,7,5,5,3,4,5,6,5,6,6,7,5,6,5,5,5,5,5,5,5,5,4,4,3,4,5,6,4,5,4,4,4,5,5,6,4,4,4,5,5,6,6,7,5,6
child_771,0,12,U13,goalkeeper,medium,neutral,average,mild,low,excited,25,42,8,7,9,9,7,6,5,8,7,9,6,5,9,10,8,9,8,9,6,7,6,7,5,8,6,8,5,8,5,5,5,6,4,7,5,7,5,6,4,7,5,8,6,7,5,6,5,6,7,7,8,8,4,5,6,7,7,8,7,8,5,6,5,7,8,9,6,6,5,7,6,9,5,6,4,6,4,6,9,10,8,9,8,9,6,7,7,8,7,8,5,6,6,5,5,5,5,6,4,5,4,5,5,4,5,6,6,5,5,5,4,4,3,3,5,6,5,6,4,4,5,5,6,7,5,5,6,7,6,7,5,6,7,8
child_772,0,13,U14,mixed,medium,good,average,none,medium,happy,40,81,9,9,7,7,6,6,8,8,8,9,7,6,8,8,7,9,6,8,8,9,8,8,9,8,8,8,9,9,9,7,8,8,8,9,7,7,8,8,9,9,9,9,7,7,6,6,6,7,7,8,8,8,7,6,7,7,8,8,8,8,8,8,9,9,8,9,8,8,9,9,8,8,8,9,7,7,6,6,7,9,7,8,8,9,7,7,8,8,7,8,6,5,7,6,7,6,8,7,6,5,6,6,5,5,8,7,7,6,5,5,6,5,5,4,7,7,6,5,5,4,6,6,7,6,6,5,7,6,8,7,7,6,8,7
child_773,0,12,U14,goalkeeper,low,good,isolated,mild,medium,excited,40,44,8,9,6,7,5,7,4,8,6,9,7,8,7,9,9,8,8,7,8,9,9,8,8,7,8,8,7,9,9,8,8,9,8,9,8,7,8,8,9,9,9,9,5,7,6,8,6,7,5,8,7,9,6,8,7,8,6,7,7,8,8,9,6,9,7,9,7,8,6,8,8,9,7,8,5,7,5,6,9,9,7,8,8,9,8,8,8,9,7,8,6,5,6,7,6,7,7,7,5,6,6,7,5,6,8,7,5,6,5,6,4,5,4,6,5,7,6,7,3,4,5,6,6,7,4,5,5,6,7,8,6,8,7,8
child_774,0,14,U14,goalkeeper,high,neutral,average,none,medium,neutral,49,65,7,8,8,9,6,7,8,9,8,9,6,6,7,8,7,9,6,8,6,7,6,7,5,6,7,8,7,8,5,6,6,7,7,8,6,7,5,6,5,7,5,7,7,8,6,7,5,6,7,8,7,8,5,6,6,7,6,7,5,6,7,8,8,9,7,8,7,8,8,9,6,7,6,7,5,6,5,6,6,9,5,8,6,9,7,8,7,9,6,8,6,5,5,6,5,6,6,7,5,6,5,6,4,5,6,7,4,5,4,5,3,4,3,4,5,6,4,5,3,4,4,5,5,6,3,4,5,6,7,8,6,7,6,7
child_775,0,14,U13,midfielder,low,good,average,none,high,frustrated,66,49,5,8,7,9,6,7,6,8,5,10,5,6,8,9,4,9,3,8,8,9,7,8,6,8,7,9,7,10,6,8,8,9,6,9,5,7,6,7,6,10,5,9,6,8,6,7,5,8,6,8,7,8,5,6,5,7,4,6,3,5,6,9,7,10,8,9,7,8,5,7,7,8,6,7,5,6,4,6,3,10,4,9,4,9,6,8,5,8,5,8,5,5,6,7,5,6,4,6,5,5,4,4,5,5,6,7,5,5,5,5,4,4,5,4,5,6,4,3,4,3,5,6,6,8,5,4,5,5,5,7,6,7,6,7
child_776,0,12,U14,defender,medium,good,isolated,none,low,frustrated,56,28,5,6,4,8,3,7,6,7,8,9,2,5,7,8,4,10,3,9,8,9,7,8,5,6,6,8,7,9,6,7,8,9,6,7,5,7,7,8,4,10,6,9,3,8,5,7,2,6,3,7,5,8,2,5,4,6,3,6,2,7,7,9,8,9,7,8,7,8,6,7,8,9,7,8,7,8,6,7,3,10,4,9,3,10,6,8,5,9,4,8,5,6,4,7,3,6,2,5,3,6,2,4,3,5,4,6,5,5,3,4,2,3,2,3,4,5,2,4,2,3,5,5,4,7,2,4,3,5,3,6,5,8,4,7
child_777,0,14,U11,forward,high,good,isolated,mild,high,excited,18,78,9,8,6,7,4,6,7,8,8,9,5,7,6,5,9,9,8,8,8,9,8,8,7,8,7,8,8,9,6,7,8,8,9,9,8,8,7,7,9,9,9,9,5,7,4,7,6,6,5,7,7,8,5,6,5,7,7,8,7,8,8,9,9,9,6,5,8,8,7,8,6,6,7,7,8,8,7,7,9,9,8,8,8,9,7,7,8,8,8,8,6,5,7,6,5,5,5,5,6,6,6,5,5,5,6,6,5,5,5,5,4,3,4,4,5,5,4,4,3,3,4,4,5,5,3,3,4,4,6,7,7,6,6,6
child_778,0,14,U12,goalkeeper,medium,neutral,strong,none,medium,excited,27,84,9,10,8,9,7,8,7,8,9,9,10,10,10,10,9,10,8,9,7,8,6,7,8,9,7,8,8,9,6,7,7,8,8,9,8,9,7,8,9,10,9,10,9,10,8,9,9,10,10,10,10,10,10,10,9,9,10,10,10,10,8,9,7,8,10,10,8,9,8,9,9,10,8,9,7,8,6,7,10,10,8,9,9,10,7,8,8,9,8,9,6,7,8,9,9,10,10,10,8,9,9,10,7,8,8,9,7,8,6,7,5,6,4,5,9,10,6,7,5,6,7,8,10,10,6,7,8,9,10,10,9,10,9,10
child_779,0,11,U13,goalkeeper,medium,good,strong,none,high,frustrated,80,49,6,9,7,8,5,6,4,7,8,10,6,5,7,8,3,8,2,6,8,9,7,8,6,7,6,7,7,9,8,9,7,8,5,7,5,6,7,7,5,9,4,8,8,9,7,8,6,7,8,9,8,9,5,6,6,7,7,8,5,7,5,8,6,9,7,8,5,7,6,7,5,8,4,7,5,6,5,6,3,9,2,7,3,8,5,7,6,7,4,8,6,5,5,6,6,4,5,4,4,5,5,4,6,3,8,7,5,3,5,3,4,2,3,2,6,5,5,4,3,2,5,5,6,6,4,4,5,6,7,5,6,6,7,7
child_780,0,12,U11,goalkeeper,low,bad,average,none,low,excited,44,34,7,8,6,7,5,6,8,8,7,9,5,6,5,5,9,9,8,8,3,9,3,8,2,7,3,8,2,8,3,9,4,7,2,9,4,8,3,6,2,9,3,9,6,8,6,7,5,6,5,7,7,8,5,5,4,7,7,7,6,7,8,9,7,8,6,6,7,7,8,9,6,6,5,5,6,7,5,6,9,10,8,8,9,9,7,7,8,9,7,8,6,5,5,7,5,6,6,6,4,5,3,4,4,5,4,7,5,5,5,5,3,4,2,3,4,5,4,5,3,4,5,5,7,6,5,5,6,7,5,6,4,5,4,5
child_781,0,12,U14,goalkeeper,high,good,average,none,high,frustrated,52,63,6,7,8,9,5,6,4,8,7,9,6,7,5,7,3,8,2,7,8,9,8,8,7,8,7,9,8,9,7,8,7,8,6,9,8,7,7,8,8,9,9,9,7,8,6,7,5,8,6,8,8,9,6,6,5,7,4,6,3,5,7,8,8,9,7,8,6,8,7,9,6,7,6,7,7,7,6,7,2,8,3,8,3,7,5,6,6,7,5,8,4,5,7,6,6,5,5,5,4,6,3,5,5,4,8,5,7,5,6,4,3,3,2,3,5,4,4,4,2,3,4,4,7,6,4,5,3,4,5,5,6,7,6,7
child_782,0,11,U14,midfielder,medium,neutral,isolated,mild,low,excited,31,14,8,9,6,7,5,6,7,8,8,9,5,6,7,8,9,10,8,9,6,7,6,7,6,8,6,8,5,8,5,7,6,7,7,8,6,7,5,6,4,8,4,8,4,6,3,5,4,6,5,7,6,8,4,5,5,6,5,6,5,6,7,9,7,8,7,8,6,7,7,9,6,7,5,6,6,7,5,6,9,10,8,9,8,9,5,7,8,9,7,8,5,6,5,6,4,5,4,5,4,5,4,5,4,5,5,6,5,6,5,6,3,4,3,4,4,5,3,4,2,3,4,5,6,7,3,4,4,5,5,6,5,6,5,6
child_783,0,11,U11,defender,medium,good,average,none,high,excited,39,78,9,8,10,9,8,7,6,8,7,9,10,9,8,8,9,10,8,9,8,9,8,8,9,8,9,8,8,9,9,9,8,7,8,9,9,8,8,7,9,8,9,8,7,8,8,7,8,7,9,9,9,8,10,9,8,7,9,9,10,9,8,8,8,9,8,8,7,8,7,8,9,8,9,8,7,8,6,7,10,9,9,8,9,9,8,8,9,9,9,8,7,7,9,8,10,9,10,9,8,7,9,9,8,7,9,8,7,6,7,6,6,5,8,7,8,8,7,6,5,4,8,7,9,8,6,5,7,6,9,8,8,7,9,8
child_784,0,11,U11,mixed,medium,neutral,strong,mild,low,excited,34,57,8,9,9,10,7,8,6,9,8,10,9,10,10,10,9,9,8,9,7,8,6,8,7,9,7,8,8,9,8,8,7,8,6,9,8,8,6,7,5,8,6,9,9,9,8,8,7,8,9,10,8,9,9,10,8,9,9,10,9,10,7,9,8,9,9,10,8,9,6,8,9,10,5,8,6,7,5,6,9,10,8,9,9,10,7,8,9,9,8,8,6,5,7,8,9,9,8,9,7,8,9,10,6,5,7,8,6,5,6,5,5,4,6,5,7,8,7,6,5,4,6,5,8,9,7,6,8,9,9,10,8,9,8,9
child_785,0,14,U13,forward,high,good,average,none,medium,excited,30,84,9,10,7,8,5,6,8,9,9,10,6,5,6,4,9,10,8,9,8,9,8,8,9,9,8,8,9,9,8,7,9,10,8,8,8,9,7,6,9,10,9,10,6,7,5,6,5,5,7,8,8,9,5,4,6,7,7,8,8,9,9,10,9,10,5,6,8,9,8,9,7,6,6,7,8,9,7,8,9,10,8,9,8,9,7,7,9,10,8,9,6,5,7,7,5,4,6,5,5,5,5,4,6,5,8,8,5,4,5,4,4,3,3,2,6,6,4,3,3,2,5,4,6,5,4,3,5,4,7,8,6,5,7,8
child_786,0,12,U13,forward,high,bad,average,frequent,medium,excited,26,23,7,8,5,6,4,5,6,8,8,10,4,5,9,9,9,10,8,9,2,9,2,8,3,7,2,8,2,8,2,7,5,7,3,9,3,6,3,5,2,10,2,9,5,7,5,6,5,6,6,7,6,7,4,5,4,6,5,6,5,6,8,9,8,9,9,10,5,6,6,7,7,9,6,8,5,6,5,6,9,10,7,6,8,9,6,7,8,9,7,8,4,5,4,5,5,6,5,6,3,5,3,4,5,5,5,5,5,5,5,5,4,4,3,3,6,7,4,5,4,4,6,7,7,8,5,5,5,6,5,6,4,5,4,5
child_787,0,12,U11,mixed,low,neutral,strong,none,high,excited,33,85,9,8,10,10,8,7,9,9,9,10,8,7,9,9,10,10,10,9,7,8,7,8,8,9,8,8,8,9,7,8,7,8,8,9,8,8,7,7,8,9,8,9,9,9,8,8,9,8,9,9,9,8,8,7,9,8,9,8,10,9,9,9,8,9,9,8,8,9,9,8,8,8,8,9,8,8,7,7,10,10,9,9,10,10,8,7,9,8,9,8,7,7,8,8,9,8,9,8,7,7,8,7,7,6,8,8,7,6,6,5,5,4,5,4,8,7,6,5,4,3,6,5,9,9,5,4,7,6,9,8,7,7,8,8
child_788,0,12,U14,forward,low,neutral,average,none,high,frustrated,83,6,4,6,5,6,4,5,3,7,5,9,5,6,6,8,3,10,2,8,5,6,4,7,3,6,4,6,5,8,5,6,6,7,4,8,5,7,5,6,3,9,2,10,5,6,4,7,3,6,5,7,6,8,4,5,3,7,4,6,2,5,4,9,5,8,6,7,5,8,4,8,5,6,3,7,4,5,3,4,2,10,3,9,2,8,4,6,5,7,4,6,5,4,5,6,4,5,3,5,4,5,3,4,5,6,5,7,6,5,4,5,4,3,3,4,5,5,4,4,3,2,5,4,6,6,4,3,3,5,4,6,5,6,5,7
child_789,0,14,U14,mixed,low,good,average,mild,medium,happy,36,86,9,8,9,9,8,7,6,8,7,9,9,9,8,8,7,9,6,7,9,9,9,8,8,9,8,9,8,9,9,9,8,8,9,8,8,9,8,7,9,9,9,9,7,8,7,8,7,7,6,8,9,9,9,8,7,8,8,8,8,8,7,8,8,9,8,8,7,8,6,8,8,8,7,8,7,8,6,7,7,9,7,8,7,9,7,8,7,8,8,8,6,5,9,9,9,8,9,8,8,7,8,8,7,6,9,8,7,6,7,6,6,5,7,6,8,7,7,7,6,5,8,6,9,9,6,5,7,6,9,9,9,8,9,8
child_790,0,11,U14,mixed,medium,neutral,strong,none,high,neutral,64,74,8,9,9,10,7,8,7,8,6,9,9,10,8,9,6,8,5,7,6,7,6,7,7,8,7,8,7,9,7,8,7,9,5,8,5,8,5,7,4,9,4,9,9,10,8,9,7,8,9,10,9,10,8,9,8,9,8,9,8,9,7,9,8,10,7,9,7,9,7,9,6,8,6,8,5,7,5,7,6,8,5,8,6,8,6,7,6,8,6,8,5,6,8,9,8,9,8,9,7,8,7,8,5,6,6,7,5,6,5,6,4,5,3,4,5,6,4,5,3,4,6,7,8,9,4,5,6,7,7,8,6,7,7,8
child_791,0,11,U14,forward,low,neutral,average,none,low,frustrated,77,16,4,8,5,9,4,7,6,6,7,9,5,7,6,8,3,9,2,8,5,7,5,7,4,6,5,6,6,8,5,6,5,7,4,7,4,6,5,6,4,7,4,7,5,7,5,6,4,5,6,6,6,7,5,5,4,6,3,5,3,5,5,8,6,8,6,8,5,8,6,7,5,6,5,6,5,7,4,6,2,9,3,8,3,9,5,6,4,8,5,9,5,5,5,6,4,5,4,5,5,5,3,4,5,5,4,5,5,5,5,5,3,4,2,3,4,5,3,4,3,4,4,5,6,6,4,5,5,6,5,5,5,6,5,6
child_792,0,11,U12,goalkeeper,medium,neutral,strong,none,medium,neutral,56,43,5,7,6,9,4,6,6,8,7,9,4,5,8,9,6,8,5,7,5,7,5,7,6,8,6,8,5,8,5,6,6,7,5,7,5,6,5,6,4,8,5,7,7,8,6,7,6,8,8,9,7,8,4,5,7,8,5,7,5,6,6,8,7,9,8,9,6,8,6,7,7,9,5,6,5,7,5,6,6,9,5,8,6,9,5,7,6,8,6,8,4,5,5,6,3,4,3,4,2,3,2,3,3,4,5,6,5,6,5,6,2,3,2,3,2,3,2,3,1,2,3,4,6,7,3,4,2,3,3,5,5,7,5,7
child_793,0,11,U13,mixed,medium,good,isolated,mild,high,excited,48,70,9,8,7,8,6,7,5,9,8,10,4,6,9,9,9,10,8,9,8,9,7,8,8,9,8,8,9,10,7,8,8,7,8,9,8,9,9,8,9,10,9,10,5,7,4,6,5,7,4,6,8,9,5,7,6,8,6,8,6,8,7,9,8,9,9,10,7,8,6,8,8,9,7,8,7,8,6,7,10,10,7,8,9,9,7,7,8,9,8,9,6,7,8,8,5,6,5,6,6,7,6,7,5,6,7,8,5,6,5,6,4,5,4,5,5,6,4,5,3,4,6,6,7,8,4,5,5,7,7,8,6,7,6,7
child_794,0,12,U12,mixed,low,neutral,strong,mild,high,excited,27,88,9,8,8,9,7,7,8,8,9,9,9,7,10,10,9,8,9,9,7,8,7,8,6,7,7,8,8,9,7,7,7,8,8,9,7,7,6,6,6,6,7,7,9,9,8,8,9,9,9,9,9,9,8,7,8,8,9,9,9,8,8,8,7,9,10,10,8,8,7,7,9,9,8,8,6,6,5,5,9,9,8,8,9,9,6,7,7,8,7,7,6,5,8,7,9,8,9,8,6,7,6,6,5,5,8,7,7,6,6,5,5,4,4,4,8,7,7,6,4,3,5,5,8,7,5,4,6,6,9,8,7,7,7,7
child_795,0,13,U11,mixed,medium,neutral,average,none,low,frustrated,72,35,6,8,6,7,5,6,8,9,7,9,6,7,7,8,4,7,3,6,5,6,5,7,4,5,6,7,5,8,5,6,5,6,4,7,5,6,5,6,3,8,4,7,5,7,5,7,5,6,6,7,6,8,7,7,5,6,4,6,4,7,6,8,7,8,7,8,6,7,7,8,6,7,5,8,5,7,4,6,3,8,4,7,3,8,5,6,5,7,5,8,4,5,4,6,5,7,5,7,5,6,5,6,5,5,5,6,5,5,5,5,4,5,5,6,6,6,5,5,4,5,4,6,6,7,5,5,4,6,5,7,5,6,5,6
child_796,0,14,U13,mixed,medium,neutral,strong,none,medium,neutral,66,48,7,8,6,5,5,4,6,7,6,9,8,7,5,6,6,8,5,7,6,7,6,8,5,8,6,8,6,8,5,7,7,6,6,8,6,7,6,5,5,9,7,9,8,9,8,7,8,6,8,8,8,8,7,6,8,8,8,7,8,7,7,7,7,8,5,5,7,7,7,6,6,6,6,6,5,5,5,5,7,8,5,6,6,7,6,5,7,7,6,6,5,4,6,5,7,6,7,6,5,5,6,5,5,4,7,7,5,4,5,4,4,3,3,2,6,5,4,3,3,2,5,4,6,6,4,3,5,4,7,7,6,6,7,7
child_797,0,12,U12,goalkeeper,low,good,strong,mild,high,excited,30,77,8,9,7,8,5,6,7,9,9,10,6,5,8,8,9,10,9,9,8,10,7,8,8,9,8,9,7,8,9,10,7,8,8,9,8,9,7,7,8,10,9,10,8,9,6,7,7,8,9,10,8,9,5,6,7,8,8,9,9,10,8,9,9,10,8,9,6,7,8,9,7,8,8,9,7,8,6,7,9,10,8,9,9,10,7,8,8,9,7,8,6,5,8,9,5,4,5,4,4,3,3,2,4,3,5,4,4,3,4,3,3,2,2,1,4,3,3,2,2,1,6,5,7,8,4,3,4,3,5,4,6,5,7,8
child_798,0,13,U12,mixed,low,neutral,isolated,none,medium,happy,38,64,8,9,9,10,7,8,8,9,6,8,8,9,7,8,7,8,6,7,6,7,6,7,6,7,6,7,5,7,5,7,6,6,5,8,6,6,6,6,5,6,5,6,5,7,5,7,5,7,6,7,7,8,7,8,6,7,5,6,5,6,6,8,7,8,7,8,6,7,6,7,7,8,6,8,5,7,5,6,6,7,6,7,6,7,6,7,6,7,6,7,5,5,5,6,8,9,8,9,7,7,8,9,6,6,7,8,6,6,6,6,5,5,5,5,8,9,6,7,5,5,6,6,8,9,6,6,7,8,8,9,7,7,7,7
child_799,0,13,U14,defender,medium,neutral,isolated,mild,medium,neutral,52,53,8,9,6,8,5,7,7,9,6,8,5,8,9,10,7,8,5,7,6,7,6,8,5,6,6,8,6,7,5,6,5,6,5,8,5,7,6,7,4,8,4,8,4,7,4,6,5,7,5,7,8,9,6,8,5,6,5,6,5,6,7,8,6,9,9,10,7,8,8,9,7,9,6,7,5,6,5,6,5,9,4,8,5,8,6,7,5,8,5,8,4,6,5,7,6,8,6,8,5,6,7,8,5,6,5,6,6,7,5,6,4,5,3,5,6,7,6,6,3,4,6,7,6,7,4,5,5,6,7,8,5,6,6,7
child_800,0,14,U11,midfielder,medium,good,average,mild,low,anxious,70,36,7,8,6,7,5,6,6,8,6,7,5,6,5,7,5,8,4,7,8,9,7,8,6,7,7,8,7,8,7,8,7,8,8,9,6,7,8,8,7,8,8,9,5,6,4,5,5,6,6,7,6,7,5,6,5,7,5,6,4,6,5,7,6,8,5,7,6,7,6,8,5,6,5,7,6,8,5,7,5,8,5,8,5,7,6,7,5,7,5,7,4,5,5,6,5,6,5,6,5,6,5,6,5,5,6,7,5,6,5,5,5,5,4,5,5,6,5,5,4,5,4,5,5,6,4,5,5,6,5,6,5,6,5,6
child_801,0,11,U12,midfielder,medium,good,isolated,none,medium,frustrated,70,20,5,7,3,6,2,5,4,8,6,9,2,4,7,8,3,10,3,10,8,8,7,7,6,8,7,9,6,9,5,7,8,8,8,9,6,8,7,7,8,9,8,9,2,6,3,5,3,6,4,7,6,8,2,5,3,6,2,6,2,7,6,8,5,8,7,9,5,8,5,7,6,8,5,7,4,6,4,6,3,10,2,9,3,9,5,8,6,8,5,7,4,5,5,6,3,5,3,5,3,6,2,5,3,5,4,5,3,4,3,4,2,3,2,3,3,4,2,3,2,3,3,4,4,5,3,4,2,5,2,4,5,7,5,7
child_802,0,12,U13,mixed,low,good,average,none,low,happy,47,38,7,8,5,4,4,3,6,7,5,8,5,6,4,5,6,7,4,5,8,9,7,8,6,7,6,8,7,9,6,7,7,8,8,9,7,8,7,8,8,9,9,10,6,7,5,6,6,7,6,7,6,8,5,5,5,6,6,7,5,6,5,7,5,6,4,5,5,6,6,7,5,6,5,6,5,5,5,5,5,7,5,6,6,7,5,6,5,6,5,7,4,5,5,6,5,5,4,4,4,5,4,4,5,5,5,6,5,5,5,5,3,4,3,3,6,7,3,4,2,3,3,4,6,7,3,3,4,5,5,6,6,7,6,7
child_803,0,11,U13,forward,low,neutral,isolated,none,low,excited,34,32,8,9,6,7,5,6,7,8,9,9,4,5,10,10,9,9,8,8,6,7,6,7,5,6,7,7,6,7,6,6,6,6,7,7,7,8,6,6,5,6,5,6,4,6,4,5,5,6,4,5,7,7,4,5,5,6,4,5,5,5,7,8,8,9,10,10,7,8,6,7,8,9,6,7,5,6,5,6,9,9,8,8,8,8,6,6,8,9,7,8,5,5,4,5,4,5,4,5,5,6,5,5,4,4,5,5,6,6,5,5,4,4,3,3,6,6,5,5,3,3,4,4,7,8,3,3,5,5,4,5,4,4,4,5
child_804,0,14,U12,goalkeeper,medium,bad,strong,none,high,excited,42,68,8,10,9,9,7,8,8,9,7,8,9,10,8,9,9,10,8,9,3,10,2,10,4,8,3,9,3,9,3,10,3,9,2,10,4,8,3,8,2,10,2,10,9,10,8,8,9,9,9,10,10,10,9,10,8,9,9,9,9,10,8,9,7,9,8,9,7,8,8,10,7,8,7,8,6,7,5,6,9,10,8,9,9,10,8,8,8,9,9,10,6,5,8,9,9,8,9,9,7,8,8,9,6,6,8,8,7,5,6,5,5,4,6,5,8,7,7,6,5,4,7,6,8,7,5,4,7,6,9,8,9,9,9,9
child_805,0,11,U13,forward,high,good,average,none,medium,anxious,62,58,7,8,9,9,6,6,4,7,7,8,5,5,5,5,6,8,5,6,8,9,7,8,6,7,7,8,7,9,6,7,8,9,8,9,7,8,7,8,9,10,9,10,7,8,6,7,6,7,6,7,7,8,5,6,5,6,6,7,5,6,8,9,7,8,5,6,6,7,7,8,6,7,6,7,7,8,6,7,6,9,5,8,6,9,7,8,6,8,7,9,5,6,7,8,5,6,5,6,4,5,4,5,5,6,7,8,6,7,6,7,5,6,4,5,5,6,4,5,3,4,5,6,6,7,4,5,4,5,6,7,8,9,8,9
child_806,0,12,U13,goalkeeper,low,neutral,average,none,low,frustrated,64,0,4,6,5,5,3,4,4,7,6,9,4,5,5,7,3,8,3,8,5,6,5,6,4,5,5,7,5,8,5,5,6,7,4,6,5,6,5,6,2,9,3,9,5,6,4,5,3,5,4,6,5,6,3,4,4,5,3,5,2,5,6,7,5,8,4,7,5,7,4,6,4,6,5,6,4,5,4,5,2,9,3,8,3,8,5,6,5,7,3,7,3,5,3,5,2,4,2,4,2,4,2,4,3,4,4,5,4,4,4,4,3,4,2,3,2,3,2,3,2,3,3,4,4,6,2,3,2,3,2,4,5,5,5,5
child_807,0,12,U11,defender,medium,neutral,isolated,none,medium,happy,54,46,8,9,9,10,6,7,7,8,7,8,5,6,8,8,6,7,5,6,7,8,7,8,6,7,6,7,7,8,6,6,7,8,8,9,6,7,7,7,7,8,8,9,5,6,6,7,5,6,4,5,7,8,5,6,5,6,6,7,5,6,7,8,7,8,8,9,7,8,8,9,7,8,6,7,5,6,5,6,6,7,6,7,7,8,6,7,7,8,6,7,5,6,4,5,6,7,6,7,5,6,4,5,5,6,6,7,5,6,5,6,4,5,3,4,6,7,5,6,4,5,5,6,7,8,4,5,5,6,6,7,6,7,6,7
child_808,0,11,U13,goalkeeper,medium,neutral,average,mild,low,frustrated,69,16,4,7,5,6,4,5,6,8,7,9,5,4,6,8,3,9,3,8,5,6,5,6,4,7,5,7,4,8,4,5,6,8,3,7,4,6,4,5,2,7,2,7,4,6,5,6,3,5,5,6,6,7,4,4,3,5,4,5,3,5,6,8,7,8,5,7,6,7,6,8,6,6,7,8,5,7,5,6,3,9,2,8,3,9,5,7,6,8,5,8,5,4,4,5,3,4,3,4,4,5,4,4,5,5,4,5,6,6,5,6,4,5,3,3,3,4,3,4,3,4,4,5,5,6,3,3,4,5,4,6,5,7,5,7
child_809,0,14,U13,mixed,medium,neutral,average,mild,medium,neutral,61,43,5,7,4,6,3,5,8,9,6,9,4,3,7,8,5,9,4,8,6,6,5,5,5,7,5,7,5,8,4,6,6,7,5,8,5,6,4,5,3,10,3,10,5,7,4,6,4,5,5,8,6,9,3,4,5,7,3,6,4,6,7,9,6,8,7,8,6,8,7,8,5,7,5,7,6,8,5,7,5,9,4,7,5,8,6,7,6,8,5,7,4,3,3,4,3,2,3,2,2,1,2,1,2,1,3,4,3,2,2,1,2,1,2,1,2,1,2,1,2,1,3,2,4,5,2,2,2,1,3,2,6,5,6,5
child_810,0,13,U11,goalkeeper,medium,good,strong,none,low,frustrated,64,55,5,7,8,9,6,7,6,8,4,9,8,9,5,8,3,9,2,8,7,8,6,8,5,7,6,8,5,9,8,9,7,8,5,9,5,7,6,7,4,9,4,9,8,9,7,8,5,7,8,9,7,8,8,9,7,8,6,7,5,8,6,8,7,9,6,9,7,8,7,9,6,8,5,9,6,7,5,7,2,9,3,8,3,8,6,8,7,9,5,8,4,5,6,7,8,8,8,8,6,7,5,7,4,5,6,7,5,6,4,5,3,4,4,5,7,8,6,7,3,4,5,6,8,9,4,5,5,6,8,9,7,8,6,8
child_811,0,13,U13,defender,medium,neutral,isolated,none,high,excited,36,38,8,7,4,5,3,4,7,8,8,9,3,4,5,6,9,10,9,9,5,6,5,6,6,7,6,7,7,8,4,5,6,7,7,8,7,8,5,6,4,7,5,6,4,5,4,5,5,5,4,5,5,6,3,4,4,5,4,5,4,5,8,8,7,8,5,6,6,7,7,8,6,7,6,7,6,7,6,6,9,10,8,9,9,10,6,7,8,9,7,8,5,5,7,7,3,4,3,4,2,3,2,3,3,4,5,5,3,4,3,4,2,3,2,3,4,5,3,4,2,3,3,4,3,4,2,3,3,4,2,3,4,5,4,5
child_812,0,12,U12,midfielder,medium,good,strong,none,medium,frustrated,70,79,5,8,9,10,6,7,8,9,7,9,8,8,7,8,4,8,3,6,8,9,8,9,6,8,6,8,7,9,8,9,7,8,5,8,7,8,8,8,6,9,5,9,9,10,8,9,5,7,9,10,9,10,8,9,8,8,8,9,7,8,6,9,7,8,7,9,7,9,8,8,6,7,5,8,5,7,5,6,3,9,4,8,3,8,7,8,7,8,6,8,5,6,6,7,7,8,6,7,5,6,6,7,5,6,7,8,6,6,5,6,4,5,5,5,6,7,5,6,4,5,5,6,7,8,4,5,5,6,8,9,8,9,8,9
child_813,0,11,U13,midfielder,high,good,average,none,medium,frustrated,67,92,7,8,9,10,6,7,8,9,8,9,7,8,8,9,4,8,4,7,8,9,7,9,8,9,7,8,9,10,8,9,8,9,6,8,7,8,7,7,7,8,8,9,6,8,6,7,5,7,7,8,8,9,6,7,5,8,5,8,5,8,7,8,9,10,8,9,8,9,8,9,8,8,6,7,7,8,7,7,4,9,3,8,5,8,6,7,7,8,7,9,6,6,5,7,7,8,6,7,6,6,5,6,5,5,6,7,5,5,5,5,4,4,4,5,6,7,5,6,4,4,5,6,7,8,4,5,5,6,6,8,6,7,6,8
child_814,0,13,U11,forward,medium,good,strong,none,medium,happy,50,58,8,9,9,8,7,6,6,7,6,8,9,9,7,8,5,6,5,6,8,9,8,8,7,7,8,8,8,8,9,9,7,8,8,9,7,8,8,7,9,10,9,10,9,9,8,8,8,8,9,9,9,9,7,7,8,7,8,7,9,8,6,7,6,8,7,8,6,8,6,7,6,7,5,7,5,6,5,6,6,7,5,6,5,6,6,6,6,7,7,7,6,5,8,8,9,9,9,9,7,7,8,8,6,5,7,6,6,5,6,5,5,4,5,4,6,7,5,5,4,3,6,6,8,7,5,4,6,5,8,9,7,8,8,9
child_815,0,11,U14,goalkeeper,high,neutral,average,none,medium,excited,33,36,9,9,5,5,4,4,7,6,8,9,4,3,7,8,8,9,8,8,6,7,6,6,5,7,6,7,5,7,6,5,6,7,5,8,6,6,6,5,6,7,7,8,6,7,5,6,5,6,7,8,8,9,4,3,6,7,6,6,5,5,7,8,8,9,7,8,7,8,8,9,6,7,7,8,6,7,5,6,9,9,8,8,8,9,6,6,8,8,7,7,5,5,6,6,4,3,4,3,3,2,2,1,3,2,5,4,5,4,4,4,2,1,1,1,3,2,2,2,1,1,4,4,5,5,3,2,3,2,5,6,6,7,5,6
child_816,0,12,U12,defender,medium,neutral,average,none,low,frustrated,64,53,6,8,8,9,5,7,7,9,8,9,5,6,6,7,4,8,3,7,5,7,5,8,4,6,6,8,5,7,5,8,6,7,4,8,4,7,6,6,3,9,4,8,6,8,5,6,5,6,5,7,6,8,5,5,4,6,4,5,3,7,6,8,7,9,5,7,6,8,7,8,6,7,5,6,5,7,5,6,3,8,4,7,3,6,5,5,4,6,4,7,5,4,4,5,6,7,5,6,4,5,3,4,5,4,6,5,5,5,5,5,4,4,3,3,5,6,4,4,3,3,4,5,5,8,4,4,3,5,6,7,5,6,5,7
child_817,0,11,U14,defender,medium,good,isolated,none,medium,excited,30,54,8,9,9,10,6,8,7,9,8,10,9,10,5,6,9,9,8,9,8,10,9,9,8,9,7,9,7,9,8,10,7,8,9,9,8,9,8,9,9,10,9,10,5,8,6,7,5,7,6,8,9,9,8,9,7,8,8,9,8,9,7,8,8,9,6,6,7,8,8,9,7,8,7,7,6,7,5,6,9,10,8,9,9,9,7,8,8,9,8,8,6,5,7,8,9,9,9,9,8,8,8,9,6,5,8,8,6,5,6,5,5,4,5,4,7,7,6,6,4,3,6,6,8,8,4,4,5,5,9,9,7,8,8,9
child_818,0,13,U12,goalkeeper,medium,good,average,none,low,frustrated,60,43,6,8,5,7,5,6,5,8,6,9,6,9,7,8,3,9,2,8,8,9,7,8,6,7,6,8,6,9,7,8,8,8,5,9,5,7,6,8,4,9,5,9,6,9,5,7,4,6,5,8,7,9,6,8,5,8,4,7,3,7,6,9,7,9,7,8,6,8,6,8,5,7,5,8,5,7,4,6,3,9,2,8,3,8,5,7,6,8,5,7,4,5,6,7,5,7,6,6,5,5,5,6,5,4,6,6,5,4,5,4,4,3,5,4,6,6,5,5,3,3,5,5,6,7,4,4,5,5,7,8,6,6,5,6
child_819,0,14,U14,defender,low,good,average,none,high,neutral,44,62,7,8,8,9,6,5,7,9,6,8,7,6,5,7,8,9,7,8,8,9,7,8,7,8,7,8,8,9,8,9,8,8,8,9,7,8,8,8,8,9,8,9,6,7,7,6,6,7,7,8,7,8,5,6,6,7,7,7,7,7,7,8,6,9,6,7,7,8,7,8,6,7,6,6,6,7,6,6,7,9,6,8,7,8,7,6,8,9,7,8,6,5,8,8,6,7,6,6,5,5,5,5,6,5,7,6,6,5,6,5,5,4,4,3,5,6,5,5,4,3,6,7,7,8,5,4,4,4,6,7,8,8,7,7
child_820,0,14,U14,forward,high,good,strong,frequent,low,neutral,52,50,7,8,9,9,8,7,6,8,7,9,8,9,7,8,8,9,6,8,8,9,7,8,7,7,8,8,7,8,9,9,8,8,8,9,7,8,8,8,9,9,9,9,8,9,7,8,6,7,8,9,9,9,8,9,7,8,8,9,7,8,8,9,7,9,7,8,8,9,8,8,8,8,7,8,6,7,6,7,7,9,6,8,7,9,7,8,8,9,7,8,6,7,6,7,7,8,6,7,6,7,7,8,6,6,7,8,6,6,6,6,5,5,5,5,6,6,5,5,4,5,5,6,8,8,5,5,5,6,6,7,7,8,7,8
child_821,0,11,U14,midfielder,high,neutral,average,none,medium,excited,40,60,8,9,9,10,7,8,6,7,8,8,9,10,7,8,9,9,8,8,6,7,6,7,7,8,6,8,6,9,5,7,6,7,8,9,7,8,6,7,8,9,8,9,7,8,7,8,6,7,8,9,8,9,9,10,7,8,8,9,9,10,6,7,6,8,7,8,6,8,7,8,8,9,7,8,6,7,5,6,9,10,7,8,8,9,6,7,7,8,8,9,7,8,8,9,9,10,9,10,6,7,8,9,5,6,6,7,5,6,5,6,4,5,3,4,9,10,8,9,3,4,7,8,9,10,5,6,8,9,9,10,7,8,8,9
child_822,0,14,U13,forward,medium,good,average,none,medium,anxious,69,58,7,9,8,10,6,7,6,8,5,8,6,8,8,9,5,7,4,6,8,9,7,8,7,8,8,9,7,8,6,7,7,8,7,9,6,7,7,8,8,9,8,9,6,7,5,7,5,6,6,7,8,9,5,6,6,7,5,6,5,7,6,8,7,8,8,9,6,7,6,8,7,9,5,6,5,6,4,5,5,7,6,8,5,7,6,8,5,7,6,8,4,5,5,6,4,5,4,5,5,6,5,6,4,5,6,7,3,4,3,4,2,3,2,3,4,5,4,5,2,3,3,4,4,5,3,4,5,6,6,7,6,8,6,8
child_823,0,12,U11,midfielder,medium,good,isolated,mild,medium,frustrated,52,33,5,8,4,9,3,8,6,7,7,9,4,6,5,6,3,8,2,7,8,9,7,8,6,7,7,8,6,9,4,7,7,8,6,9,6,7,5,6,5,9,4,9,3,8,4,7,3,6,4,7,5,8,4,5,3,6,4,5,3,6,6,8,7,8,5,5,6,6,6,7,5,6,6,7,6,6,5,5,3,8,4,8,3,7,6,6,5,7,4,8,4,3,3,6,4,5,4,5,3,4,3,5,4,5,4,6,5,4,5,4,3,3,3,4,4,5,3,3,3,3,4,5,5,7,3,2,4,5,4,5,5,6,4,6
child_824,0,11,U13,defender,high,neutral,isolated,none,high,frustrated,76,41,6,8,5,7,4,6,7,9,8,9,5,8,7,8,3,6,2,5,5,6,5,6,6,6,5,7,4,8,4,7,6,7,4,6,5,7,5,5,3,9,3,9,3,6,4,6,2,5,4,7,6,8,5,8,4,7,2,6,2,5,6,8,7,9,6,8,5,8,7,9,5,8,5,8,6,7,5,6,2,9,3,8,2,8,5,7,4,7,6,8,4,5,5,7,4,6,5,7,3,6,3,6,5,5,6,6,5,5,5,5,4,4,3,4,4,5,5,5,3,4,4,6,5,7,4,5,4,6,6,8,5,6,5,6
child_825,0,13,U14,midfielder,medium,neutral,average,mild,high,happy,37,56,7,8,5,5,4,4,6,7,7,9,6,5,7,8,6,9,5,8,6,8,6,7,6,7,6,7,5,8,6,8,6,7,7,7,5,6,5,6,7,7,7,8,5,7,5,6,5,6,6,7,7,8,4,5,5,7,6,6,5,6,7,9,6,8,7,8,6,8,6,7,6,8,5,6,6,7,5,6,6,9,5,8,6,8,5,6,6,8,6,8,5,4,5,7,5,5,5,5,4,5,4,5,5,4,6,6,5,4,5,4,4,3,3,3,6,5,3,3,2,2,4,3,6,5,3,3,5,4,7,6,6,8,7,8
child_826,0,11,U13,midfielder,medium,neutral,average,none,medium,happy,38,53,8,9,7,7,6,6,7,8,6,8,7,7,8,9,5,6,4,5,6,7,6,7,7,8,7,8,6,8,6,7,6,7,6,7,5,6,6,6,6,7,6,7,7,8,7,8,6,7,7,8,8,9,6,7,7,8,6,7,6,7,7,8,6,8,8,9,7,8,6,7,7,8,7,8,6,7,5,6,5,6,6,7,5,6,6,7,7,8,6,7,5,6,5,5,6,6,6,6,5,6,6,7,6,6,7,7,6,6,5,5,5,4,5,5,7,7,6,6,5,5,5,5,7,8,6,6,5,5,6,7,6,7,6,7
child_827,0,13,U11,mixed,medium,neutral,average,none,medium,excited,41,67,9,8,10,10,8,9,8,8,8,9,9,10,9,8,9,9,8,8,7,8,7,8,7,9,7,8,8,9,7,7,8,9,8,9,8,8,7,8,8,9,9,9,8,9,8,8,8,8,9,9,9,9,9,9,8,8,9,9,9,9,9,9,8,9,9,9,8,9,9,8,8,8,8,8,8,7,7,7,10,10,9,9,9,9,8,8,9,9,8,9,7,6,8,7,9,9,9,9,8,7,9,8,6,5,8,8,6,5,6,5,7,6,7,6,9,8,7,6,5,5,8,7,9,9,5,5,8,8,9,9,8,8,9,9
child_828,0,11,U13,midfielder,low,good,average,none,low,excited,25,90,10,9,10,10,8,8,9,8,9,9,10,10,10,10,9,10,8,8,9,9,9,9,8,8,8,9,8,9,9,9,9,9,9,9,8,8,9,8,9,9,9,9,8,8,7,7,9,8,8,9,9,9,9,9,8,8,9,9,9,9,8,8,9,9,10,10,9,9,9,8,10,10,9,8,8,7,7,6,10,10,9,8,9,9,8,8,9,9,9,9,7,6,6,7,10,9,10,9,8,8,9,9,7,6,8,7,6,5,6,5,5,4,7,6,9,9,8,8,5,4,8,7,9,9,7,6,8,8,10,10,9,9,9,9
child_829,0,13,U12,midfielder,medium,neutral,average,none,high,neutral,47,59,7,9,8,8,6,7,7,8,6,9,7,8,7,8,7,9,5,8,6,8,6,8,5,8,6,9,6,9,7,8,6,9,6,9,6,7,6,8,7,8,7,9,7,9,6,8,5,7,7,9,8,9,7,8,6,8,7,9,6,9,7,8,7,9,7,9,7,8,8,9,6,8,7,8,6,7,5,6,6,9,5,7,6,8,6,7,6,8,6,8,5,5,7,6,7,9,6,8,5,6,6,7,6,5,7,8,7,5,6,5,5,4,5,5,6,6,6,5,5,4,6,5,8,7,5,5,6,6,8,9,6,7,7,8
child_830,0,14,U13,goalkeeper,high,good,strong,none,low,happy,42,86,9,8,10,10,8,7,7,8,9,9,10,9,8,8,8,9,7,8,8,9,9,9,9,9,8,9,7,8,9,10,8,8,8,9,8,9,7,8,9,9,9,9,9,9,9,8,8,8,10,9,9,9,10,8,9,9,10,9,10,10,8,8,9,9,8,9,9,9,8,9,7,8,7,8,6,7,6,7,8,9,7,8,8,9,8,8,9,9,8,8,6,6,7,8,9,9,9,9,8,7,10,9,8,7,9,9,8,7,8,7,7,6,6,5,9,8,7,6,6,5,7,6,9,8,5,4,8,7,10,10,9,9,9,9
child_831,0,13,U13,goalkeeper,medium,good,strong,frequent,high,anxious,59,74,7,6,5,4,4,3,8,9,6,10,7,5,5,3,7,9,6,8,8,10,7,9,7,9,8,10,9,10,8,10,8,10,8,10,6,7,9,8,9,10,9,10,8,10,6,5,7,6,9,10,9,10,5,4,6,5,5,4,5,4,8,9,9,10,5,4,7,8,8,9,6,5,7,6,7,6,6,5,6,10,5,9,6,8,9,10,8,9,7,8,5,3,6,5,4,3,4,3,5,4,4,3,5,3,8,9,6,4,5,4,3,2,3,2,4,3,3,2,2,1,4,3,5,4,3,2,5,4,6,5,7,8,7,8
child_832,0,11,U14,goalkeeper,low,good,average,frequent,medium,neutral,52,37,7,8,8,9,6,8,5,7,6,9,7,8,9,10,6,7,5,6,8,8,8,9,7,8,7,8,7,9,6,8,8,9,6,8,7,8,8,7,8,10,9,10,6,7,5,6,5,6,6,7,7,8,8,9,6,7,5,6,5,6,7,8,8,9,9,10,7,8,5,6,8,9,6,7,5,6,5,6,6,8,5,7,6,8,6,7,7,9,7,8,5,6,6,7,7,8,7,8,6,7,5,6,5,6,7,8,5,6,5,6,4,5,4,5,6,7,6,7,4,5,5,6,6,7,5,6,5,6,6,7,7,8,7,8
child_833,0,14,U14,midfielder,low,neutral,strong,none,low,happy,36,42,8,9,9,9,7,8,6,7,6,8,9,10,7,8,6,7,5,6,6,7,6,7,7,8,7,8,6,7,6,7,6,8,7,8,6,7,6,7,7,8,7,8,9,9,8,8,9,9,9,9,9,9,8,8,8,8,8,8,8,8,6,8,7,8,7,8,6,7,6,7,7,8,6,7,6,7,5,6,6,7,5,6,6,7,6,7,5,6,6,7,5,6,6,7,8,8,8,8,6,7,6,7,6,7,6,7,5,6,5,6,4,5,5,6,7,8,6,7,5,6,6,7,8,8,4,5,5,6,9,9,6,7,8,8
child_834,0,12,U11,goalkeeper,medium,neutral,average,none,medium,excited,49,49,7,8,8,9,5,6,4,7,7,9,5,4,7,8,9,9,8,8,6,7,6,6,5,6,6,7,7,8,6,5,7,8,6,9,7,7,6,6,7,8,7,9,6,7,7,6,6,5,5,6,6,7,4,3,6,6,5,5,6,6,7,8,7,8,7,8,6,7,5,6,6,7,5,5,5,6,5,5,8,9,7,8,8,9,6,7,7,8,7,8,5,5,5,6,4,3,4,3,4,3,3,2,4,3,5,6,5,6,5,5,3,2,3,2,4,3,3,2,2,1,4,3,5,6,3,2,4,3,5,5,5,5,5,5
child_835,0,11,U14,mixed,low,good,average,frequent,medium,excited,28,66,9,9,10,10,8,9,7,8,8,9,10,10,10,10,9,9,9,8,8,9,8,9,8,8,8,9,9,9,8,9,9,9,10,10,9,9,9,9,9,10,10,10,7,8,6,7,7,8,7,8,9,10,10,10,8,8,10,9,9,9,8,9,9,9,10,10,9,9,8,9,10,10,9,9,7,8,6,7,10,10,9,9,9,9,8,8,9,9,8,8,6,7,8,9,9,9,9,9,8,8,10,10,7,7,9,9,6,6,6,6,7,7,5,5,9,9,7,7,5,5,6,6,8,8,7,7,8,9,10,10,9,9,9,9
child_836,0,12,U12,midfielder,low,bad,average,none,high,excited,42,80,8,8,10,10,7,7,9,9,8,9,8,6,9,8,10,10,9,9,3,9,3,8,3,9,3,8,3,9,3,7,4,8,4,9,4,8,4,7,2,9,2,9,6,7,6,6,5,5,6,7,7,7,9,8,6,7,8,9,9,9,9,9,8,9,9,8,7,8,8,8,8,7,7,8,6,8,6,7,10,10,9,9,10,10,8,7,9,9,9,8,5,4,7,6,8,8,9,9,7,6,6,6,5,5,5,6,6,5,6,5,4,4,3,3,8,7,4,3,3,3,7,7,10,9,5,4,8,8,9,9,9,8,9,9
child_837,0,14,U14,mixed,medium,neutral,average,none,high,frustrated,86,43,5,7,4,6,3,5,7,9,6,8,4,5,3,5,2,9,2,8,5,7,5,6,4,6,4,7,4,8,5,7,6,8,3,9,4,7,5,6,2,8,2,8,5,7,5,6,4,6,6,8,6,8,4,5,5,7,3,6,3,6,5,8,6,9,3,5,5,7,6,8,4,6,6,8,5,7,4,6,2,9,3,8,3,8,5,6,4,7,5,7,6,5,4,6,3,4,3,4,2,5,3,4,4,5,5,6,6,5,5,5,3,3,2,3,4,5,3,4,2,3,4,5,5,6,3,3,4,4,2,4,5,6,5,6
child_838,0,13,U13,mixed,low,good,isolated,none,high,excited,35,69,8,8,7,6,6,7,6,9,8,10,5,8,7,7,9,10,9,9,9,9,8,8,7,8,8,9,8,9,9,9,8,10,9,10,8,9,8,8,9,10,9,10,5,8,4,7,5,7,6,8,8,8,6,7,6,8,7,8,7,8,8,9,8,9,7,8,7,8,8,10,8,8,7,7,7,8,6,7,9,10,8,9,8,9,7,7,8,8,8,8,6,5,7,7,6,7,6,7,5,6,5,6,6,5,7,6,6,5,6,5,5,4,5,5,5,5,5,4,4,3,6,5,7,6,4,4,6,7,7,8,6,7,6,7
child_839,0,14,U13,goalkeeper,medium,neutral,strong,mild,low,excited,42,58,8,9,5,5,4,4,7,8,8,9,7,5,8,8,9,10,9,9,6,7,6,7,7,8,6,7,6,8,5,6,7,8,6,8,5,6,5,7,6,8,7,8,9,9,8,7,7,6,9,9,9,9,5,5,8,7,9,8,9,8,8,9,8,9,8,8,7,8,8,8,7,8,7,8,8,7,8,7,9,9,8,8,9,9,8,7,9,9,8,8,6,6,5,5,4,4,4,4,5,5,3,3,4,4,6,6,5,5,5,5,3,2,2,2,3,3,3,3,2,2,5,5,6,6,4,4,4,4,5,5,7,7,6,6
child_840,0,14,U11,forward,low,bad,average,none,low,excited,43,29,8,9,9,10,7,8,6,7,8,9,5,6,9,8,10,10,9,9,3,8,2,7,3,8,4,7,3,8,4,7,5,6,2,9,3,6,2,5,1,8,1,7,6,8,7,8,5,6,7,8,6,7,5,6,6,7,7,7,7,7,5,6,6,8,9,8,5,6,6,7,7,8,6,7,4,6,4,6,10,10,9,9,8,8,6,6,7,7,7,7,6,5,6,6,4,5,5,6,5,5,4,4,3,3,4,5,3,3,3,3,2,2,2,2,5,6,4,5,2,2,3,4,8,8,4,4,6,6,5,6,6,6,6,6
child_841,0,13,U12,mixed,medium,bad,average,none,medium,anxious,70,25,5,8,7,9,4,6,6,7,5,9,4,5,6,8,5,7,4,6,2,9,2,9,2,8,3,8,3,8,3,7,3,8,2,9,3,7,3,6,1,9,1,9,5,7,4,6,5,6,5,6,6,7,4,5,5,6,4,5,3,5,5,7,6,8,6,9,5,7,5,6,6,7,5,6,5,6,4,5,4,7,4,6,4,7,5,5,5,6,5,6,5,3,6,7,4,5,5,6,3,4,3,4,4,4,5,5,5,4,5,4,3,2,2,2,4,5,3,3,2,2,4,5,6,7,4,5,4,5,4,6,5,5,5,6
child_842,0,13,U14,forward,medium,bad,average,none,high,anxious,68,10,4,7,5,6,4,5,5,6,5,8,4,5,6,7,3,9,3,8,2,9,2,8,2,7,2,7,3,8,2,9,3,8,2,9,2,7,3,7,2,10,2,10,5,7,5,6,4,6,5,7,6,8,5,6,5,7,5,6,4,6,5,8,6,8,6,8,5,8,5,7,6,7,5,7,5,7,4,6,3,9,4,8,3,9,5,6,5,7,4,8,5,5,6,5,4,5,5,6,3,4,2,4,5,5,5,5,5,5,5,5,3,4,3,4,4,6,3,5,2,3,4,5,5,6,4,4,3,3,4,5,4,5,5,6
child_843,0,11,U13,mixed,low,good,average,none,high,frustrated,58,52,5,6,5,5,4,4,6,7,6,8,5,6,7,9,3,7,2,5,8,9,7,8,6,7,6,7,7,8,6,6,8,9,7,8,5,6,7,8,8,9,8,9,5,6,5,5,4,5,6,7,6,7,4,5,5,6,4,5,3,4,6,7,7,9,7,9,6,8,5,6,7,8,5,6,6,7,5,6,3,8,2,7,3,6,5,6,4,5,5,6,4,4,6,6,5,4,5,4,4,4,3,3,3,2,6,7,5,4,4,3,3,2,3,2,5,5,4,3,2,2,4,4,5,5,4,3,3,4,6,6,5,6,5,5
child_844,0,11,U14,goalkeeper,medium,good,average,none,low,anxious,55,23,7,8,6,7,5,6,4,5,6,7,7,9,4,5,5,6,4,5,8,9,7,8,7,8,6,7,6,8,8,9,7,8,8,9,6,7,7,8,8,9,9,10,6,7,5,6,5,6,6,7,6,7,8,9,5,6,5,6,5,6,6,8,7,8,4,5,6,8,5,6,6,7,5,6,6,7,5,6,5,6,5,6,4,5,6,7,5,6,5,6,4,5,5,6,7,8,7,8,6,7,5,6,4,5,7,8,5,6,5,6,4,5,4,5,5,6,5,6,4,5,5,6,5,6,4,5,5,6,6,7,6,7,6,7
child_845,0,12,U14,defender,medium,neutral,strong,none,high,excited,45,91,10,10,10,10,9,8,8,7,7,9,10,10,8,9,10,9,9,8,6,6,7,8,7,8,7,7,7,8,7,8,6,7,8,9,7,8,6,7,8,9,8,9,9,9,8,8,9,9,10,10,9,9,10,10,9,9,10,10,10,10,8,7,7,8,8,9,8,8,9,9,8,7,8,7,6,6,6,6,10,10,9,9,10,10,7,7,9,9,9,8,7,6,9,9,10,10,10,10,8,8,10,10,7,6,8,8,7,6,7,6,5,5,8,8,9,9,8,7,5,5,6,6,10,10,5,5,9,8,10,10,8,7,10,10
child_846,0,12,U11,mixed,low,good,average,none,medium,happy,42,78,8,9,9,10,7,8,7,8,6,10,7,8,9,10,6,9,5,8,9,10,8,9,8,9,8,9,7,10,8,9,9,10,9,10,7,9,8,8,9,10,9,10,7,8,6,7,6,8,7,8,8,9,6,7,7,8,7,8,7,8,8,10,7,9,9,10,7,9,8,9,8,9,7,8,6,7,5,6,6,9,5,8,6,9,7,9,8,10,8,9,7,6,6,7,7,6,7,6,6,7,5,6,6,5,7,8,7,5,6,5,5,4,4,5,7,7,5,4,4,3,6,5,7,6,5,4,6,7,6,8,7,7,7,8
child_847,0,13,U11,midfielder,low,bad,average,none,medium,frustrated,76,5,5,8,6,9,4,7,3,7,5,8,4,6,3,5,2,9,2,8,2,9,2,8,1,7,2,8,1,9,1,8,3,9,1,10,2,8,2,7,1,10,1,10,5,8,4,7,4,6,5,7,5,8,4,5,3,6,3,6,2,5,4,9,5,9,3,5,4,8,5,7,3,6,2,7,4,6,3,5,2,9,3,8,2,8,3,6,3,7,3,7,4,4,4,5,5,6,4,5,3,5,3,4,4,3,3,6,5,3,5,3,2,2,2,3,3,5,2,3,1,1,2,4,4,7,3,3,2,6,3,7,5,8,5,8
child_848,0,13,U13,mixed,medium,good,average,none,medium,happy,56,52,8,9,9,10,7,8,6,8,7,9,8,8,8,9,6,9,5,8,9,10,8,9,7,8,8,9,7,8,9,10,8,8,9,10,7,8,8,8,9,10,9,10,7,8,8,8,6,7,7,8,9,9,7,7,7,8,6,7,5,6,8,9,7,8,8,9,7,8,6,7,7,8,6,7,6,7,5,6,5,9,6,8,5,9,6,8,7,9,6,8,5,6,6,7,8,9,7,8,5,6,6,7,6,7,8,9,6,7,5,6,6,7,5,6,8,9,7,8,5,6,6,7,8,9,5,6,6,7,8,9,7,8,7,8
child_849,0,11,U14,defender,medium,neutral,average,none,low,excited,22,63,9,10,10,10,8,9,9,10,8,9,9,10,10,10,9,10,7,8,7,8,6,7,7,8,6,8,6,9,6,8,7,8,6,8,7,9,7,7,5,9,5,9,8,9,8,8,8,8,8,9,9,9,9,10,8,9,9,9,9,9,8,9,8,9,10,10,8,9,8,8,9,10,8,9,7,7,6,7,9,10,8,9,9,9,8,8,8,9,8,9,6,7,8,8,9,10,9,10,8,8,8,8,6,7,7,8,6,6,5,6,6,7,5,6,7,8,7,8,6,7,7,8,8,9,7,7,8,9,8,9,8,8,8,9
child_850,0,15,U15,midfielder,high,good,isolated,none,medium,excited,41,48,9,8,7,9,6,7,5,8,9,10,4,6,8,8,10,10,9,9,8,9,7,8,8,7,8,8,9,9,8,8,9,9,8,8,8,7,9,8,9,10,9,10,6,8,7,7,7,6,5,7,8,8,5,6,6,8,7,7,6,8,9,9,9,9,8,8,9,9,8,8,7,7,8,9,8,7,7,6,10,10,9,9,10,9,8,7,9,9,8,8,6,5,5,6,4,5,4,5,3,4,3,5,5,6,7,7,4,4,4,5,3,4,3,3,5,4,4,3,2,3,5,5,6,6,3,3,5,4,6,6,8,8,7,7
child_851,0,16,U17,forward,medium,good,average,none,high,excited,47,72,9,8,10,9,8,7,6,8,9,10,7,6,10,9,10,10,9,9,9,9,9,9,8,8,9,8,8,9,9,8,8,8,10,9,9,9,8,7,10,9,10,9,8,8,8,7,9,8,9,8,9,8,10,9,8,8,9,8,10,9,9,9,8,9,10,10,8,8,8,8,10,9,9,8,8,7,7,6,10,10,9,9,9,8,8,7,10,10,9,8,7,6,8,7,10,9,10,9,9,8,10,9,8,7,9,8,7,6,7,6,6,5,7,6,9,8,6,5,6,5,7,6,10,9,5,4,7,6,10,9,9,8,9,8
child_852,0,15,U18,midfielder,low,neutral,strong,none,medium,excited,30,41,8,9,9,9,7,8,6,7,7,8,9,9,9,10,9,9,8,9,6,8,6,8,6,7,7,8,7,8,7,8,6,7,7,8,6,7,5,6,6,7,6,7,9,9,8,8,8,8,9,9,9,9,8,8,8,8,9,9,9,9,7,8,8,8,9,10,7,8,6,7,8,9,7,8,5,7,5,6,9,10,8,9,9,10,7,8,8,9,8,9,6,5,7,6,9,8,8,8,7,7,8,8,6,5,7,7,6,6,6,6,5,4,5,5,8,8,7,7,4,3,6,5,9,9,5,4,6,7,9,10,8,8,9,9
child_853,0,18,U17,forward,medium,good,strong,mild,medium,excited,24,72,9,9,8,8,6,7,7,8,8,9,9,9,8,8,9,9,9,8,8,8,8,9,7,8,8,9,7,9,9,9,7,8,8,9,9,8,8,8,8,9,9,9,9,9,7,8,8,8,9,9,9,9,8,7,8,8,9,9,9,9,8,8,8,9,8,8,8,9,9,8,8,7,8,7,7,8,6,7,9,9,8,8,9,8,8,7,9,9,9,8,7,6,6,7,9,9,8,9,7,6,8,7,7,6,9,9,6,5,6,5,7,6,8,7,9,8,6,5,7,6,8,7,9,9,6,5,8,8,9,9,8,8,8,8
child_854,0,16,U16,midfielder,medium,neutral,strong,none,low,excited,33,48,9,10,8,9,7,8,8,8,8,9,9,10,8,8,9,10,9,9,6,7,7,8,6,8,7,9,7,8,6,7,7,8,5,7,6,8,6,7,5,7,5,7,8,9,8,8,7,8,9,10,9,9,8,9,8,8,9,9,9,10,7,8,8,9,8,9,8,9,8,8,8,9,7,8,7,8,6,7,9,10,8,9,9,10,7,8,8,9,9,10,6,6,7,8,9,9,9,9,8,8,8,9,6,5,7,6,6,5,6,5,5,4,5,5,8,9,6,6,5,4,6,6,8,9,6,6,7,8,8,9,7,8,8,9
child_855,0,17,U17,mixed,low,bad,average,mild,medium,excited,28,20,8,9,6,7,5,6,6,8,7,9,7,8,9,10,8,9,7,8,3,10,2,10,2,9,3,10,2,9,4,8,4,7,2,10,4,8,3,9,2,10,2,10,5,8,4,7,5,6,6,7,6,8,7,9,5,7,7,9,7,8,6,8,6,8,9,10,6,9,6,7,8,9,5,8,5,6,4,5,8,9,7,8,8,9,6,7,7,8,6,7,6,5,5,6,8,8,8,8,5,6,6,6,5,4,6,5,5,4,5,4,4,3,4,4,7,6,6,5,3,3,6,5,7,6,5,5,6,7,7,8,5,6,5,6
child_856,0,18,U17,mixed,high,neutral,strong,none,medium,neutral,48,62,8,8,7,9,4,6,6,7,8,9,5,5,6,7,7,8,5,6,6,8,5,7,6,7,7,8,6,9,5,8,7,9,6,8,5,7,6,6,6,8,7,9,8,9,7,8,7,8,9,9,9,9,4,5,6,7,5,6,5,6,8,9,8,9,6,7,7,8,7,8,6,7,6,7,7,8,6,7,6,8,5,7,7,8,6,7,7,8,6,7,5,5,6,7,4,4,5,5,4,5,3,4,5,5,6,6,5,5,5,5,4,3,3,4,3,4,2,3,2,3,3,4,4,5,3,3,3,4,4,5,5,6,5,6
child_857,0,15,U18,forward,low,good,average,mild,medium,neutral,48,33,6,8,7,9,5,7,4,6,6,8,5,7,4,5,5,7,4,6,8,9,7,8,6,7,7,8,7,8,8,9,7,8,6,8,7,8,6,7,5,9,7,8,5,7,4,6,5,7,5,7,6,8,6,8,5,6,5,7,5,7,7,8,7,9,4,5,6,7,5,7,6,8,4,6,5,7,4,6,4,7,5,6,4,6,5,7,6,8,5,6,4,5,5,6,6,7,7,8,5,6,5,6,6,7,6,7,5,6,5,6,4,5,3,4,5,6,4,5,3,4,4,5,7,8,3,4,4,5,6,7,5,6,6,7
child_858,0,15,U15,mixed,low,neutral,isolated,mild,medium,neutral,51,28,7,8,6,9,5,7,6,7,5,8,4,6,6,8,5,9,4,8,6,7,6,7,5,6,5,6,6,8,5,7,5,6,6,7,5,6,5,7,5,7,6,7,4,7,5,7,4,6,5,6,5,7,4,5,4,6,3,5,3,5,6,7,6,8,6,7,6,8,7,8,5,6,5,6,5,6,5,5,5,9,5,8,4,8,6,7,5,9,6,8,4,6,4,5,4,5,4,5,3,4,3,4,4,5,5,6,4,5,4,5,3,4,3,4,5,6,5,6,3,4,4,5,6,8,4,5,3,4,5,6,5,6,5,6
child_859,0,18,U15,defender,high,good,average,mild,medium,excited,42,100,9,8,10,9,8,7,10,9,9,9,10,9,8,8,10,10,10,10,9,8,9,9,9,8,9,8,8,9,9,8,8,8,9,9,10,9,9,8,9,8,10,9,7,7,8,8,8,7,9,8,9,9,9,8,8,8,9,9,10,9,9,9,8,9,8,8,9,8,9,8,9,8,9,8,7,7,7,7,10,10,9,8,10,9,8,8,9,9,10,10,6,6,8,7,9,8,10,9,8,8,9,9,7,6,9,8,7,6,7,6,5,5,4,4,9,8,6,6,5,5,8,7,10,9,6,6,8,7,10,10,9,8,9,8
child_860,0,16,U16,forward,medium,good,average,none,medium,happy,40,29,7,8,8,9,6,7,5,8,6,9,7,6,6,8,5,10,5,9,8,9,8,8,7,8,8,8,7,9,8,7,7,8,9,7,7,7,8,6,8,6,9,6,7,8,6,7,6,6,7,7,8,8,6,7,7,8,6,7,6,7,6,8,7,9,6,8,5,7,6,8,6,9,6,7,5,6,5,6,6,10,6,9,5,8,6,7,7,9,6,8,6,6,7,8,5,7,5,7,5,6,4,5,5,6,6,6,5,5,5,5,4,4,3,4,5,6,5,5,3,4,4,5,6,7,4,5,4,5,5,6,6,7,5,7
child_861,0,15,U15,mixed,high,good,strong,none,low,excited,38,50,8,9,6,8,4,5,7,8,9,10,5,6,8,9,9,10,8,9,8,9,7,8,6,7,8,9,7,8,9,10,8,9,8,9,7,8,7,8,8,9,9,10,9,10,6,7,8,9,9,10,9,10,4,5,7,8,8,9,9,10,9,10,9,10,8,9,8,9,8,9,7,8,6,7,7,8,7,8,9,10,8,9,9,10,6,7,8,9,7,8,5,6,4,5,3,4,3,4,2,3,1,2,3,4,3,4,3,4,3,4,1,2,1,2,2,3,1,2,1,2,3,4,7,8,4,5,3,4,1,2,2,3,2,3
child_862,0,17,U15,forward,low,neutral,average,none,high,excited,21,76,9,10,7,8,6,7,8,9,8,9,7,8,10,10,9,10,8,9,7,8,7,8,7,8,8,9,8,9,7,8,8,9,9,10,8,9,7,8,9,10,9,10,8,9,8,9,8,9,7,8,9,10,6,7,8,9,9,10,9,10,8,9,9,10,10,10,9,10,8,9,10,10,8,9,7,8,7,8,9,10,8,9,9,10,8,9,9,10,9,10,7,8,6,7,6,7,7,8,5,6,6,7,5,6,7,8,6,7,6,7,5,6,4,5,6,7,6,7,4,5,6,7,8,9,5,6,7,8,8,9,7,8,8,9
child_863,0,15,U15,mixed,medium,good,average,none,low,excited,43,75,9,10,8,9,7,8,10,10,8,7,9,9,10,10,9,8,8,8,8,9,9,8,8,9,8,9,7,8,9,9,7,7,8,9,8,8,8,7,9,9,9,9,7,8,6,7,7,8,8,8,8,8,9,9,7,8,9,9,9,9,7,6,7,8,9,10,8,8,8,9,9,10,8,8,6,6,6,6,9,10,8,8,9,9,7,7,8,9,8,8,7,6,6,5,8,9,9,9,7,7,8,8,7,6,8,8,7,6,6,5,5,4,6,5,8,9,7,8,5,4,6,5,9,10,6,5,8,9,9,10,7,7,8,8
child_864,0,17,U15,defender,high,good,average,frequent,medium,excited,43,28,8,9,7,10,6,7,6,8,9,9,6,8,5,6,9,10,8,9,9,9,9,8,8,8,7,8,9,9,8,9,7,7,9,9,8,7,8,7,9,9,9,9,6,8,5,7,5,6,6,8,7,9,5,6,6,7,7,7,7,8,9,10,8,9,5,6,8,9,9,10,7,6,8,7,8,9,7,8,9,10,8,8,8,9,7,8,8,9,8,9,6,5,6,6,5,6,5,6,5,6,4,5,5,6,7,7,6,5,6,5,4,4,3,3,4,5,4,4,3,3,5,5,7,7,3,3,5,5,6,7,6,8,6,8
child_865,0,17,U18,forward,medium,good,average,frequent,high,excited,49,52,9,10,8,9,7,8,8,8,7,8,9,9,8,9,9,10,8,9,8,9,8,9,8,8,8,9,8,9,8,8,7,8,9,9,8,9,7,8,9,10,9,10,7,8,6,8,7,8,7,8,8,9,8,8,8,9,8,9,8,9,8,9,8,9,8,9,8,9,8,8,7,8,8,8,7,8,7,8,9,10,8,9,9,10,8,9,8,9,9,10,6,7,8,9,9,10,9,10,8,8,8,8,7,7,8,9,7,7,7,7,6,6,7,7,9,10,8,8,5,5,7,7,8,9,6,6,8,8,9,10,8,9,9,10
child_866,0,17,U18,defender,high,good,isolated,none,high,excited,43,71,9,10,10,10,8,9,7,8,9,9,8,9,7,8,9,10,8,9,8,9,8,9,9,9,8,8,9,10,8,9,8,8,9,9,8,8,8,8,9,10,9,10,7,8,7,8,7,8,6,7,8,9,9,10,8,9,8,9,9,10,8,9,9,10,7,8,9,10,8,9,8,9,8,9,7,8,7,8,9,10,8,9,9,10,8,9,8,9,8,9,6,7,9,10,8,9,9,10,8,8,9,10,7,8,8,9,6,7,6,7,5,6,7,8,8,9,6,7,5,6,7,8,9,10,5,6,8,9,9,10,8,9,9,10
child_867,0,17,U17,forward,high,neutral,average,mild,high,anxious,62,33,6,9,7,10,5,8,3,6,6,8,5,7,8,9,5,7,4,6,5,7,5,8,4,7,5,8,6,9,4,6,5,7,4,8,5,7,5,6,3,8,4,7,5,8,4,7,3,6,5,7,6,8,5,7,5,8,4,6,3,5,5,9,6,8,7,9,5,7,4,6,6,8,5,7,5,7,4,6,5,7,4,6,5,7,6,8,5,7,5,6,5,4,6,7,4,5,3,5,2,4,3,5,4,6,5,7,5,6,4,5,3,4,2,3,6,7,5,6,3,4,4,5,5,8,4,5,5,6,2,4,3,5,4,6
child_868,0,18,U16,midfielder,high,neutral,average,none,low,excited,25,43,8,7,9,9,7,6,6,8,9,8,7,5,8,7,9,9,9,8,6,7,6,7,6,8,7,8,7,8,6,6,7,8,8,9,7,7,6,6,7,9,8,9,7,6,7,7,6,6,7,7,8,7,6,5,7,8,8,9,9,9,8,8,8,9,7,8,7,8,8,9,7,7,6,6,7,8,7,7,9,9,8,8,9,9,6,7,8,8,8,8,6,5,5,6,6,5,6,5,5,5,5,5,6,6,7,6,6,5,6,5,5,4,5,4,6,6,5,4,4,3,6,5,8,7,5,4,6,5,7,6,6,6,7,6
child_869,0,15,U18,defender,high,neutral,strong,frequent,medium,neutral,54,41,8,9,9,10,7,8,6,7,6,8,8,9,6,7,5,6,5,7,6,7,6,8,6,7,7,8,6,8,5,6,6,7,6,7,5,6,6,7,5,8,5,8,8,9,7,8,7,8,9,10,9,10,8,9,8,9,7,8,7,8,6,7,7,9,7,8,6,7,6,7,6,8,6,7,5,6,5,6,6,7,5,6,6,7,6,7,6,7,6,7,5,6,5,6,7,8,8,9,7,8,8,9,6,7,7,8,6,7,6,7,5,6,5,6,8,9,5,6,5,6,4,5,8,9,4,5,5,6,8,9,7,8,7,8
child_870,0,15,U17,mixed,low,good,average,none,medium,frustrated,72,36,4,7,6,9,5,7,4,8,5,9,4,6,6,8,3,10,2,9,7,8,7,8,5,8,6,9,6,9,6,8,8,8,7,9,7,8,8,7,8,10,9,10,5,7,6,7,5,8,5,8,7,8,5,6,5,7,4,7,3,6,6,9,5,8,6,9,5,8,6,7,4,7,5,6,5,6,4,5,2,10,4,8,3,9,5,6,6,9,4,8,5,5,3,7,5,6,4,7,5,5,4,6,4,5,5,6,5,5,5,5,3,4,2,3,5,6,3,4,2,3,3,5,4,6,4,4,5,6,5,8,5,6,5,6
child_871,0,16,U16,defender,low,good,average,mild,high,neutral,58,40,6,7,8,9,5,6,7,8,6,8,7,8,5,7,7,9,5,7,8,9,8,8,6,7,7,8,7,9,7,8,7,8,6,8,6,7,7,8,6,8,6,8,6,7,6,7,5,7,7,8,7,9,8,9,7,8,6,7,5,7,7,9,6,8,5,7,6,8,7,9,6,8,5,8,6,8,5,7,6,9,5,8,6,8,6,8,7,8,6,8,5,6,7,8,6,7,7,8,6,7,7,8,5,6,7,8,5,6,5,6,5,5,5,5,6,7,5,6,4,5,5,6,7,8,5,5,6,7,7,9,8,9,8,9
child_872,0,16,U17,defender,high,good,strong,mild,low,excited,47,66,8,9,6,5,5,4,7,8,9,9,7,6,9,10,9,9,8,7,8,9,8,9,8,8,8,8,9,9,7,8,9,10,9,10,8,9,9,8,8,10,9,10,8,9,7,7,6,5,8,9,8,9,9,9,8,8,9,8,9,9,9,9,9,10,9,10,9,10,8,8,9,10,8,9,7,6,6,6,9,10,8,8,9,9,8,8,9,9,8,9,6,5,7,6,7,5,7,5,6,5,5,4,6,4,7,5,6,5,6,4,4,3,3,3,6,5,5,4,4,3,5,5,7,6,5,4,6,6,8,8,8,7,7,7
child_873,0,16,U17,midfielder,medium,neutral,average,none,medium,happy,33,50,8,7,9,9,7,8,6,7,7,9,9,8,8,8,7,10,6,8,6,7,5,6,6,8,6,8,7,9,6,7,5,8,7,9,5,6,4,5,6,8,6,8,7,9,7,8,7,8,8,9,8,9,9,9,6,7,7,8,7,9,8,9,7,9,7,8,7,9,6,8,8,9,6,8,5,7,5,7,6,9,5,8,7,9,6,7,6,8,6,9,5,6,7,7,8,9,8,9,6,7,8,8,5,6,6,7,7,7,6,6,5,5,5,6,8,8,7,6,5,5,6,6,8,8,5,5,6,6,9,9,7,7,8,8
child_874,0,16,U17,mixed,medium,neutral,strong,none,medium,happy,34,64,8,7,9,9,6,5,8,8,7,9,7,6,8,7,6,9,5,8,7,8,6,8,7,7,6,8,7,8,8,6,7,8,8,7,7,6,6,5,9,7,9,8,9,9,8,7,8,7,9,8,9,8,7,6,8,7,9,8,9,7,7,8,8,9,7,8,8,8,8,8,7,8,8,7,6,6,6,6,6,8,5,7,6,9,7,7,8,9,7,8,6,5,5,6,6,5,6,5,5,5,4,4,5,5,8,7,6,4,6,4,4,3,3,2,7,6,5,4,4,3,6,5,8,7,5,4,6,6,7,6,7,7,7,7
child_875,0,15,U17,forward,high,good,isolated,mild,high,neutral,57,70,7,8,8,9,5,7,6,8,8,9,4,8,6,8,7,8,6,7,8,9,7,8,7,8,7,8,7,9,8,9,7,8,8,9,7,8,8,9,8,9,8,9,5,8,6,7,5,7,5,8,7,9,6,8,6,8,6,8,6,8,7,9,8,9,7,9,8,9,7,8,7,8,6,8,7,8,7,8,7,8,6,7,7,8,6,7,7,8,7,8,5,6,5,6,6,7,6,7,5,7,5,7,6,7,6,7,5,6,5,6,4,5,4,5,5,6,5,6,4,5,6,7,7,8,4,5,6,7,7,8,7,8,7,8
child_876,0,18,U15,midfielder,medium,good,average,none,high,excited,25,61,9,8,10,9,7,6,6,7,8,9,8,7,8,9,9,10,8,9,9,8,8,7,9,8,8,8,8,9,9,8,8,8,9,9,9,8,8,7,9,8,9,9,8,8,8,7,8,7,8,8,9,8,7,6,8,7,9,8,9,9,8,9,9,9,8,8,9,9,7,8,8,9,7,7,7,7,6,6,9,10,8,9,9,10,8,8,8,8,9,9,7,6,9,8,7,6,8,7,6,5,6,6,6,5,8,7,7,6,7,6,5,4,5,4,8,7,6,5,4,3,6,5,8,7,5,4,6,5,9,8,8,7,9,8
child_877,0,15,U18,goalkeeper,low,good,average,none,medium,frustrated,76,28,6,8,8,9,5,7,4,8,7,9,6,7,5,8,3,9,2,8,8,9,8,9,7,8,7,8,8,9,6,7,7,8,9,10,7,8,8,8,9,10,10,10,6,8,5,7,5,8,6,7,7,8,4,7,5,8,4,7,3,6,5,8,7,9,6,8,6,8,5,8,7,9,6,8,6,9,5,8,2,10,3,9,4,8,6,7,5,8,5,8,5,7,6,8,4,7,4,6,5,7,3,5,6,6,6,7,7,8,6,7,4,5,3,4,5,6,3,5,2,4,5,6,6,7,4,5,3,4,3,5,5,6,5,6
child_878,0,18,U17,mixed,high,good,average,frequent,medium,excited,26,53,8,8,6,6,5,5,7,7,9,9,5,5,8,8,9,9,9,9,7,8,8,8,7,7,8,8,7,7,8,8,8,9,9,9,7,7,8,8,9,9,9,9,5,6,5,6,6,6,6,6,7,7,5,5,6,6,7,7,7,7,8,9,8,9,7,8,7,8,7,8,8,8,7,7,6,7,6,6,9,9,8,8,9,9,7,7,8,8,9,9,5,5,7,6,5,5,5,5,4,5,4,5,5,5,5,5,5,5,5,5,4,4,4,4,5,5,4,4,3,3,5,5,6,6,4,4,3,3,5,5,5,5,5,5
child_879,0,17,U15,defender,low,good,strong,frequent,low,excited,44,48,8,9,9,10,8,8,7,9,7,10,9,9,8,9,9,10,8,9,9,10,8,9,8,9,8,8,8,9,8,9,9,9,9,9,9,8,8,8,9,9,9,10,9,10,7,8,8,9,9,10,9,9,9,10,8,9,9,10,9,10,8,9,8,10,8,9,8,9,8,10,8,9,8,9,8,9,7,8,9,10,7,8,9,10,8,9,9,10,9,9,7,7,8,9,8,9,8,9,8,8,8,9,7,6,8,9,7,6,7,6,6,5,7,6,8,8,7,6,6,5,7,7,9,9,6,5,7,6,8,8,8,7,8,8
child_880,0,15,U15,goalkeeper,medium,good,isolated,none,medium,frustrated,75,27,5,7,6,8,4,9,6,8,7,9,3,6,6,8,4,9,3,8,8,9,7,8,6,7,7,9,8,9,5,9,8,8,7,9,6,7,8,7,7,9,6,9,4,9,5,8,3,7,4,8,5,9,3,6,4,7,2,6,2,5,6,8,7,9,6,8,7,8,6,7,5,7,6,8,7,8,6,7,2,9,3,8,2,9,5,6,5,8,4,7,5,4,6,5,4,7,4,6,3,5,2,4,5,5,6,7,6,5,4,4,3,3,2,3,3,4,3,4,2,3,4,5,5,6,3,4,2,3,3,5,5,6,6,7
child_881,0,17,U16,midfielder,high,bad,average,none,low,excited,42,19,8,9,5,6,3,4,4,8,9,10,5,5,7,8,9,9,8,9,2,9,2,8,2,7,3,8,2,8,3,9,3,6,2,7,3,8,2,7,1,10,1,10,6,7,5,7,5,6,6,7,7,8,3,5,5,6,5,6,6,7,8,9,8,9,7,8,7,8,8,9,6,7,5,6,7,8,7,8,10,10,9,9,9,9,8,8,9,9,8,8,5,4,6,5,3,4,3,4,2,3,2,3,3,4,3,4,4,5,4,5,2,3,2,3,3,4,2,3,2,3,4,5,6,6,3,4,3,5,3,4,4,5,4,5
child_882,0,16,U17,forward,medium,good,average,frequent,high,frustrated,59,10,5,7,6,9,5,8,4,9,6,8,5,8,7,9,3,8,2,7,7,9,6,9,6,8,7,9,5,8,5,8,7,9,8,9,5,8,6,8,4,9,4,9,4,8,5,8,4,7,5,8,6,8,6,8,5,8,4,7,3,7,6,8,7,9,8,9,6,8,5,8,7,9,5,8,5,7,5,6,2,8,3,7,3,8,4,7,5,8,5,8,5,6,6,8,5,7,5,7,4,7,5,8,6,6,7,8,6,5,6,5,5,5,4,6,5,7,5,6,4,5,5,6,6,8,5,6,4,7,5,8,6,8,7,9
child_883,0,18,U17,defender,high,good,average,none,low,frustrated,72,30,4,6,7,9,5,5,6,7,8,10,5,6,7,8,3,9,2,7,7,8,6,7,5,6,6,7,7,9,5,6,7,8,6,9,5,7,6,8,4,9,5,9,6,7,5,6,4,5,5,7,6,8,5,6,4,6,3,5,2,6,5,8,6,8,7,9,6,8,5,7,5,6,6,7,5,7,4,6,2,10,3,9,3,8,4,7,5,7,5,6,5,4,4,5,5,6,6,6,4,5,3,4,4,5,5,6,6,5,5,5,5,4,3,3,4,5,3,4,2,2,5,5,6,7,4,4,4,5,5,6,5,7,5,6
child_884,0,17,U15,goalkeeper,medium,neutral,average,none,high,excited,43,57,8,9,9,10,7,8,7,7,6,8,9,10,8,8,9,9,8,8,7,8,7,8,6,7,7,8,6,8,7,8,7,8,8,8,7,7,7,7,8,9,8,9,8,9,8,8,9,9,8,8,9,9,9,9,8,8,9,9,9,9,8,9,7,8,8,9,7,8,8,9,7,8,7,7,6,7,6,7,9,9,8,8,8,8,7,7,8,9,8,8,6,6,8,8,8,8,8,8,7,7,7,7,6,6,7,7,6,6,6,6,6,5,5,4,8,8,7,7,5,5,6,6,8,8,5,5,7,7,8,9,8,8,8,8
child_885,0,17,U18,mixed,high,good,average,none,low,excited,23,65,8,9,9,10,8,9,7,8,7,8,9,10,8,9,9,10,8,9,8,8,8,8,9,9,8,8,8,9,9,8,8,8,9,9,8,8,8,8,9,9,9,9,7,8,7,8,6,7,8,9,9,10,9,9,8,9,9,9,9,10,7,8,8,9,9,9,8,9,7,8,8,9,7,8,7,8,6,7,9,10,8,9,9,10,7,8,8,9,8,9,7,8,6,7,8,9,9,10,7,8,8,9,7,7,8,8,6,6,6,6,5,5,6,6,8,9,7,7,5,5,6,6,9,10,5,5,7,8,9,10,8,8,9,10
child_886,0,15,U17,forward,low,neutral,average,mild,medium,frustrated,76,33,5,6,7,8,4,5,8,9,6,9,5,5,9,10,3,8,2,7,5,8,6,7,4,8,5,8,5,9,4,8,7,9,5,8,4,7,5,6,4,9,3,10,5,8,6,7,5,6,6,9,7,9,3,6,4,8,3,7,2,6,6,9,7,10,9,10,7,8,8,9,6,8,5,8,4,7,4,6,2,9,3,8,3,8,5,7,6,8,5,9,6,5,5,6,4,5,5,6,3,5,2,4,3,3,4,5,5,4,5,3,3,2,2,3,4,4,3,3,2,2,5,5,7,8,4,4,3,5,6,7,5,6,6,7
child_887,0,18,U16,defender,medium,good,isolated,mild,medium,happy,49,53,9,10,8,9,7,8,7,8,6,7,9,10,5,6,6,8,5,6,8,9,7,8,7,8,7,8,8,9,8,9,8,9,9,9,7,8,7,8,9,10,9,10,5,7,6,7,6,7,5,6,6,7,9,10,6,7,7,8,8,9,7,8,6,8,5,6,7,8,7,8,5,6,6,7,6,7,5,6,6,7,5,6,5,6,6,7,6,7,6,7,5,6,8,9,9,10,9,10,8,9,9,10,7,8,8,9,6,7,6,7,5,6,6,7,8,9,7,8,5,6,6,7,9,10,5,6,8,9,9,10,9,10,9,10
child_888,0,18,U18,forward,medium,good,strong,mild,medium,frustrated,76,50,5,8,7,9,6,7,5,8,8,9,7,6,6,8,4,9,3,8,8,9,8,9,6,7,6,7,5,8,9,9,7,8,5,7,6,8,8,7,6,9,6,9,8,9,7,8,5,8,9,9,9,9,6,7,7,8,6,7,5,6,5,9,7,9,6,8,7,9,6,7,6,8,5,7,5,6,4,6,3,9,4,8,3,9,7,8,5,7,6,7,5,6,6,5,4,6,4,6,5,7,5,6,4,5,6,7,5,5,4,5,3,4,3,4,4,5,3,4,2,3,3,4,5,6,3,4,5,6,4,5,7,6,6,7
child_889,0,16,U16,forward,medium,neutral,isolated,frequent,high,excited,34,20,8,9,6,7,5,6,4,7,7,8,4,5,9,10,9,9,8,7,6,6,6,7,5,7,5,7,6,8,5,6,6,6,7,8,6,7,5,6,4,8,7,8,4,6,5,7,5,6,4,6,5,7,6,6,5,7,6,7,5,6,7,8,8,9,9,10,7,8,6,7,8,9,5,7,6,7,5,6,9,10,6,7,8,9,5,6,7,8,6,7,4,5,6,7,4,5,4,5,5,6,5,6,5,5,6,7,5,6,5,5,4,5,5,6,4,5,5,6,3,4,5,6,7,8,6,7,5,6,6,7,5,6,5,6
child_890,0,17,U18,goalkeeper,low,good,average,none,high,excited,39,70,8,7,7,6,6,5,8,8,9,9,7,6,5,4,9,10,9,9,9,9,8,8,8,8,8,9,8,9,9,9,8,8,9,9,8,8,8,7,9,10,9,10,7,7,6,6,6,5,7,6,8,8,6,5,7,6,8,7,8,8,9,9,8,8,5,4,8,8,9,9,7,7,8,8,7,6,6,5,9,10,8,9,9,10,8,7,8,8,8,7,5,4,9,8,6,5,7,6,6,5,5,4,7,6,8,7,7,6,6,5,5,4,4,3,5,4,5,4,3,3,6,5,7,6,4,3,5,4,8,7,8,8,8,8
child_891,0,16,U17,mixed,low,good,strong,frequent,low,excited,29,53,9,8,8,7,7,6,6,7,7,8,9,9,8,8,9,9,8,8,9,9,8,8,8,7,7,8,8,8,9,9,8,8,9,9,7,7,8,8,9,9,9,9,8,9,7,7,8,7,9,9,9,9,9,8,8,8,9,9,9,9,8,8,7,8,8,8,8,8,8,8,7,8,8,7,7,7,7,7,9,9,8,8,9,9,7,7,9,9,8,8,6,6,8,7,8,6,8,6,7,6,8,7,7,6,9,7,6,5,6,5,5,4,5,5,8,7,6,6,5,4,6,5,9,8,5,4,7,6,9,9,9,9,9,9
child_892,0,16,U18,goalkeeper,low,good,strong,frequent,medium,excited,34,58,8,9,9,10,7,8,7,8,8,7,9,9,8,8,9,8,7,6,8,8,8,9,7,8,8,8,8,9,9,8,8,7,9,9,8,8,8,7,9,9,9,9,9,9,8,7,9,8,9,9,9,9,8,7,8,8,8,8,9,8,8,8,8,9,9,8,8,8,9,8,8,7,7,7,8,7,7,6,9,9,8,7,8,8,8,7,9,9,8,8,7,6,8,7,8,8,8,8,7,6,8,7,7,5,8,6,6,5,6,5,7,6,6,5,7,6,7,6,5,4,6,5,8,8,5,4,7,6,8,8,8,7,8,8
child_893,0,17,U18,mixed,medium,good,average,none,medium,frustrated,89,24,4,5,5,6,4,5,6,8,5,9,4,4,7,9,3,8,3,8,8,9,7,8,6,7,7,8,7,9,6,6,7,7,8,8,7,8,6,6,7,8,9,9,6,7,5,6,5,6,5,6,6,7,4,5,6,7,5,6,4,6,5,8,6,9,7,9,6,8,6,8,7,9,5,6,4,5,4,5,3,8,3,7,3,7,5,6,6,7,5,6,4,5,5,6,3,5,3,5,4,5,2,4,3,4,5,6,4,4,4,4,3,3,2,3,4,5,4,5,3,3,4,4,5,6,4,4,5,5,4,5,4,5,5,6
child_894,0,15,U16,forward,high,bad,average,none,low,excited,42,52,8,9,7,8,6,7,9,10,9,10,8,9,7,8,10,10,9,9,3,8,2,9,2,9,2,9,3,9,3,9,4,7,4,8,4,8,3,7,2,10,2,10,6,8,6,7,6,7,7,8,8,9,7,8,5,7,8,9,8,9,8,8,8,9,7,9,8,9,9,10,7,8,6,7,7,7,6,6,10,10,9,8,10,10,9,8,8,9,9,8,5,4,6,7,8,8,8,8,5,6,5,5,5,5,4,6,5,5,5,5,4,3,4,4,6,7,5,5,4,4,6,5,7,6,5,5,6,6,7,7,7,8,7,8
child_895,0,17,U16,mixed,medium,neutral,average,none,medium,excited,33,43,8,9,9,10,7,8,6,7,8,8,7,7,8,9,9,8,7,6,6,6,5,7,6,8,6,7,5,8,6,5,5,6,5,7,7,8,4,5,5,6,6,6,7,7,6,6,6,7,7,8,8,8,5,6,7,7,7,7,8,7,6,7,7,9,8,9,7,8,7,7,7,6,5,6,6,6,5,5,9,9,7,6,8,7,5,6,8,8,6,7,6,5,6,7,7,6,7,7,5,6,5,5,4,5,6,6,4,5,4,5,3,4,3,4,5,5,5,5,4,4,5,5,8,7,5,4,5,5,7,6,6,5,6,5
child_896,0,17,U17,mixed,low,good,strong,none,low,excited,39,75,8,7,9,8,7,6,9,8,8,9,9,8,10,9,9,10,9,9,8,9,8,9,9,8,8,8,8,9,9,8,8,8,8,8,9,9,8,8,9,9,9,9,9,9,8,8,8,7,9,9,9,9,10,8,9,8,9,8,10,9,8,8,9,9,10,9,9,9,9,9,8,9,8,8,7,7,7,7,9,10,8,8,9,9,8,8,9,8,9,8,7,6,8,7,8,7,9,7,7,6,8,7,6,5,8,7,6,5,6,5,5,4,6,5,7,6,7,6,5,4,7,6,8,7,6,5,7,6,9,8,8,8,9,8
child_897,0,16,U16,defender,low,neutral,isolated,none,low,excited,21,34,9,8,7,7,6,7,9,9,8,8,8,8,7,9,9,9,8,8,6,7,6,7,5,6,5,7,6,8,5,6,6,7,7,8,6,7,5,6,5,7,6,8,5,6,5,6,4,6,4,6,6,7,7,8,5,7,6,7,7,8,8,8,7,8,9,9,8,9,8,8,7,8,7,8,6,7,5,6,9,9,8,8,9,9,7,7,7,8,8,8,5,5,6,7,9,8,9,8,6,7,8,7,5,5,6,7,6,5,5,5,6,5,6,6,8,8,7,7,5,6,6,5,7,7,5,5,7,6,8,8,7,7,7,7
child_898,0,15,U16,defender,medium,neutral,average,none,low,excited,29,65,9,10,10,10,8,9,10,9,7,8,9,10,8,9,10,9,9,8,7,8,7,8,6,8,7,8,6,9,8,9,7,9,9,9,8,8,6,7,8,8,9,9,8,9,7,8,9,8,9,9,10,10,10,10,9,9,10,10,10,10,8,9,7,8,8,9,8,9,9,10,8,9,8,9,7,8,6,7,10,10,8,8,9,9,7,8,8,9,9,10,7,6,8,7,9,9,10,9,6,7,8,8,7,6,7,7,6,6,5,5,4,4,5,5,8,8,7,7,6,5,7,6,9,8,5,5,8,8,10,10,9,9,9,9
child_899,0,16,U17,mixed,high,neutral,strong,mild,high,excited,19,80,8,9,9,10,7,8,8,9,9,8,9,10,8,8,9,9,9,9,7,8,7,9,8,8,8,9,8,9,7,8,8,9,7,8,8,8,8,7,9,9,9,9,9,9,8,8,8,8,9,9,9,9,9,10,8,8,9,9,9,9,8,9,9,10,8,8,9,9,9,10,9,9,8,8,8,8,7,7,9,10,8,9,9,10,8,8,9,9,9,9,7,6,9,8,8,8,9,9,8,7,8,8,7,6,8,7,7,6,7,5,6,4,5,4,7,7,6,5,5,3,6,5,8,7,5,4,6,5,9,9,8,8,9,9
child_900,0,18,U17,forward,high,good,average,none,low,excited,29,62,8,7,9,9,7,6,8,8,9,10,7,5,8,8,9,9,8,8,8,9,8,9,9,8,9,8,8,9,7,7,8,9,9,8,8,9,8,8,9,9,9,9,7,8,7,6,7,7,8,8,8,9,7,6,8,7,8,8,8,8,9,9,9,10,8,8,9,9,8,8,8,8,7,7,7,8,7,8,9,9,8,7,9,9,7,6,8,8,8,9,6,5,5,5,6,5,6,5,5,6,5,6,5,5,6,6,5,5,5,5,4,4,4,4,5,5,5,5,4,4,6,6,7,8,5,5,6,6,7,6,8,7,8,7
child_901,0,15,U18,defender,low,neutral,strong,mild,low,neutral,51,18,7,8,6,7,4,5,6,7,5,8,5,4,6,7,5,9,4,8,6,7,6,6,5,6,5,7,5,8,6,7,7,6,6,7,5,5,5,5,5,8,6,7,8,9,7,8,6,5,8,9,7,8,5,4,6,7,5,6,4,6,6,7,5,8,5,7,6,7,5,6,5,8,6,7,5,6,5,5,4,8,5,7,5,7,5,5,4,6,5,6,4,5,3,6,4,3,4,3,3,4,2,3,5,5,5,6,5,5,4,4,3,2,2,2,3,3,2,3,2,2,3,3,4,4,3,3,2,2,2,3,4,5,4,5
child_902,0,18,U18,midfielder,medium,neutral,average,none,low,excited,38,33,8,9,7,7,6,5,7,8,9,10,6,6,8,8,9,9,9,9,7,8,7,8,6,7,7,8,6,8,7,8,6,7,7,9,7,8,6,7,6,8,7,8,7,8,6,7,6,6,7,8,8,9,6,6,7,7,8,8,8,9,8,9,7,8,8,8,8,9,7,8,8,8,6,7,6,7,5,6,9,9,8,8,9,9,8,8,9,9,8,8,6,6,5,5,5,5,6,5,5,5,4,4,5,5,6,6,5,5,5,5,4,4,3,3,5,5,4,4,3,3,5,5,6,6,4,4,5,5,6,6,5,5,5,5
child_903,0,16,U18,mixed,medium,neutral,strong,none,low,frustrated,77,28,5,6,8,8,7,6,5,7,6,9,8,7,9,10,3,8,2,7,6,8,5,7,5,8,5,8,4,9,6,8,5,7,5,7,4,8,5,6,4,8,4,8,9,9,8,8,6,7,8,9,8,8,7,8,8,8,7,7,6,7,5,8,6,9,8,10,7,9,5,8,9,9,5,7,5,6,4,5,2,9,3,7,3,8,5,6,5,7,5,6,5,5,3,6,8,6,7,7,5,6,6,7,6,5,5,6,5,5,5,5,4,4,6,6,7,8,7,6,4,5,4,5,8,7,5,4,7,6,7,8,5,6,6,7
child_904,0,17,U17,defender,low,good,average,mild,medium,frustrated,67,42,5,7,6,9,5,6,6,8,7,9,5,8,4,6,3,8,3,7,8,9,7,9,6,8,7,8,6,9,6,9,8,9,5,8,6,8,7,7,5,9,8,9,6,7,5,7,4,6,5,8,5,8,7,8,4,7,4,7,3,6,6,9,7,9,5,6,7,9,6,8,5,7,6,7,6,8,4,7,3,8,4,8,4,7,6,8,5,7,5,8,3,6,5,6,6,7,6,7,5,7,5,8,5,6,6,8,4,6,4,6,3,5,4,5,5,6,4,5,3,5,6,7,7,8,3,4,5,6,7,8,7,7,6,7
child_905,0,15,U16,forward,low,good,average,none,high,frustrated,76,49,6,7,6,6,5,5,5,7,7,9,5,6,6,8,3,9,3,8,8,9,7,8,8,7,7,8,7,9,8,9,7,6,6,8,6,7,7,6,8,9,8,9,6,8,5,7,4,8,6,7,7,8,5,5,6,8,5,7,4,6,6,8,5,7,6,8,5,7,6,8,5,6,5,5,4,6,4,5,3,9,4,7,3,8,5,6,5,6,4,7,4,5,6,5,5,5,5,6,4,5,4,5,5,4,7,6,5,4,5,4,4,4,3,4,5,5,4,3,3,3,5,4,6,5,5,4,4,5,5,5,6,5,6,5
child_906,0,15,U15,midfielder,low,good,average,none,high,frustrated,72,25,5,8,7,9,6,7,4,6,6,9,5,6,6,8,3,8,2,7,8,9,8,8,7,8,6,9,5,9,7,8,7,8,4,9,5,7,6,7,5,9,4,9,5,8,6,7,4,8,5,8,6,9,5,7,4,8,3,7,2,6,4,8,6,9,6,8,5,8,4,7,5,6,6,7,4,6,3,5,2,9,3,8,2,8,5,7,5,8,4,7,5,6,6,5,6,6,5,6,4,5,3,4,5,3,6,4,5,3,5,3,4,2,3,3,6,5,4,4,3,2,5,5,7,6,4,3,3,4,4,5,5,6,5,5
child_907,0,17,U18,forward,high,good,strong,frequent,low,excited,42,82,9,8,6,7,5,6,10,10,9,9,8,7,10,10,10,10,9,9,8,8,8,8,9,9,9,9,8,8,9,9,8,8,7,8,9,9,8,8,8,8,9,9,8,8,6,7,6,7,9,9,9,9,7,6,8,8,8,8,9,9,9,9,9,9,10,10,9,9,9,9,10,10,8,8,8,8,7,7,10,10,9,9,10,10,8,8,9,9,9,9,7,6,6,5,6,6,6,6,7,7,5,5,5,5,7,7,6,6,6,6,5,5,4,4,7,7,5,5,4,4,5,5,8,8,5,5,7,6,6,6,7,7,6,6
child_908,0,17,U16,defender,medium,good,strong,none,medium,excited,29,58,8,9,9,10,7,8,7,8,8,9,9,9,8,8,9,9,9,8,8,9,8,9,8,8,8,9,9,9,9,9,8,8,8,9,8,8,8,7,8,8,9,8,9,9,8,8,8,8,9,9,9,9,8,7,9,8,9,9,9,9,8,9,8,9,8,8,8,9,9,9,8,8,8,8,7,7,7,7,9,9,8,8,9,9,8,8,9,8,8,8,7,6,8,7,8,7,8,7,7,6,7,6,7,5,8,8,7,6,6,5,6,4,5,5,7,7,6,5,5,4,7,6,8,8,5,4,6,5,9,8,9,9,9,9
child_909,0,18,U18,goalkeeper,low,neutral,strong,mild,medium,excited,46,79,8,9,9,10,7,8,9,9,8,8,9,10,7,8,9,9,8,8,6,6,7,7,7,8,7,8,6,7,6,7,7,8,5,6,7,7,6,6,5,6,5,6,8,9,7,8,8,9,9,10,9,9,8,9,8,8,9,9,9,9,7,8,7,8,7,8,8,8,9,9,8,9,7,8,6,7,6,7,9,10,8,8,9,10,7,8,8,9,8,8,6,7,7,8,9,10,9,10,7,8,8,9,6,6,7,7,5,5,5,5,6,6,7,8,8,9,7,7,5,5,6,6,8,9,5,5,7,8,9,10,7,8,8,9
child_910,0,16,U17,midfielder,medium,bad,isolated,none,medium,excited,20,0,8,9,7,8,6,7,5,6,7,8,7,8,5,6,9,10,8,9,2,10,2,10,2,10,3,9,2,10,3,10,3,8,4,9,2,9,3,8,1,10,1,10,3,9,4,8,4,8,3,9,6,8,6,7,4,8,5,7,6,8,5,9,6,8,5,7,6,8,7,9,6,7,5,8,5,7,5,6,9,10,8,9,8,9,7,8,6,7,7,8,6,5,5,7,6,8,6,7,5,8,5,7,4,6,5,7,5,6,4,5,4,5,3,4,6,8,5,6,3,5,4,6,7,8,3,4,4,6,7,8,5,6,6,7
child_911,0,17,U18,mixed,medium,bad,strong,none,low,excited,42,26,7,8,7,8,6,6,7,9,8,10,6,5,9,10,9,9,8,9,2,10,2,9,2,8,2,8,2,9,2,10,4,8,3,9,2,8,2,7,2,10,2,10,9,10,8,9,8,7,9,9,9,10,5,6,8,8,9,8,9,8,6,7,5,8,9,10,5,6,7,8,8,9,7,8,5,7,5,7,9,10,8,9,9,9,6,7,7,8,8,8,6,5,5,6,6,5,6,5,5,6,5,5,5,4,5,6,6,5,5,4,4,3,4,3,6,5,5,4,4,4,5,4,8,8,5,4,5,5,6,7,6,6,6,6
child_912,0,18,U18,mixed,low,good,average,none,medium,excited,10,72,9,9,10,10,7,8,8,9,8,9,8,8,7,8,9,10,9,9,9,9,8,8,8,8,8,8,9,9,8,9,8,9,9,9,8,8,8,8,9,9,9,9,7,8,8,8,8,8,8,9,9,9,7,7,8,8,9,9,9,9,9,10,8,9,7,8,8,9,8,9,8,8,7,8,7,8,7,8,9,10,9,9,9,10,8,8,8,8,9,9,7,7,8,8,6,6,7,7,6,6,5,5,5,5,7,8,6,6,6,6,4,4,5,5,8,8,6,7,4,4,5,5,7,8,5,5,6,6,7,7,8,8,8,8
child_913,0,18,U17,mixed,medium,good,average,mild,medium,excited,42,55,8,8,9,9,8,7,7,8,8,9,9,9,8,8,9,10,9,10,8,9,8,8,9,9,8,8,8,9,9,8,8,7,8,8,8,9,9,7,9,8,9,8,7,8,6,7,7,8,7,8,8,8,9,9,8,8,9,9,9,9,7,8,8,9,8,8,8,8,7,8,8,9,7,8,7,7,6,6,9,10,8,9,9,9,8,8,9,9,8,8,6,5,7,6,9,9,8,8,7,7,8,8,7,6,8,8,6,5,6,5,5,4,5,4,9,8,6,5,5,4,6,5,9,9,5,4,6,5,9,9,8,8,9,9
child_914,0,18,U16,forward,high,good,strong,mild,medium,excited,33,96,9,8,10,9,7,6,10,10,8,9,8,6,9,8,10,10,9,9,9,9,8,8,9,9,8,8,9,9,8,8,10,10,9,9,9,8,8,7,9,9,10,10,9,9,8,7,8,7,10,9,9,8,7,6,8,7,9,8,10,9,9,9,10,10,9,8,9,8,10,9,8,7,9,9,8,7,8,7,10,10,9,9,10,10,8,8,9,9,8,7,6,5,7,6,8,7,9,8,6,5,7,6,6,5,7,6,7,6,6,5,5,4,4,3,6,5,5,4,4,3,6,5,8,7,4,3,5,4,8,7,9,8,9,8
child_915,0,17,U17,mixed,low,good,isolated,none,medium,excited,53,40,8,8,9,9,6,7,5,6,7,8,4,5,7,8,9,10,8,9,9,9,8,8,7,8,8,9,7,9,8,8,9,10,9,9,8,8,9,8,9,9,10,10,5,6,5,6,5,6,5,6,6,7,4,5,5,6,5,6,5,6,8,9,9,10,7,8,9,9,8,9,8,9,7,8,6,7,5,6,9,10,8,9,8,9,7,8,8,9,7,8,6,7,5,6,5,6,6,7,4,5,4,5,5,6,6,7,5,6,5,6,4,5,4,5,3,4,3,4,3,4,4,5,7,8,3,4,5,6,6,7,5,6,5,6
child_916,0,15,U16,forward,medium,neutral,average,none,low,excited,34,29,7,6,5,4,4,3,7,8,8,9,5,3,8,7,9,10,8,9,6,7,5,6,5,6,7,8,6,8,5,7,7,9,6,8,7,8,6,7,5,9,5,9,6,7,7,8,5,6,7,8,8,9,4,3,6,7,7,8,7,8,9,10,8,9,7,8,8,9,8,7,6,5,5,4,7,8,6,7,9,10,7,8,8,9,5,7,8,9,9,10,5,4,6,5,4,3,4,3,3,2,3,2,5,4,5,6,5,4,4,3,3,2,3,2,4,5,3,2,2,1,3,2,6,7,3,2,4,3,4,5,5,4,5,4
child_917,0,15,U15,defender,medium,good,average,mild,high,excited,53,64,8,9,9,9,6,5,7,8,8,9,6,5,5,4,9,9,8,8,8,9,9,8,7,8,8,8,7,8,6,7,9,9,8,8,7,8,9,7,9,9,9,9,6,6,5,5,5,6,7,7,8,7,6,5,7,6,7,7,8,7,8,9,7,8,5,4,6,6,8,9,6,7,7,7,6,6,6,6,9,9,8,8,8,8,7,7,9,8,8,7,6,5,7,6,5,4,5,4,4,3,4,3,5,4,6,5,5,4,5,4,4,3,3,2,5,5,4,3,3,2,6,5,7,6,5,4,5,4,7,6,8,7,7,6
child_918,0,18,U15,midfielder,high,neutral,average,none,low,excited,38,51,8,9,9,10,7,8,6,7,9,10,5,6,8,9,9,10,8,9,6,7,6,7,7,8,6,7,6,8,6,7,7,8,7,8,6,7,5,6,6,7,7,8,7,8,7,8,7,8,7,8,8,9,6,7,6,7,6,7,7,8,8,9,8,9,7,8,8,9,8,9,7,8,7,8,6,7,6,7,9,10,8,9,9,10,7,8,8,9,8,9,5,6,5,6,6,7,7,8,5,6,4,5,5,6,6,7,6,7,5,6,5,6,4,5,6,7,4,5,5,6,6,7,7,8,4,5,5,6,6,7,5,6,5,6
child_919,0,15,U18,defender,medium,neutral,isolated,none,medium,frustrated,73,0,4,5,6,9,5,7,5,6,8,9,3,8,8,9,3,8,2,7,5,7,5,6,5,7,6,8,5,9,4,8,6,7,4,8,5,7,5,6,3,8,3,9,4,8,3,7,2,8,4,8,5,9,3,8,4,7,3,7,2,8,5,7,6,8,7,9,5,7,6,8,7,9,6,7,5,6,4,5,2,9,2,8,3,8,5,7,5,7,4,8,4,5,3,6,4,7,4,7,3,6,3,5,4,6,5,7,5,6,5,5,4,4,3,5,5,6,4,4,3,5,4,5,5,8,4,6,3,6,4,8,5,7,5,7
child_920,0,15,U16,mixed,medium,good,average,none,medium,frustrated,64,17,5,6,6,8,4,5,7,7,8,9,4,5,6,7,3,8,3,7,7,8,6,8,5,7,7,8,6,9,7,9,8,9,7,9,5,7,6,8,4,10,4,9,6,7,5,6,5,6,6,7,7,8,4,5,5,6,3,6,3,6,6,7,8,9,6,8,6,7,7,8,5,7,5,7,7,8,6,7,3,9,4,8,3,8,5,7,5,7,6,8,4,5,4,6,3,4,3,4,2,3,2,3,3,4,5,6,5,6,4,5,3,4,2,3,3,4,3,5,2,3,3,4,5,6,3,4,2,3,2,3,4,5,4,5
child_921,0,17,U18,forward,low,good,average,mild,high,excited,44,85,9,8,10,9,8,8,7,7,8,9,10,9,9,8,10,10,9,9,9,8,9,8,8,8,8,8,8,9,9,9,8,7,9,7,8,8,8,7,9,8,9,8,8,7,7,8,8,7,8,8,9,9,9,8,8,8,9,8,10,9,8,8,8,9,9,8,8,8,8,8,8,9,8,8,7,7,6,6,10,10,9,9,9,10,8,8,8,8,9,9,7,6,9,8,10,9,10,9,8,7,9,8,8,7,9,8,8,6,8,6,7,5,6,5,9,8,8,7,6,4,8,7,10,9,7,5,8,8,10,9,9,8,9,8
child_922,0,17,U18,defender,medium,bad,average,none,medium,excited,45,34,8,9,7,8,6,7,7,8,8,9,9,9,8,9,9,10,8,9,3,10,3,10,4,9,4,9,4,10,3,10,5,8,5,9,5,9,4,8,2,10,2,10,7,9,6,8,6,8,7,9,8,9,8,8,6,7,8,8,8,9,8,9,7,9,7,9,8,9,7,8,7,8,7,8,6,7,5,6,9,10,8,9,8,9,7,8,8,9,8,8,6,7,7,8,7,8,8,8,6,7,6,7,6,6,7,7,6,6,6,6,5,5,5,5,8,8,6,6,5,5,6,7,8,9,5,5,6,6,9,9,7,8,7,8
child_923,0,17,U16,forward,low,good,average,none,low,neutral,48,29,8,8,7,7,6,6,5,7,5,8,7,7,9,9,6,8,5,7,8,8,7,7,6,6,7,8,6,8,8,8,7,7,8,8,6,7,7,7,7,8,8,9,6,7,7,7,6,6,5,6,8,8,7,8,6,7,7,7,5,6,7,8,6,8,9,9,6,7,7,7,8,9,6,7,5,6,5,5,5,8,6,7,6,7,5,6,6,7,6,7,6,5,7,6,8,8,8,8,6,7,7,7,5,5,6,7,5,5,5,5,4,4,5,5,7,7,6,6,4,4,6,6,7,8,5,5,7,7,7,8,6,6,6,6
child_924,0,15,U16,midfielder,low,good,average,none,high,frustrated,56,55,7,8,9,9,6,7,8,8,7,9,8,8,5,6,4,8,4,7,8,9,8,8,7,8,8,8,7,8,8,9,7,8,9,8,7,8,8,8,8,9,9,9,7,8,6,7,5,6,6,8,8,8,8,9,6,7,5,6,5,6,7,8,7,9,5,6,7,8,8,9,6,7,5,6,6,7,5,6,4,9,4,8,5,8,5,7,6,7,5,8,5,5,6,6,8,9,8,9,7,7,8,8,6,7,8,8,6,7,6,7,5,6,5,6,7,8,5,6,5,6,6,7,7,8,5,6,6,7,8,9,8,8,9,9
child_925,0,18,U17,mixed,medium,neutral,isolated,mild,medium,excited,38,39,8,8,5,6,4,5,7,8,7,9,6,6,7,8,9,10,9,9,6,7,6,7,6,6,7,8,6,7,5,6,7,8,5,6,7,8,6,6,5,7,5,7,4,6,5,6,5,6,4,5,6,7,5,6,5,6,5,6,4,5,8,9,7,8,7,8,7,8,8,8,7,8,6,7,7,8,6,7,9,10,8,9,9,10,8,8,8,9,8,9,6,6,6,7,5,6,5,6,5,6,6,7,5,6,6,7,5,6,5,6,4,5,3,4,5,6,4,5,3,4,6,6,7,8,5,6,5,6,7,8,6,6,6,6
child_926,0,18,U17,midfielder,low,good,average,none,high,excited,31,73,8,9,6,5,5,4,7,8,9,10,6,5,8,7,9,10,9,10,8,9,8,9,9,8,9,8,9,9,8,7,8,8,9,8,9,8,8,7,9,8,9,8,6,7,7,6,6,5,7,8,8,9,5,5,7,6,8,7,8,7,8,9,9,9,8,7,8,8,8,9,8,7,7,6,7,6,6,5,9,10,8,8,9,9,7,6,8,9,7,8,5,4,6,5,5,4,5,4,6,5,6,5,6,5,7,6,5,4,5,4,4,3,4,3,5,4,5,4,4,3,5,4,6,5,5,4,5,4,7,6,7,6,6,5
child_927,0,18,U17,goalkeeper,low,good,average,none,high,excited,25,77,9,8,10,10,8,9,6,7,7,9,10,9,8,8,9,10,8,9,9,9,9,9,8,8,8,8,9,9,9,8,8,8,9,9,8,8,8,7,9,9,9,9,8,8,8,8,9,9,9,9,10,9,9,8,8,8,9,8,10,9,8,8,8,8,8,9,8,8,8,8,8,9,8,8,7,7,7,7,9,10,8,8,9,9,8,8,9,9,8,8,7,6,9,8,10,9,10,9,8,7,9,9,7,6,9,8,7,6,7,6,6,5,7,6,9,8,7,6,5,4,8,7,9,9,6,5,8,8,10,10,9,9,9,9
child_928,0,16,U18,goalkeeper,low,good,strong,none,low,excited,24,65,9,9,8,8,7,7,6,6,7,8,9,9,8,8,9,10,8,9,9,9,9,9,8,8,8,8,9,9,9,9,8,8,9,9,8,8,9,9,9,9,9,9,9,9,8,8,8,8,9,9,9,9,9,9,8,8,9,9,9,9,7,8,8,9,8,8,8,8,7,7,8,8,6,7,7,7,6,6,9,10,8,9,9,9,8,8,9,9,8,8,7,7,8,8,8,7,8,7,7,6,8,8,6,6,7,7,6,5,5,5,6,5,5,5,7,7,6,6,5,5,7,6,8,7,5,5,6,6,9,9,8,8,9,9
child_929,0,15,U16,midfielder,medium,neutral,average,none,medium,neutral,58,39,6,8,5,6,4,5,7,8,6,9,5,5,6,7,6,8,5,7,6,7,5,6,5,7,6,8,6,8,6,6,6,7,7,8,6,7,5,6,5,7,6,8,6,7,6,7,5,6,6,7,6,7,5,6,5,6,5,6,5,6,7,8,6,8,6,7,6,7,7,8,6,7,6,7,6,8,6,7,6,8,5,7,6,8,6,6,5,7,6,7,5,5,5,6,5,6,5,5,4,5,5,5,5,4,6,6,5,4,5,4,5,4,4,4,6,6,5,4,4,3,5,5,6,6,4,4,4,5,5,5,5,6,5,6
child_930,0,17,U17,mixed,high,good,strong,none,medium,happy,43,82,9,8,10,10,8,6,6,7,9,9,9,7,8,8,8,9,7,8,8,9,8,8,9,9,8,8,8,9,9,9,8,7,9,8,8,7,8,8,9,8,9,9,9,9,8,8,9,8,9,9,9,9,7,6,8,8,9,8,9,7,8,9,9,9,8,7,9,8,7,8,8,9,7,7,6,7,6,6,8,9,7,8,8,9,8,7,9,8,9,9,6,5,7,7,8,8,8,8,7,6,7,7,6,5,9,9,7,6,6,5,5,4,6,5,9,8,7,6,4,3,6,5,9,9,7,6,7,6,9,8,8,7,9,8
child_931,0,18,U15,forward,medium,good,average,none,high,frustrated,59,74,5,7,8,10,6,8,8,9,7,9,6,7,7,8,4,10,3,9,8,9,7,8,6,9,7,9,6,9,7,8,8,9,9,8,5,7,7,7,8,9,9,9,7,8,6,8,5,7,6,8,8,9,6,7,5,8,6,8,5,7,7,9,8,10,7,8,7,8,8,9,7,8,6,8,5,7,5,7,3,9,4,8,4,9,5,8,6,8,6,7,5,6,6,7,7,8,8,9,5,6,6,7,5,6,7,8,6,5,5,5,4,4,5,5,7,8,6,7,4,5,6,7,7,8,5,5,6,7,7,8,6,7,6,7
child_932,0,18,U16,mixed,medium,good,strong,none,high,excited,46,87,9,10,8,9,7,7,6,8,8,9,9,10,7,8,9,10,8,9,8,9,9,10,8,9,8,9,9,10,9,10,9,10,9,10,8,9,8,9,9,10,9,10,9,10,8,9,8,8,9,9,10,10,9,9,9,9,9,9,10,10,9,10,8,9,8,9,9,10,8,9,8,9,7,8,8,9,7,8,10,10,9,9,9,10,8,9,9,10,9,9,7,8,9,9,8,8,9,9,7,8,8,8,6,7,9,9,6,7,6,7,5,6,6,7,8,8,6,7,5,6,7,8,8,9,6,7,9,10,9,10,9,9,8,8
child_933,0,16,U16,midfielder,low,good,average,frequent,low,excited,30,44,9,9,8,8,7,6,8,9,8,8,9,9,8,7,9,9,8,8,8,9,9,9,8,8,9,8,9,9,8,9,9,8,9,8,8,8,9,8,9,9,9,9,7,7,6,6,5,6,7,8,8,9,7,7,7,7,8,8,8,8,8,9,8,9,8,7,8,8,7,7,7,8,7,8,7,8,6,6,9,9,8,8,9,9,8,8,9,9,8,8,7,6,8,7,7,8,8,8,6,6,7,7,5,5,8,8,6,6,6,6,5,4,4,4,6,6,5,5,5,4,6,5,7,7,5,5,7,6,8,7,7,7,8,8
child_934,0,15,U17,midfielder,low,neutral,isolated,mild,medium,happy,33,23,8,9,7,10,6,9,4,8,5,9,7,9,9,10,5,8,4,7,6,7,6,8,5,9,5,8,6,9,5,8,5,7,5,8,6,8,5,7,4,9,5,8,4,9,4,7,5,8,4,8,7,9,6,9,5,8,5,7,4,8,5,7,6,8,9,10,6,8,4,7,7,9,4,7,5,6,5,6,5,9,5,8,5,9,5,7,6,8,6,9,5,6,4,5,7,9,6,9,6,8,7,8,5,6,6,7,5,5,5,5,4,4,5,5,6,7,6,6,4,4,5,5,7,8,4,5,6,7,7,9,5,7,5,7
child_935,0,18,U15,midfielder,low,good,strong,none,high,neutral,61,95,9,10,9,9,7,6,8,9,6,7,10,10,5,6,7,8,6,7,8,9,8,9,8,8,8,8,7,9,9,10,8,9,9,8,7,8,8,9,9,10,9,10,9,10,8,9,9,8,9,10,9,10,8,9,8,8,9,9,9,9,8,9,7,8,5,6,8,9,9,10,7,8,8,9,6,7,6,7,7,8,7,8,7,8,8,9,8,9,7,8,6,5,8,9,9,9,9,9,8,8,9,9,8,7,9,9,7,6,7,6,5,4,6,5,8,9,6,5,4,3,5,4,8,9,6,5,7,8,9,10,8,8,8,8
child_936,0,16,U17,forward,high,good,average,none,medium,frustrated,76,38,7,8,4,5,3,4,5,7,8,9,4,3,9,10,3,8,2,7,8,9,7,8,6,7,7,8,8,9,6,5,7,8,8,9,6,7,8,8,9,10,9,10,6,7,5,6,4,5,5,6,7,8,4,3,5,6,3,4,2,3,7,8,8,9,9,10,6,7,5,6,8,9,5,6,6,7,5,6,2,9,2,8,3,7,4,5,3,6,4,7,3,5,4,6,2,3,3,4,2,3,1,2,3,4,5,6,4,5,3,4,1,2,1,2,2,3,1,2,1,2,3,4,5,6,2,3,3,4,1,2,7,8,6,7
child_937,0,16,U18,midfielder,medium,good,isolated,none,medium,anxious,67,24,7,8,6,9,5,7,6,8,6,9,4,6,5,5,6,7,5,6,8,9,7,8,6,7,7,8,7,8,5,6,8,9,7,8,6,7,8,8,7,9,8,9,4,7,5,6,5,7,4,6,6,7,5,5,5,6,5,6,5,6,6,8,7,9,5,5,6,7,6,8,5,6,5,6,6,7,5,6,6,7,6,7,5,6,7,7,6,8,6,7,5,4,5,6,4,5,4,5,4,5,3,4,3,3,4,5,4,4,3,3,2,3,2,3,4,5,3,4,2,3,3,4,5,6,2,3,3,4,5,6,6,7,5,6
child_938,0,18,U18,mixed,low,bad,isolated,mild,high,frustrated,72,40,5,7,4,8,3,9,8,10,6,9,3,7,9,10,2,7,2,6,2,10,2,9,3,8,3,9,4,8,2,9,5,9,3,10,2,7,2,6,1,10,1,9,3,10,4,8,3,7,2,8,6,9,2,10,3,9,1,8,1,6,7,9,8,10,9,10,7,9,8,10,9,10,6,8,5,7,4,6,2,9,2,8,2,9,5,7,4,8,6,8,5,5,2,6,4,7,3,6,3,7,4,6,4,5,5,6,4,5,4,5,3,4,2,3,4,6,5,6,2,3,3,4,5,7,2,3,3,5,2,6,3,7,3,8
child_939,0,18,U18,mixed,low,good,average,mild,low,neutral,46,40,7,9,6,7,5,6,5,8,6,9,7,9,4,5,6,8,5,7,8,9,7,9,6,8,7,8,6,9,7,9,8,8,7,9,6,8,8,8,8,9,8,9,6,8,5,6,6,7,6,7,7,8,6,8,5,7,5,6,5,6,6,8,6,9,4,5,6,8,7,8,6,7,5,6,6,7,5,6,5,8,6,7,5,8,6,8,5,7,6,8,4,5,5,6,6,8,6,7,5,6,5,6,5,5,6,7,5,5,5,5,4,5,3,4,5,6,4,5,3,4,4,5,6,6,4,5,5,6,5,7,6,7,6,7
child_940,0,16,U17,forward,high,neutral,average,none,medium,neutral,48,52,7,8,5,6,4,5,6,8,8,9,5,4,6,7,7,9,6,8,6,7,5,6,6,8,7,9,7,8,5,6,7,9,6,8,6,7,5,6,5,8,6,8,6,7,5,6,5,6,6,8,7,8,4,5,5,6,4,5,5,6,8,9,7,9,6,8,7,8,7,8,6,7,5,6,7,8,6,7,8,9,6,7,7,8,6,7,7,8,7,8,5,4,6,7,4,3,4,3,3,2,3,2,4,3,5,4,4,3,3,2,3,2,2,1,3,2,3,2,2,1,4,3,5,6,4,3,3,2,4,3,5,4,5,5
child_941,0,17,U17,midfielder,high,good,average,none,low,frustrated,78,49,5,6,4,5,3,4,7,8,8,9,4,5,7,8,3,9,2,8,7,8,6,8,5,7,6,7,8,9,6,6,7,8,8,9,6,7,6,7,7,8,8,9,6,7,5,6,4,5,5,6,6,7,4,5,5,6,3,4,3,5,5,7,6,8,7,8,5,6,6,7,5,6,6,7,6,7,5,6,4,9,3,7,3,8,5,6,6,8,5,7,6,5,4,6,4,5,3,4,3,5,3,4,3,4,4,5,5,6,5,6,2,3,2,3,4,5,2,3,2,3,5,6,4,5,3,4,4,5,5,6,6,7,5,6
child_942,0,16,U16,forward,high,neutral,average,none,high,frustrated,85,39,5,7,7,9,6,8,5,6,4,9,6,8,5,7,3,8,2,8,5,6,4,7,4,7,5,6,5,8,5,6,6,8,5,7,4,8,6,7,3,10,4,9,6,7,5,6,4,7,6,8,6,8,5,8,5,7,4,7,3,7,5,8,6,9,5,8,5,8,5,7,5,7,6,8,5,7,4,6,3,8,4,9,4,8,5,7,4,8,4,8,5,6,7,7,5,7,6,8,5,6,4,7,5,5,5,6,4,5,4,5,3,5,4,4,5,6,4,5,3,4,5,6,6,8,5,5,4,7,5,8,6,7,6,8
child_943,0,16,U16,forward,medium,bad,isolated,mild,high,excited,44,23,8,9,7,10,6,8,7,9,8,8,7,9,8,8,9,10,9,9,2,9,2,8,2,9,2,9,2,8,2,9,3,8,3,10,2,8,2,7,2,9,2,9,4,8,4,8,5,7,4,8,5,9,6,9,5,8,5,7,5,7,7,8,6,9,8,8,7,9,7,8,6,7,6,7,6,7,6,7,9,10,8,9,9,10,7,8,8,9,7,8,5,6,6,7,7,8,8,8,7,8,6,7,5,6,5,6,5,6,5,6,4,5,3,4,7,8,6,7,4,5,5,6,7,8,4,5,5,6,6,7,6,7,7,8
child_944,0,16,U17,defender,low,good,strong,mild,high,frustrated,78,44,6,7,7,6,5,5,8,8,7,9,6,5,4,4,3,8,3,7,8,9,7,8,6,7,7,8,6,8,7,7,8,9,6,8,7,6,8,9,7,8,7,9,8,9,7,8,5,6,8,8,8,9,6,5,7,8,5,6,4,5,7,8,7,9,4,5,8,8,7,8,6,5,7,8,6,7,5,6,3,8,4,6,3,7,5,7,7,8,5,7,6,5,7,6,5,5,5,5,5,6,4,5,6,5,7,7,5,4,5,4,4,3,4,3,6,5,4,3,3,3,5,6,6,7,5,4,6,5,5,6,7,8,7,8
child_945,0,17,U18,forward,high,neutral,average,none,medium,neutral,48,52,6,7,7,9,5,6,6,8,8,9,5,5,6,7,7,9,6,8,6,8,6,8,5,7,6,8,7,9,5,7,7,9,7,9,5,8,6,7,6,8,6,8,6,8,7,8,5,7,6,8,6,8,5,6,6,7,6,7,6,7,7,9,7,9,5,6,7,9,6,8,7,9,5,8,6,7,6,7,7,9,6,8,7,9,6,8,7,9,7,8,5,6,6,7,5,6,5,6,5,7,5,6,5,6,6,7,5,6,5,6,4,5,4,5,5,6,4,5,3,4,4,5,6,7,4,5,5,6,5,6,6,7,6,7
child_946,0,17,U15,forward,low,bad,strong,mild,medium,happy,29,53,7,8,8,9,5,6,9,10,6,9,4,5,7,8,5,8,4,7,3,8,2,7,2,6,3,7,2,8,3,6,5,6,1,9,4,7,3,6,1,10,1,10,9,9,8,7,7,7,8,9,9,9,6,5,7,8,6,7,5,6,7,8,6,9,7,8,5,8,8,9,7,8,6,7,5,7,4,6,6,9,5,8,6,9,5,6,4,8,5,8,6,5,6,7,4,5,4,5,3,4,2,4,3,5,3,6,3,4,2,3,2,2,1,2,2,3,2,3,1,2,3,4,8,9,3,4,2,3,2,3,3,5,3,5
child_947,0,17,U17,defender,medium,neutral,strong,mild,low,excited,42,36,8,7,9,9,7,6,7,8,7,9,8,6,7,8,9,10,8,9,6,7,6,7,6,8,6,8,5,9,6,8,6,7,7,8,6,7,5,6,6,7,6,7,9,8,8,7,8,8,9,9,9,9,7,6,9,8,8,7,9,8,7,8,6,8,7,8,7,8,6,7,6,7,5,7,6,6,5,6,9,10,8,9,9,9,7,7,8,9,8,8,5,5,6,6,7,7,8,7,6,6,5,5,5,5,6,6,5,5,5,5,4,4,4,4,6,7,5,5,4,4,5,6,8,7,5,5,5,5,7,8,6,6,7,7
child_948,0,18,U15,midfielder,low,good,average,frequent,high,frustrated,70,10,3,5,4,6,3,5,5,7,6,9,4,5,6,8,3,9,2,8,7,9,6,8,5,7,6,8,7,9,5,7,7,8,4,8,5,7,6,7,3,9,4,9,4,7,5,7,3,6,5,7,6,8,4,5,4,6,3,5,2,5,6,8,5,9,6,8,5,7,5,7,5,6,5,7,5,6,5,6,2,9,3,8,4,8,5,7,5,8,5,8,4,5,4,6,3,5,3,5,3,6,2,4,4,5,4,5,5,5,5,5,2,3,2,4,3,4,3,4,2,3,3,5,4,6,3,4,4,5,3,5,5,6,5,6
child_949,0,17,U17,midfielder,medium,neutral,isolated,none,low,frustrated,63,20,6,7,5,6,4,5,8,8,7,9,3,4,7,8,3,9,2,8,5,6,5,7,4,6,5,6,6,8,4,5,6,7,5,8,4,7,5,6,4,8,5,8,3,4,4,5,3,5,3,4,7,8,2,3,4,5,3,4,2,3,7,8,6,9,7,8,5,7,8,9,6,7,5,7,6,7,5,6,3,9,4,8,3,9,5,6,4,7,5,6,4,5,3,4,3,5,2,4,3,5,2,3,4,5,5,6,6,7,4,5,2,3,1,2,3,4,2,3,1,2,2,3,5,7,2,3,1,2,3,4,5,6,5,6
child_950,0,15,U15,defender,high,good,isolated,none,low,excited,41,63,8,9,5,6,4,5,9,10,9,8,4,5,10,10,9,9,8,7,8,9,8,8,7,7,8,9,8,8,8,8,9,10,8,9,7,7,8,8,9,10,9,10,4,6,4,6,4,5,4,5,5,6,6,6,6,7,5,6,6,7,9,9,8,9,10,10,9,8,8,9,9,10,8,9,7,7,7,7,10,10,9,8,9,8,8,7,9,9,9,9,6,5,6,5,5,4,5,4,5,5,4,4,5,4,6,6,5,4,5,4,5,4,4,4,6,5,5,5,4,3,4,5,5,5,4,4,4,4,5,6,6,7,5,6
child_951,0,16,U18,goalkeeper,medium,good,average,none,medium,excited,35,52,8,9,7,8,5,5,6,7,7,8,5,5,6,8,9,9,8,8,8,9,7,8,7,8,8,9,8,9,7,8,8,8,8,8,7,7,8,8,9,10,9,10,6,7,5,6,5,6,7,8,8,9,4,5,6,7,6,7,6,7,9,9,7,8,6,8,5,6,8,9,7,8,7,8,6,7,5,6,9,9,8,8,9,9,6,7,8,8,9,9,6,5,7,7,4,5,4,5,3,4,3,4,5,6,6,7,5,6,5,6,4,5,3,4,4,5,3,4,2,3,5,5,6,6,3,4,4,5,5,6,6,7,6,7
child_952,0,15,U17,midfielder,high,good,strong,mild,low,excited,47,65,9,8,10,9,8,7,6,9,8,8,10,9,9,8,9,10,9,9,8,8,9,8,8,7,8,8,8,9,9,8,8,7,9,8,8,8,8,7,9,9,9,8,9,9,9,8,9,9,10,10,10,9,10,10,9,8,10,9,10,9,8,9,8,9,9,8,8,9,7,7,8,8,6,7,7,6,7,6,10,10,9,8,10,9,8,8,9,9,9,8,7,5,8,7,10,8,10,9,8,7,9,8,6,5,8,7,7,6,6,5,5,4,6,5,9,8,7,6,5,4,6,5,10,9,5,4,8,8,10,9,7,6,8,7
child_953,0,17,U17,mixed,medium,neutral,isolated,none,medium,excited,36,32,8,9,9,10,7,8,6,7,7,8,8,9,8,8,9,10,9,9,6,7,6,7,7,8,6,7,7,8,5,7,7,8,7,8,6,7,6,6,5,7,6,8,4,5,5,6,5,6,4,5,6,7,7,8,5,6,6,7,7,8,7,8,7,9,8,8,7,8,7,8,8,9,7,8,5,6,5,6,8,9,8,8,9,9,7,8,8,9,8,8,5,6,7,8,9,10,9,10,7,8,8,9,5,6,6,7,5,6,5,6,4,5,4,5,7,8,6,7,4,5,5,6,8,9,4,5,6,7,9,10,6,7,7,8
child_954,0,15,U16,goalkeeper,medium,good,strong,mild,high,excited,37,100,9,8,10,9,8,7,10,9,8,8,10,9,7,8,10,10,9,9,9,8,8,8,10,9,9,8,9,9,10,9,8,9,10,9,9,8,8,7,10,9,10,9,10,9,9,8,10,9,10,10,10,10,10,9,9,8,10,9,10,9,10,10,9,9,8,8,10,10,10,10,9,8,9,8,8,7,8,7,10,10,10,9,10,10,9,8,10,9,9,8,8,7,10,9,10,8,10,8,9,7,8,7,8,6,9,8,8,6,8,6,7,5,7,5,9,7,6,5,6,5,7,6,10,9,6,5,8,7,10,9,10,9,10,9
child_955,0,17,U16,goalkeeper,low,good,strong,none,medium,frustrated,63,35,5,7,6,6,4,5,6,8,7,9,5,5,6,7,3,8,2,7,8,9,7,8,6,8,7,8,6,8,8,6,7,9,6,8,7,7,6,7,7,9,8,9,8,9,7,6,5,5,8,8,8,8,5,5,6,6,4,5,3,4,6,9,7,9,6,8,7,8,6,9,6,7,5,8,6,7,5,6,2,10,3,9,2,8,5,6,5,7,4,7,5,4,6,5,5,6,5,5,4,5,3,4,5,5,6,6,7,5,5,4,4,3,3,3,6,5,5,4,3,3,4,4,5,6,4,4,5,5,5,7,6,6,5,6
child_956,0,17,U16,forward,medium,good,average,none,high,frustrated,76,36,5,6,6,8,4,7,4,9,7,9,5,5,8,10,3,8,2,7,8,9,7,8,7,7,6,8,6,9,7,8,8,7,6,8,5,7,6,6,7,8,8,8,5,6,5,7,4,6,5,7,6,8,5,5,5,7,4,7,3,6,5,8,6,8,9,9,5,8,5,6,8,9,4,7,5,6,4,5,2,9,3,8,3,8,5,6,6,8,5,7,6,5,7,6,4,5,4,6,3,4,3,5,4,4,6,6,5,3,5,3,4,3,3,4,4,5,4,4,3,3,4,4,5,7,4,5,5,6,5,7,6,6,6,6
child_957,0,16,U17,forward,medium,good,average,none,medium,happy,44,56,8,9,7,8,6,7,7,8,7,8,6,7,7,8,6,7,6,7,8,9,7,8,7,8,8,9,8,9,8,9,7,8,8,9,7,8,7,8,8,9,8,9,7,8,6,7,6,7,7,8,8,9,6,7,7,8,7,8,7,8,8,9,8,9,7,8,8,9,8,9,7,8,7,8,8,9,7,8,6,7,6,7,6,7,6,7,7,8,6,7,6,5,7,8,6,7,6,7,5,6,5,6,6,6,7,8,6,6,6,6,5,5,5,5,7,8,5,5,5,5,6,6,7,8,5,5,5,5,7,8,8,9,8,9
child_958,0,16,U17,forward,medium,neutral,average,none,medium,excited,24,71,9,9,10,10,8,7,10,9,8,8,9,8,7,8,10,9,9,8,7,8,7,8,8,8,8,9,8,9,7,7,8,9,9,8,8,9,7,7,9,8,9,8,8,8,8,7,8,8,9,9,9,9,7,7,8,8,9,9,9,9,9,9,8,9,7,8,9,9,9,9,8,8,8,8,7,7,7,7,10,10,9,9,10,10,8,8,9,9,9,9,7,6,8,7,9,8,9,8,7,6,6,5,6,5,7,7,7,7,7,7,6,5,5,4,8,7,5,4,5,4,6,5,9,8,5,5,6,5,9,8,8,7,9,8
child_959,0,17,U16,defender,high,neutral,average,none,high,excited,36,66,8,8,7,9,5,6,7,9,9,10,6,5,7,8,9,10,8,9,7,8,6,7,7,8,6,7,8,9,7,8,6,7,7,9,7,8,5,6,5,8,5,7,7,8,6,7,6,6,7,8,8,9,5,4,6,7,7,8,8,9,8,9,7,8,7,8,6,7,7,8,7,8,7,7,6,7,5,6,9,10,8,9,8,9,7,8,8,9,8,9,6,5,7,6,5,4,5,4,5,4,4,3,4,3,6,7,5,4,5,4,4,3,3,2,3,2,3,2,2,1,5,4,6,6,4,3,3,2,6,5,6,7,7,8
child_960,0,18,U18,mixed,low,neutral,average,none,high,neutral,61,77,8,9,9,10,8,7,9,8,7,8,9,9,7,8,6,8,6,7,7,8,7,8,8,9,8,9,8,9,7,8,7,7,8,8,6,7,7,7,8,9,8,9,8,9,8,8,7,8,8,9,8,9,9,9,7,8,8,8,9,9,8,8,7,9,7,8,8,9,9,8,7,8,8,7,7,7,6,6,6,8,7,7,6,8,7,7,7,8,7,8,6,6,8,8,9,9,8,9,7,8,8,9,7,6,8,8,7,6,7,6,6,5,6,5,9,9,6,5,5,4,7,7,8,8,5,5,8,8,9,9,8,8,9,9
child_961,0,17,U18,goalkeeper,low,neutral,isolated,none,medium,neutral,45,10,6,8,5,9,4,7,6,8,6,9,4,6,8,10,5,7,4,6,6,7,5,6,5,6,6,7,6,7,5,7,7,8,7,8,6,7,6,6,6,8,5,8,3,8,4,7,4,6,3,5,6,8,4,6,3,6,3,5,3,5,7,8,6,9,8,9,6,8,7,8,7,9,6,8,6,7,5,6,5,8,4,7,4,6,6,7,5,7,5,8,4,5,5,6,5,6,5,6,4,5,4,5,5,5,6,6,5,6,5,5,3,4,3,4,4,5,3,4,3,4,4,5,6,7,4,5,4,5,4,5,5,6,5,6
child_962,0,15,U16,mixed,medium,good,strong,none,high,excited,18,100,9,8,8,7,7,6,10,9,9,10,10,9,8,7,10,9,10,8,9,9,9,8,10,9,9,8,10,9,9,8,9,9,10,8,9,8,9,8,10,9,10,9,10,9,9,8,10,9,10,9,10,9,9,8,10,9,10,9,10,9,10,10,9,9,8,8,9,9,10,9,9,8,9,8,9,8,8,7,10,10,9,8,10,9,9,8,10,9,9,8,8,6,10,7,10,7,10,8,9,7,9,6,9,5,9,7,8,5,8,5,7,4,7,4,9,6,7,5,6,4,8,6,9,7,7,5,8,6,10,9,9,8,10,9
child_963,0,18,U17,midfielder,medium,good,average,none,medium,excited,38,42,8,9,6,5,5,4,4,6,7,8,6,5,7,8,9,10,8,9,9,9,8,8,9,9,8,8,7,8,9,9,7,7,9,10,8,9,8,7,10,10,10,10,7,8,6,7,6,6,7,8,8,9,5,4,6,7,7,8,7,8,8,8,7,8,8,9,7,8,6,7,7,8,6,7,5,6,5,6,9,10,8,9,9,10,7,8,8,9,9,10,6,5,7,6,5,4,6,5,5,4,4,3,5,4,8,7,5,4,5,4,3,2,3,2,5,4,3,2,2,1,5,4,6,5,4,3,4,3,6,7,7,6,7,6
child_964,0,18,U16,forward,high,neutral,strong,none,low,excited,54,67,9,9,9,8,7,7,8,8,8,9,9,10,8,9,10,10,9,9,6,7,6,7,6,7,6,7,6,8,6,7,6,7,7,8,6,7,6,7,5,8,5,8,9,9,8,8,9,9,9,9,9,9,8,8,8,8,9,9,9,10,8,8,8,9,8,9,8,9,7,7,8,8,7,7,7,7,6,7,9,10,8,9,9,10,7,8,8,9,9,9,6,5,5,6,8,8,8,8,6,6,7,7,6,5,6,6,7,6,7,6,5,5,6,5,8,8,7,7,5,5,7,6,8,8,5,5,6,6,9,9,6,6,8,8
child_965,0,17,U15,mixed,low,neutral,isolated,none,medium,anxious,53,7,8,9,7,10,6,8,5,7,5,8,6,9,6,8,4,6,3,5,5,7,5,7,4,6,5,8,5,8,4,7,6,7,6,8,5,7,5,6,4,7,4,6,3,8,3,7,4,7,4,8,7,9,6,8,5,8,5,8,3,6,5,7,6,8,6,8,5,7,4,6,6,8,6,7,4,6,3,5,4,5,3,6,4,6,4,7,5,8,5,7,3,5,4,6,6,8,5,7,4,6,3,6,5,7,5,7,5,6,4,6,3,5,4,5,5,6,3,5,2,4,4,5,5,7,3,4,4,6,6,8,5,7,5,7
child_966,0,18,U17,goalkeeper,medium,neutral,average,none,medium,excited,51,38,8,8,9,9,7,6,5,8,8,9,6,5,7,8,9,10,8,9,6,7,6,7,6,8,7,8,7,9,6,6,7,7,5,9,7,8,5,6,6,8,6,8,7,8,6,7,8,9,8,9,8,8,5,6,7,8,8,9,8,8,7,8,6,8,7,8,6,7,5,7,6,8,5,7,6,7,6,7,9,10,8,9,8,9,7,8,8,9,8,9,5,6,7,7,6,5,6,5,5,6,4,5,5,5,6,6,6,5,6,5,5,4,4,4,5,5,5,4,4,4,5,5,8,7,5,4,4,3,6,7,6,7,6,6
child_967,0,18,U18,mixed,high,good,average,mild,high,frustrated,57,58,7,8,8,9,6,8,5,7,7,8,8,9,6,8,4,9,4,8,8,9,8,8,7,8,7,9,6,9,7,8,7,8,7,9,6,8,7,7,8,9,8,9,6,8,6,8,5,8,6,8,7,9,7,9,6,8,6,8,5,7,6,8,7,8,7,8,6,8,5,7,6,8,5,7,6,8,5,7,3,9,3,9,4,9,5,8,6,9,5,8,6,7,7,8,7,8,6,7,5,6,6,7,6,7,7,8,6,7,6,7,5,6,5,6,6,7,6,7,5,6,5,6,6,7,5,6,6,7,7,8,7,8,7,8
child_968,0,17,U16,mixed,low,neutral,average,none,low,excited,41,37,8,9,9,10,7,8,8,9,7,8,6,7,8,9,9,10,8,9,6,7,7,8,6,7,7,8,7,9,6,7,7,8,8,9,7,8,7,8,5,7,6,7,8,9,7,8,8,9,8,9,8,9,7,8,8,9,8,9,9,10,8,9,7,8,8,9,8,9,7,8,8,9,7,8,7,8,6,7,9,10,8,9,9,10,7,8,8,9,8,9,7,8,6,7,7,8,7,8,6,7,5,6,6,7,7,8,6,7,5,6,5,6,6,7,7,8,6,7,5,6,6,7,8,9,6,7,7,8,8,9,7,8,7,8
child_969,0,18,U16,mixed,low,neutral,average,none,low,excited,39,39,8,10,7,8,6,7,7,9,8,8,7,6,9,9,9,10,9,9,6,8,6,8,7,7,7,8,7,8,5,6,7,9,8,9,6,7,5,6,6,7,7,9,7,9,6,7,5,6,7,8,8,9,6,5,6,7,7,8,7,8,8,9,8,9,9,9,7,8,7,9,7,8,6,7,7,8,6,7,9,10,8,8,8,9,6,7,7,8,7,7,5,6,6,7,4,5,5,6,5,5,4,4,3,3,6,6,5,5,4,4,3,3,2,2,4,4,3,3,2,2,5,6,8,8,3,3,5,5,5,6,6,7,6,7
child_970,0,16,U17,defender,medium,neutral,strong,none,high,frustrated,58,26,5,7,6,7,4,5,6,8,7,9,5,6,5,8,3,9,2,8,6,7,6,6,5,7,5,7,5,8,5,7,6,8,4,9,5,8,6,7,3,9,2,9,7,8,6,7,5,6,8,8,7,8,5,5,6,6,6,6,4,7,5,9,6,9,5,8,5,7,6,8,5,7,5,8,5,7,5,7,3,9,2,8,4,9,5,6,5,7,4,8,6,5,7,6,5,5,5,5,4,6,3,5,5,4,6,6,5,5,4,4,3,4,2,3,5,6,4,5,2,4,5,6,6,6,4,4,5,5,4,5,6,6,6,7
child_971,0,17,U18,goalkeeper,high,good,isolated,frequent,high,anxious,76,3,5,8,3,5,2,4,4,6,6,7,2,5,5,7,4,9,3,8,7,9,6,8,6,7,6,8,5,7,3,6,6,7,4,9,5,7,6,8,4,9,4,9,3,8,2,7,2,5,3,6,5,8,2,5,3,6,2,5,2,5,6,9,5,8,5,7,4,8,4,7,5,6,5,7,4,7,4,6,5,9,4,8,5,8,6,7,6,8,5,7,5,5,4,6,3,4,3,4,3,5,3,4,4,4,5,6,5,4,4,3,2,3,2,3,3,4,2,3,2,2,3,4,4,5,2,3,2,2,3,5,4,6,4,6
child_972,0,17,U18,defender,medium,bad,strong,none,low,neutral,44,0,6,8,7,7,5,6,4,9,7,8,5,6,6,7,5,8,4,7,2,10,2,9,2,8,3,9,2,9,2,8,4,7,2,10,3,8,3,7,2,10,2,10,8,9,7,8,7,7,8,8,8,9,5,6,6,7,6,6,5,7,6,8,7,9,6,8,6,8,5,7,6,8,6,7,5,8,5,7,4,9,4,8,4,9,5,8,5,8,5,8,6,7,5,6,4,5,4,5,3,6,3,5,4,5,4,6,5,5,5,5,3,4,2,4,4,5,3,4,2,3,5,6,6,7,4,5,3,5,4,6,5,6,5,6
child_973,0,15,U18,mixed,high,good,isolated,mild,high,neutral,50,76,8,9,5,7,4,6,9,8,7,9,4,5,9,10,6,8,5,7,9,9,8,9,8,8,7,8,7,8,6,7,9,9,8,9,8,8,7,8,9,9,9,9,3,6,4,7,4,6,5,7,7,8,5,6,6,7,5,6,4,5,8,9,7,8,9,10,8,9,8,8,9,10,7,8,7,7,6,6,6,8,5,7,6,8,7,7,6,8,7,7,5,6,5,5,4,5,4,5,4,5,3,4,4,5,7,8,6,7,5,6,4,5,3,4,4,5,3,4,2,3,5,6,6,7,4,5,4,5,6,7,5,6,6,7
child_974,0,16,U18,mixed,medium,neutral,isolated,mild,low,excited,32,39,8,9,7,10,6,9,8,8,7,10,5,8,9,9,9,10,8,9,6,7,5,8,6,8,5,7,5,8,4,7,5,6,6,9,6,8,5,6,5,8,5,8,4,8,5,6,4,7,5,9,7,8,6,9,4,6,5,8,5,9,4,6,5,7,8,9,6,8,5,7,8,9,6,7,5,6,4,5,9,10,8,9,9,10,5,7,7,8,6,7,5,4,3,6,6,8,6,8,5,7,6,8,5,5,6,7,6,5,4,4,3,3,4,5,5,8,7,6,3,4,4,5,7,9,5,6,5,8,7,8,6,7,6,7
child_975,0,15,U16,midfielder,low,good,strong,none,high,frustrated,52,72,6,8,9,9,7,7,5,8,6,9,8,9,7,8,3,7,3,6,8,9,8,9,7,8,7,9,8,9,8,9,7,8,8,8,7,8,8,8,8,9,9,9,9,9,7,8,6,8,8,9,8,8,7,8,7,8,8,8,6,8,7,8,7,9,7,8,8,9,5,7,6,7,5,6,6,8,6,7,2,8,3,7,3,7,7,8,6,8,6,7,6,6,8,8,7,8,8,8,7,7,7,6,7,5,8,8,6,5,6,5,5,4,5,4,7,6,6,5,5,4,6,5,8,7,5,5,7,6,8,9,7,8,8,8
child_976,0,17,U16,mixed,medium,good,average,frequent,medium,frustrated,76,6,5,7,6,9,4,8,6,8,7,9,6,8,5,8,4,8,3,7,7,9,7,8,6,8,7,8,6,9,6,8,8,9,9,9,6,8,8,7,9,9,9,9,5,9,4,8,4,8,5,8,6,9,5,9,6,8,5,7,4,7,7,9,6,9,5,8,6,8,6,9,5,8,6,8,7,9,6,8,3,8,4,7,4,8,6,7,5,7,5,8,5,6,4,5,6,8,5,7,6,8,5,7,6,6,6,7,5,5,5,5,4,4,4,3,6,6,5,5,4,3,4,5,5,6,4,4,4,5,6,7,5,6,6,7
child_977,0,16,U16,goalkeeper,medium,neutral,strong,none,low,excited,42,41,8,8,5,4,4,3,9,9,7,8,6,5,7,8,9,9,9,8,6,7,5,6,6,7,7,8,6,7,5,6,6,7,7,8,6,7,5,5,4,5,5,6,8,9,7,8,7,6,8,9,8,9,5,4,7,6,8,7,9,8,9,9,7,8,7,8,8,7,9,9,8,8,8,7,7,8,6,7,9,9,8,8,9,9,7,7,9,8,8,8,5,4,5,4,4,3,5,4,4,3,3,3,4,3,5,4,5,4,4,3,3,2,3,2,4,3,4,3,3,2,4,3,5,4,3,2,4,3,6,7,5,6,5,6
child_978,0,17,U18,goalkeeper,high,good,isolated,mild,medium,anxious,62,40,6,7,4,8,3,6,5,8,7,9,3,5,6,8,5,9,4,8,8,9,7,8,7,7,7,8,6,9,5,6,7,8,5,9,6,8,6,7,5,9,4,9,3,8,4,7,3,6,5,7,6,8,4,5,3,6,4,7,3,6,6,9,7,9,6,8,6,9,5,7,5,8,5,7,6,7,5,6,6,9,5,8,6,9,5,8,7,9,6,8,5,6,4,6,3,5,3,5,4,5,3,4,5,6,4,5,5,5,5,5,3,4,3,4,4,5,4,5,3,4,5,6,3,5,2,4,3,5,4,6,6,8,5,7
child_979,0,18,U17,mixed,low,good,isolated,none,low,excited,34,31,8,9,7,10,6,8,7,9,8,9,5,7,7,8,9,9,8,8,8,10,9,10,7,8,8,9,7,9,8,10,8,9,8,10,9,8,9,9,9,10,9,10,5,7,6,7,5,6,5,7,9,10,6,6,6,7,6,7,6,7,7,8,8,9,7,8,6,8,8,9,8,9,8,9,7,8,7,8,9,10,8,9,9,10,7,8,8,9,8,9,5,5,6,6,4,5,4,5,5,6,5,5,4,5,5,6,4,5,4,5,3,3,3,4,4,5,3,3,2,2,3,3,7,8,4,5,5,6,5,6,5,6,5,6
child_980,0,18,U16,goalkeeper,medium,good,average,none,high,neutral,64,62,6,7,7,9,4,5,8,9,7,8,5,4,5,6,6,9,5,8,8,9,7,8,6,7,7,8,7,8,6,6,8,7,8,9,7,7,6,6,8,9,8,9,6,7,5,6,5,5,6,7,7,7,4,3,6,6,5,5,5,5,7,8,8,9,6,7,7,8,8,9,7,6,6,5,6,7,5,6,5,8,5,7,6,8,5,7,7,9,6,8,5,4,7,7,4,3,4,3,3,2,3,2,3,3,5,6,4,3,4,3,2,1,2,1,3,2,2,1,2,1,3,4,4,5,3,2,3,2,4,5,5,6,5,6
child_981,0,17,U17,defender,medium,bad,average,none,low,excited,17,17,8,9,6,7,5,6,7,8,8,9,5,5,7,8,9,10,8,9,3,9,3,8,2,8,3,8,3,9,4,7,4,8,2,9,3,7,3,7,2,9,2,9,6,7,5,6,5,6,6,8,6,8,4,5,5,7,6,7,6,7,8,9,8,9,7,8,7,8,7,7,6,8,6,8,8,9,7,8,9,10,7,8,9,10,6,7,8,9,8,9,5,6,5,6,4,5,4,5,3,4,3,4,4,5,3,5,4,5,4,5,3,4,2,3,3,4,2,3,2,3,4,5,6,7,3,4,2,3,4,5,6,7,6,7
child_982,0,18,U17,goalkeeper,medium,bad,strong,mild,high,anxious,62,32,7,8,8,7,5,6,6,9,6,8,4,5,6,7,5,9,5,7,2,9,2,9,3,8,3,9,3,9,2,8,3,8,3,9,3,8,3,7,2,9,2,9,8,9,7,7,6,7,8,9,8,9,6,6,7,7,6,6,6,6,8,9,8,10,6,7,7,9,8,10,7,8,7,8,8,9,7,8,6,8,5,7,6,8,7,8,6,7,7,7,5,5,8,8,5,6,5,6,5,6,4,5,5,5,6,6,5,5,5,5,3,4,2,3,5,6,4,5,3,4,4,5,6,6,3,4,4,5,5,6,6,7,6,7
child_983,0,18,U15,forward,medium,good,average,none,medium,excited,30,98,9,8,8,9,7,8,10,10,9,9,9,8,8,9,10,10,9,10,9,9,8,9,9,9,9,9,10,10,8,8,9,9,10,10,10,9,9,8,10,10,10,10,8,9,7,8,9,9,8,9,10,10,9,9,8,9,9,9,10,10,9,10,10,10,8,9,10,10,10,10,9,8,9,9,8,8,8,8,10,10,9,9,10,10,9,9,9,9,9,9,8,7,9,9,10,9,10,9,8,8,9,9,8,7,10,10,8,7,8,7,7,6,7,6,9,8,8,7,6,5,8,7,10,9,7,6,8,7,10,10,9,9,10,10
child_984,0,16,U18,midfielder,medium,bad,average,none,medium,frustrated,59,5,6,7,5,6,4,5,5,8,5,9,4,5,5,8,3,9,2,8,2,10,2,9,3,7,3,8,2,9,2,10,4,8,2,9,3,8,3,7,1,10,1,10,6,7,5,6,4,5,5,6,6,8,5,5,4,6,3,5,2,6,5,8,6,9,5,8,5,7,6,8,5,7,5,6,5,7,5,6,2,10,3,9,2,10,3,8,4,9,3,8,4,6,5,7,4,5,5,6,3,5,3,6,5,4,3,5,5,4,5,4,4,3,3,2,4,5,4,3,3,3,5,6,6,7,3,2,3,3,4,7,5,6,5,6
child_985,0,17,U17,goalkeeper,medium,good,average,frequent,high,happy,47,46,8,9,7,8,6,7,9,10,7,8,5,6,7,8,6,9,5,7,8,9,8,9,7,8,7,8,8,9,5,7,8,9,7,8,7,8,8,9,9,10,9,10,6,7,6,7,5,6,5,6,7,8,6,7,5,6,6,7,5,6,8,9,7,9,6,8,7,9,9,10,7,8,6,7,7,8,7,8,6,9,6,8,5,7,7,8,7,8,6,7,5,6,7,8,5,6,5,6,6,7,5,6,6,7,8,9,6,7,6,7,5,6,4,5,5,6,4,5,3,4,5,6,6,7,4,5,5,6,6,7,7,8,7,8
child_986,0,18,U18,goalkeeper,high,good,average,none,medium,frustrated,59,51,6,8,4,5,3,4,7,9,8,10,5,6,4,7,3,9,2,8,8,9,7,8,6,7,7,8,8,10,6,7,8,9,9,8,7,9,8,9,9,10,9,10,6,7,5,6,4,5,6,7,7,8,3,5,6,8,3,6,2,5,7,9,8,10,4,8,7,9,6,8,5,6,6,8,8,9,7,8,3,10,5,9,3,9,7,8,6,7,5,8,5,4,4,5,3,4,3,4,2,3,2,3,3,4,6,5,5,5,4,5,2,3,1,2,2,3,1,2,1,2,4,6,5,6,3,4,3,4,2,3,6,7,5,6
child_987,0,17,U15,mixed,low,bad,strong,none,high,frustrated,63,14,5,6,8,9,5,6,4,7,6,8,6,5,5,7,3,8,2,7,2,9,2,8,2,7,3,8,3,9,2,8,3,6,2,7,3,7,2,5,1,9,1,9,8,9,7,8,7,8,8,9,9,9,7,6,7,7,6,6,5,6,4,8,5,8,6,7,5,7,5,6,5,7,5,7,4,5,3,4,2,9,3,8,2,9,3,7,2,8,3,8,4,6,5,6,5,6,5,5,4,5,3,5,5,4,6,6,5,4,5,4,3,3,4,3,6,4,5,3,2,3,3,5,4,6,3,3,3,4,5,6,5,6,5,6
child_988,0,15,U15,goalkeeper,medium,neutral,average,none,high,neutral,46,54,6,5,7,8,5,4,7,8,8,9,5,3,6,7,7,9,6,7,6,8,6,7,6,8,7,8,7,9,5,6,7,9,7,9,5,6,6,7,5,9,5,9,6,8,5,6,5,5,6,8,7,8,4,3,6,7,5,6,5,6,8,9,8,9,6,8,7,8,7,8,7,7,6,7,6,7,6,7,7,8,6,7,7,8,5,7,6,9,7,8,4,3,5,4,4,3,4,3,3,2,2,2,3,3,5,5,4,4,3,3,2,2,2,2,3,3,2,2,1,1,3,3,6,7,2,2,3,3,4,5,5,6,5,6
child_989,0,16,U16,defender,high,good,strong,mild,high,excited,16,100,8,7,9,9,7,6,10,9,9,10,8,6,8,8,10,10,10,10,9,9,8,8,9,8,8,8,9,9,10,9,8,8,9,9,8,8,9,8,9,9,10,9,9,9,7,8,8,7,9,9,10,9,8,7,9,8,10,9,10,9,9,8,9,8,8,9,9,8,10,9,8,8,8,8,8,7,8,7,10,10,9,8,9,9,8,8,10,9,9,9,7,6,8,7,9,8,10,9,7,6,8,7,7,6,9,8,6,5,6,5,5,4,7,6,8,7,6,5,5,4,7,6,8,7,5,4,8,7,9,8,10,9,10,9
child_990,0,16,U18,forward,medium,bad,average,none,high,happy,56,52,8,10,9,10,7,9,9,10,7,8,9,10,6,8,5,7,4,6,2,9,2,8,2,9,2,9,2,9,2,8,4,8,2,9,3,7,3,7,2,9,2,9,6,8,7,7,5,7,7,9,7,9,8,10,5,8,6,9,7,9,6,8,6,8,7,9,7,8,8,10,7,9,6,8,5,7,5,7,6,8,5,7,5,7,4,6,6,8,6,8,5,5,8,7,9,10,9,10,6,6,8,9,4,5,5,6,5,5,4,5,3,4,5,5,9,10,6,7,3,4,6,6,7,9,5,6,7,8,9,10,6,7,7,8
child_991,0,16,U18,defender,high,good,isolated,none,low,happy,40,48,8,9,7,8,6,7,7,8,7,9,7,8,8,8,6,9,6,8,9,10,8,9,8,9,8,9,8,9,8,9,7,8,9,9,7,8,9,8,9,10,9,10,5,7,4,6,5,7,5,8,6,8,7,8,6,7,6,8,5,7,7,9,7,9,8,9,7,9,8,9,8,9,7,8,6,8,5,7,6,8,5,7,6,8,7,8,7,8,6,8,5,6,4,6,7,8,7,8,6,7,5,6,6,6,7,8,6,6,5,6,5,5,6,6,7,8,5,6,4,5,6,7,7,8,5,6,5,7,7,8,8,8,8,9
child_992,0,15,U16,forward,medium,bad,average,none,low,neutral,48,7,8,9,9,10,7,8,6,7,5,8,7,8,9,10,5,7,4,6,2,8,2,7,2,8,3,8,2,9,3,6,3,5,1,8,2,7,2,5,1,9,1,9,6,7,6,7,5,6,7,8,7,8,8,9,5,7,6,8,6,8,5,7,6,9,8,10,5,8,7,8,8,9,6,8,5,7,5,7,5,8,5,7,5,7,6,6,5,8,4,7,4,5,3,6,7,9,7,9,5,6,6,8,5,4,5,6,6,5,5,4,5,5,6,6,6,7,6,5,5,5,5,6,7,9,5,5,6,7,7,8,5,7,7,8
child_993,0,17,U17,mixed,low,neutral,isolated,none,low,excited,30,9,8,7,5,9,4,6,7,8,9,10,3,5,7,8,9,10,8,9,6,6,5,7,6,7,6,8,7,9,6,7,8,9,7,8,6,7,5,6,7,8,8,9,4,5,5,6,4,5,5,6,7,8,3,4,5,6,4,5,3,4,8,9,9,10,7,8,8,9,6,7,9,9,8,9,7,8,6,7,9,10,8,9,8,9,7,8,7,8,6,7,5,6,3,4,2,3,2,3,3,4,2,3,4,5,5,6,6,7,5,6,2,3,1,2,2,3,3,4,1,2,2,3,6,7,2,3,2,3,3,4,4,5,5,6
child_994,0,16,U18,forward,medium,good,average,none,high,frustrated,62,53,5,7,4,5,3,4,6,8,7,9,5,6,4,5,3,8,2,6,8,9,7,8,7,7,7,8,6,9,8,9,8,8,6,8,6,8,7,7,7,9,8,9,6,7,5,6,4,6,5,7,7,8,4,5,5,6,4,5,3,4,6,8,7,9,5,6,7,8,6,8,5,6,6,8,7,8,5,7,3,8,4,7,3,6,6,7,6,8,5,7,4,5,5,6,3,4,3,4,4,5,3,4,3,4,5,6,4,5,3,4,3,4,2,3,3,4,2,3,2,3,3,4,5,6,3,4,2,3,4,5,5,6,6,7
child_995,0,15,U16,mixed,medium,good,strong,mild,low,excited,40,58,9,8,9,9,7,6,5,7,8,8,9,8,8,7,9,9,9,8,8,9,8,8,7,8,8,8,8,9,8,8,7,8,8,8,7,7,7,7,8,9,9,9,8,9,8,8,8,7,9,9,9,9,7,6,8,8,8,7,9,8,8,9,7,8,8,8,8,8,7,8,7,7,6,7,6,6,6,6,9,9,8,7,9,8,8,8,8,8,8,7,7,6,8,7,6,5,6,5,5,5,5,6,5,5,6,5,5,5,5,5,4,4,4,4,5,6,5,5,4,4,6,5,8,8,5,5,7,7,7,7,6,6,6,6
child_996,0,16,U16,goalkeeper,medium,neutral,strong,mild,low,excited,33,23,9,8,8,7,7,6,6,9,8,9,7,5,8,8,9,10,9,10,6,6,6,7,7,8,7,7,6,8,7,7,7,7,5,8,7,7,6,6,5,9,6,7,8,7,7,6,7,6,8,8,8,8,6,5,8,7,8,8,9,9,8,9,8,9,8,8,8,8,7,8,7,7,6,7,7,7,7,6,9,10,8,8,8,9,7,7,7,8,8,8,6,5,6,6,5,5,5,5,4,4,5,5,5,4,6,6,5,5,5,5,4,4,5,5,5,5,5,4,4,4,5,5,7,7,5,5,6,6,6,7,6,6,6,7
child_997,0,16,U17,mixed,high,good,average,none,low,excited,42,69,8,9,9,10,7,8,7,8,9,9,8,9,8,8,9,9,8,8,8,9,9,9,9,8,9,8,9,9,9,8,8,9,9,10,8,8,8,9,9,10,9,10,8,9,7,8,7,8,8,9,9,9,8,8,8,8,8,8,9,9,8,9,9,10,8,8,8,9,7,8,8,9,7,8,8,8,8,8,9,10,8,8,9,9,8,8,9,10,8,9,7,6,7,8,8,9,9,9,7,8,8,8,6,6,8,9,5,5,5,5,6,7,5,5,8,8,7,6,6,7,7,7,9,8,6,5,8,7,9,9,8,8,8,9
child_998,0,15,U15,midfielder,medium,bad,average,mild,low,excited,38,23,8,9,6,7,5,6,7,8,8,9,8,9,9,8,9,10,8,9,3,10,2,9,3,9,2,9,3,9,2,10,4,8,4,9,5,8,2,9,1,10,1,10,6,7,5,6,7,8,6,7,7,8,7,7,5,7,7,8,8,9,7,8,8,9,9,9,8,9,7,8,7,8,6,8,6,7,5,6,9,10,8,9,9,10,7,8,8,9,7,8,5,6,4,7,8,8,7,8,6,6,5,6,5,5,4,6,6,5,5,5,5,5,4,4,8,8,6,6,5,5,5,5,7,8,4,4,6,6,7,8,6,7,6,7
child_999,0,18,U17,mixed,low,neutral,isolated,frequent,high,happy,40,18,8,9,6,9,3,8,9,10,6,8,4,7,7,8,5,7,4,6,6,7,5,8,5,6,6,8,5,7,5,8,6,8,4,9,5,6,5,5,4,9,3,10,3,9,4,8,4,7,4,9,7,9,3,6,4,8,4,7,5,6,7,9,7,8,8,9,6,8,8,9,5,7,6,8,5,7,5,6,5,8,5,7,6,9,5,7,6,8,6,8,5,6,6,5,4,5,5,5,4,6,3,5,4,4,5,6,5,4,5,4,3,3,2,3,4,5,3,4,3,3,4,5,6,7,3,3,4,5,4,5,5,6,5,6
